title:Deadworld

// The Martlet ()
dimwishlist:item=877384&perks=839105230,1431678320,776531651,2048641572
dimwishlist:item=877384&perks=839105230,1431678320,776531651,2109543898
dimwishlist:item=877384&perks=839105230,1431678320,776531651,1134488199
dimwishlist:item=877384&perks=839105230,1431678320,3824105627,2048641572
dimwishlist:item=877384&perks=839105230,1431678320,3824105627,2109543898
dimwishlist:item=877384&perks=839105230,1431678320,3824105627,1134488199
imwishlist:item=877384&perks=1840239774,1431678320,776531651,2048641572
dimwishlist:item=877384&perks=1840239774,1431678320,776531651,2109543898
dimwishlist:item=877384&perks=1840239774,1431678320,776531651,1134488199
dimwishlist:item=877384&perks=1840239774,1431678320,3824105627,2048641572
dimwishlist:item=877384&perks=1840239774,1431678320,3824105627,2109543898
dimwishlist:item=877384&perks=1840239774,1431678320,3824105627,1134488199

// Mint Retrograde ()
dimwishlist:item=42435996&perks=1478423395,106909392,2859149211,923806249
dimwishlist:item=42435996&perks=1478423395,106909392,2859149211,2396489472
dimwishlist:item=42435996&perks=1478423395,106909392,2859149211,3081867624
dimwishlist:item=42435996&perks=1478423395,106909392,831391274,923806249
dimwishlist:item=42435996&perks=1478423395,106909392,831391274,2396489472
dimwishlist:item=42435996&perks=1478423395,106909392,831391274,3081867624
dimwishlist:item=42435996&perks=1478423395,2420895100,2859149211,923806249
dimwishlist:item=42435996&perks=1478423395,2420895100,2859149211,2396489472
dimwishlist:item=42435996&perks=1478423395,2420895100,2859149211,3081867624
dimwishlist:item=42435996&perks=1478423395,2420895100,831391274,923806249
dimwishlist:item=42435996&perks=1478423395,2420895100,831391274,2396489472
dimwishlist:item=42435996&perks=1478423395,2420895100,831391274,3081867624
dimwishlist:item=42435996&perks=3525010810,106909392,2859149211,923806249
dimwishlist:item=42435996&perks=3525010810,106909392,2859149211,2396489472
dimwishlist:item=42435996&perks=3525010810,106909392,2859149211,3081867624
dimwishlist:item=42435996&perks=3525010810,106909392,831391274,923806249
dimwishlist:item=42435996&perks=3525010810,106909392,831391274,2396489472
dimwishlist:item=42435996&perks=3525010810,106909392,831391274,3081867624
dimwishlist:item=42435996&perks=3525010810,2420895100,2859149211,923806249
dimwishlist:item=42435996&perks=3525010810,2420895100,2859149211,2396489472
dimwishlist:item=42435996&perks=3525010810,2420895100,2859149211,3081867624
dimwishlist:item=42435996&perks=3525010810,2420895100,831391274,923806249
dimwishlist:item=42435996&perks=3525010810,2420895100,831391274,2396489472
dimwishlist:item=42435996&perks=3525010810,2420895100,831391274,3081867624


// Blast Furnace ()
dimwishlist:item=52683113&perks=839105230,1431678320,2289534249,3824105627
dimwishlist:item=52683113&perks=839105230,1431678320,2289534249,3640170453
dimwishlist:item=52683113&perks=839105230,1431678320,3891536761,3824105627
dimwishlist:item=52683113&perks=839105230,1431678320,3891536761,3640170453
dimwishlist:item=52683113&perks=839105230,1431678320,1202584452,3824105627
dimwishlist:item=52683113&perks=839105230,1431678320,1202584452,3640170453
dimwishlist:item=52683113&perks=839105230,1431678320,2138673996,3824105627
dimwishlist:item=52683113&perks=839105230,1431678320,2138673996,3640170453
imwishlist:item=52683113&perks=1840239774,1431678320,2289534249,3824105627
dimwishlist:item=52683113&perks=1840239774,1431678320,2289534249,3640170453
dimwishlist:item=52683113&perks=1840239774,1431678320,3891536761,3824105627
dimwishlist:item=52683113&perks=1840239774,1431678320,3891536761,3640170453
dimwishlist:item=52683113&perks=1840239774,1431678320,1202584452,3824105627
dimwishlist:item=52683113&perks=1840239774,1431678320,1202584452,3640170453
dimwishlist:item=52683113&perks=1840239774,1431678320,2138673996,3824105627
dimwishlist:item=52683113&perks=1840239774,1431678320,2138673996,3640170453

// The Title ()
dimwishlist:item=55393445&perks=839105230,1431678320,776531651,2048641572
dimwishlist:item=55393445&perks=839105230,1431678320,776531651,3708227201
imwishlist:item=55393445&perks=839105230,1561002382,776531651,2048641572
dimwishlist:item=55393445&perks=839105230,1561002382,776531651,3708227201
dimwishlist:item=55393445&perks=1840239774,1431678320,776531651,2048641572
dimwishlist:item=55393445&perks=1840239774,1431678320,776531651,3708227201
imwishlist:item=55393445&perks=1840239774,1561002382,776531651,2048641572
dimwishlist:item=55393445&perks=1840239774,1561002382,776531651,3708227201


// Service Revolver ()
dimwishlist:item=59060498&perks=1840239774,1431678320,3700496672,3891536761,3713579091
dimwishlist:item=59060498&perks=1840239774,1431678320,3700496672,3891536761,2671305723
dimwishlist:item=59060498&perks=1840239774,1431678320,3700496672,3038247973,3713579091
dimwishlist:item=59060498&perks=1840239774,1431678320,3700496672,3038247973,2671305723
dimwishlist:item=59060498&perks=1840239774,1431678320,3700496672,64866129,3713579091
dimwishlist:item=59060498&perks=1840239774,1431678320,3700496672,64866129,2671305723
dimwishlist:item=59060498&perks=1840239774,1431678320,1517798362,3891536761,3713579091
dimwishlist:item=59060498&perks=1840239774,1431678320,1517798362,3891536761,2671305723
dimwishlist:item=59060498&perks=1840239774,1431678320,1517798362,3038247973,3713579091
dimwishlist:item=59060498&perks=1840239774,1431678320,1517798362,3038247973,2671305723
dimwishlist:item=59060498&perks=1840239774,1431678320,1517798362,64866129,3713579091
dimwishlist:item=59060498&perks=1840239774,1431678320,1517798362,64866129,2671305723

// Nation of Beasts ()
dimwishlist:item=70083888&perks=1840239774,1431678320,654512643,2173046394
dimwishlist:item=70083888&perks=1840239774,1431678320,654512643,3966416502
dimwishlist:item=70083888&perks=1840239774,1431678320,654512643,3038247973
dimwishlist:item=70083888&perks=1840239774,1431678320,654512643,64866129
dimwishlist:item=70083888&perks=1840239774,1431678320,4065965131,2173046394
dimwishlist:item=70083888&perks=1840239774,1431678320,4065965131,3966416502
dimwishlist:item=70083888&perks=1840239774,1431678320,4065965131,3038247973
dimwishlist:item=70083888&perks=1840239774,1431678320,4065965131,64866129
dimwishlist:item=70083888&perks=1840239774,1431678320,2848615171,2173046394
dimwishlist:item=70083888&perks=1840239774,1431678320,2848615171,3966416502
dimwishlist:item=70083888&perks=1840239774,1431678320,2848615171,3038247973
dimwishlist:item=70083888&perks=1840239774,1431678320,2848615171,64866129
dimwishlist:item=70083888&perks=1840239774,1431678320,169755979,2173046394
dimwishlist:item=70083888&perks=1840239774,1431678320,169755979,3966416502
dimwishlist:item=70083888&perks=1840239774,1431678320,169755979,3038247973
dimwishlist:item=70083888&perks=1840239774,1431678320,169755979,64866129

// Voltaic Shade ()
dimwishlist:item=71057630&perks=1840239774,1080094173,3966416502,2173046394
dimwishlist:item=71057630&perks=1840239774,1080094173,3966416502,657025441
dimwishlist:item=71057630&perks=1840239774,1080094173,3966416502,4196156997
dimwishlist:item=71057630&perks=1840239774,1080094173,3700496672,2173046394
dimwishlist:item=71057630&perks=1840239774,1080094173,3700496672,657025441
dimwishlist:item=71057630&perks=1840239774,1080094173,3700496672,4196156997
dimwishlist:item=71057630&perks=1840239774,2126519017,3966416502,2173046394
dimwishlist:item=71057630&perks=1840239774,2126519017,3966416502,657025441
dimwishlist:item=71057630&perks=1840239774,2126519017,3966416502,4196156997
dimwishlist:item=71057630&perks=1840239774,2126519017,3700496672,2173046394
dimwishlist:item=71057630&perks=1840239774,2126519017,3700496672,657025441
dimwishlist:item=71057630&perks=1840239774,2126519017,3700496672,4196156997


// Gunburn ()
dimwishlist:item=72775246&perks=839105230,1431678320,2289534249,3891536761
dimwishlist:item=72775246&perks=839105230,1431678320,2289534249,1202584452
dimwishlist:item=72775246&perks=839105230,1431678320,2289534249,2138673996
dimwishlist:item=72775246&perks=839105230,1431678320,1570399071,3891536761
dimwishlist:item=72775246&perks=839105230,1431678320,1570399071,1202584452
dimwishlist:item=72775246&perks=839105230,1431678320,1570399071,2138673996
dimwishlist:item=72775246&perks=839105230,1431678320,1661646271,3891536761
dimwishlist:item=72775246&perks=839105230,1431678320,1661646271,1202584452
dimwishlist:item=72775246&perks=839105230,1431678320,1661646271,2138673996
imwishlist:item=72775246&perks=1840239774,1431678320,2289534249,3891536761
dimwishlist:item=72775246&perks=1840239774,1431678320,2289534249,1202584452
dimwishlist:item=72775246&perks=1840239774,1431678320,2289534249,2138673996
dimwishlist:item=72775246&perks=1840239774,1431678320,1570399071,3891536761
dimwishlist:item=72775246&perks=1840239774,1431678320,1570399071,1202584452
dimwishlist:item=72775246&perks=1840239774,1431678320,1570399071,2138673996
dimwishlist:item=72775246&perks=1840239774,1431678320,1661646271,3891536761
dimwishlist:item=72775246&perks=1840239774,1431678320,1661646271,1202584452
dimwishlist:item=72775246&perks=1840239774,1431678320,1661646271,2138673996

// Word of Crota ()
dimwishlist:item=120706239&perks=1840239774,1431678320,2848615171,2048641572
dimwishlist:item=120706239&perks=1840239774,1431678320,2848615171,3081867624
dimwishlist:item=120706239&perks=1840239774,1431678320,169755979,2048641572
dimwishlist:item=120706239&perks=1840239774,1431678320,169755979,3081867624
dimwishlist:item=120706239&perks=1840239774,1431678320,776531651,2048641572
dimwishlist:item=120706239&perks=1840239774,1431678320,776531651,3081867624
dimwishlist:item=120706239&perks=1840239774,1431678320,4019266109,2048641572
dimwishlist:item=120706239&perks=1840239774,1431678320,4019266109,3081867624

// Psi Aeterna IV ()
dimwishlist:item=135971347&perks=1478423395,106909392,1017229899,11612903,3713579091
dimwishlist:item=135971347&perks=1478423395,106909392,1017229899,11612903,2671305723
dimwishlist:item=135971347&perks=1478423395,106909392,1017229899,2422968039,3713579091
dimwishlist:item=135971347&perks=1478423395,106909392,1017229899,2422968039,2671305723
dimwishlist:item=135971347&perks=1478423395,106909392,1017229899,4049631843,3713579091
dimwishlist:item=135971347&perks=1478423395,106909392,1017229899,4049631843,2671305723
dimwishlist:item=135971347&perks=1478423395,106909392,1017229899,859780267,3713579091
dimwishlist:item=135971347&perks=1478423395,106909392,1017229899,859780267,2671305723
dimwishlist:item=135971347&perks=1478423395,106909392,1017229899,3218042543,3713579091
dimwishlist:item=135971347&perks=1478423395,106909392,1017229899,3218042543,2671305723
dimwishlist:item=135971347&perks=1478423395,106909392,1017229899,2633604463,3713579091
dimwishlist:item=135971347&perks=1478423395,106909392,1017229899,2633604463,2671305723
dimwishlist:item=135971347&perks=1478423395,106909392,2859149211,11612903,3713579091
dimwishlist:item=135971347&perks=1478423395,106909392,2859149211,11612903,2671305723
dimwishlist:item=135971347&perks=1478423395,106909392,2859149211,2422968039,3713579091
dimwishlist:item=135971347&perks=1478423395,106909392,2859149211,2422968039,2671305723
dimwishlist:item=135971347&perks=1478423395,106909392,2859149211,4049631843,3713579091
dimwishlist:item=135971347&perks=1478423395,106909392,2859149211,4049631843,2671305723
dimwishlist:item=135971347&perks=1478423395,106909392,2859149211,859780267,3713579091
dimwishlist:item=135971347&perks=1478423395,106909392,2859149211,859780267,2671305723
dimwishlist:item=135971347&perks=1478423395,106909392,2859149211,3218042543,3713579091
dimwishlist:item=135971347&perks=1478423395,106909392,2859149211,3218042543,2671305723
dimwishlist:item=135971347&perks=1478423395,106909392,2859149211,2633604463,3713579091
dimwishlist:item=135971347&perks=1478423395,106909392,2859149211,2633604463,2671305723
dimwishlist:item=135971347&perks=1478423395,106909392,1115162408,11612903,3713579091
dimwishlist:item=135971347&perks=1478423395,106909392,1115162408,11612903,2671305723
dimwishlist:item=135971347&perks=1478423395,106909392,1115162408,2422968039,3713579091
dimwishlist:item=135971347&perks=1478423395,106909392,1115162408,2422968039,2671305723
dimwishlist:item=135971347&perks=1478423395,106909392,1115162408,4049631843,3713579091
dimwishlist:item=135971347&perks=1478423395,106909392,1115162408,4049631843,2671305723
dimwishlist:item=135971347&perks=1478423395,106909392,1115162408,859780267,3713579091
dimwishlist:item=135971347&perks=1478423395,106909392,1115162408,859780267,2671305723
dimwishlist:item=135971347&perks=1478423395,106909392,1115162408,3218042543,3713579091
dimwishlist:item=135971347&perks=1478423395,106909392,1115162408,3218042543,2671305723
dimwishlist:item=135971347&perks=1478423395,106909392,1115162408,2633604463,3713579091
dimwishlist:item=135971347&perks=1478423395,106909392,1115162408,2633604463,2671305723
dimwishlist:item=135971347&perks=1478423395,106909392,511499160,11612903,3713579091
dimwishlist:item=135971347&perks=1478423395,106909392,511499160,11612903,2671305723
dimwishlist:item=135971347&perks=1478423395,106909392,511499160,2422968039,3713579091
dimwishlist:item=135971347&perks=1478423395,106909392,511499160,2422968039,2671305723
dimwishlist:item=135971347&perks=1478423395,106909392,511499160,4049631843,3713579091
dimwishlist:item=135971347&perks=1478423395,106909392,511499160,4049631843,2671305723
dimwishlist:item=135971347&perks=1478423395,106909392,511499160,859780267,3713579091
dimwishlist:item=135971347&perks=1478423395,106909392,511499160,859780267,2671305723
dimwishlist:item=135971347&perks=1478423395,106909392,511499160,3218042543,3713579091
dimwishlist:item=135971347&perks=1478423395,106909392,511499160,3218042543,2671305723
dimwishlist:item=135971347&perks=1478423395,106909392,511499160,2633604463,3713579091
dimwishlist:item=135971347&perks=1478423395,106909392,511499160,2633604463,2671305723
dimwishlist:item=135971347&perks=1478423395,2420895100,1017229899,11612903,3713579091
dimwishlist:item=135971347&perks=1478423395,2420895100,1017229899,11612903,2671305723
dimwishlist:item=135971347&perks=1478423395,2420895100,1017229899,2422968039,3713579091
dimwishlist:item=135971347&perks=1478423395,2420895100,1017229899,2422968039,2671305723
dimwishlist:item=135971347&perks=1478423395,2420895100,1017229899,4049631843,3713579091
dimwishlist:item=135971347&perks=1478423395,2420895100,1017229899,4049631843,2671305723
dimwishlist:item=135971347&perks=1478423395,2420895100,1017229899,859780267,3713579091
dimwishlist:item=135971347&perks=1478423395,2420895100,1017229899,859780267,2671305723
dimwishlist:item=135971347&perks=1478423395,2420895100,1017229899,3218042543,3713579091
dimwishlist:item=135971347&perks=1478423395,2420895100,1017229899,3218042543,2671305723
dimwishlist:item=135971347&perks=1478423395,2420895100,1017229899,2633604463,3713579091
dimwishlist:item=135971347&perks=1478423395,2420895100,1017229899,2633604463,2671305723
dimwishlist:item=135971347&perks=1478423395,2420895100,2859149211,11612903,3713579091
dimwishlist:item=135971347&perks=1478423395,2420895100,2859149211,11612903,2671305723
dimwishlist:item=135971347&perks=1478423395,2420895100,2859149211,2422968039,3713579091
dimwishlist:item=135971347&perks=1478423395,2420895100,2859149211,2422968039,2671305723
dimwishlist:item=135971347&perks=1478423395,2420895100,2859149211,4049631843,3713579091
dimwishlist:item=135971347&perks=1478423395,2420895100,2859149211,4049631843,2671305723
dimwishlist:item=135971347&perks=1478423395,2420895100,2859149211,859780267,3713579091
dimwishlist:item=135971347&perks=1478423395,2420895100,2859149211,859780267,2671305723
dimwishlist:item=135971347&perks=1478423395,2420895100,2859149211,3218042543,3713579091
dimwishlist:item=135971347&perks=1478423395,2420895100,2859149211,3218042543,2671305723
dimwishlist:item=135971347&perks=1478423395,2420895100,2859149211,2633604463,3713579091
dimwishlist:item=135971347&perks=1478423395,2420895100,2859149211,2633604463,2671305723
dimwishlist:item=135971347&perks=1478423395,2420895100,1115162408,11612903,3713579091
dimwishlist:item=135971347&perks=1478423395,2420895100,1115162408,11612903,2671305723
dimwishlist:item=135971347&perks=1478423395,2420895100,1115162408,2422968039,3713579091
dimwishlist:item=135971347&perks=1478423395,2420895100,1115162408,2422968039,2671305723
dimwishlist:item=135971347&perks=1478423395,2420895100,1115162408,4049631843,3713579091
dimwishlist:item=135971347&perks=1478423395,2420895100,1115162408,4049631843,2671305723
dimwishlist:item=135971347&perks=1478423395,2420895100,1115162408,859780267,3713579091
dimwishlist:item=135971347&perks=1478423395,2420895100,1115162408,859780267,2671305723
dimwishlist:item=135971347&perks=1478423395,2420895100,1115162408,3218042543,3713579091
dimwishlist:item=135971347&perks=1478423395,2420895100,1115162408,3218042543,2671305723
dimwishlist:item=135971347&perks=1478423395,2420895100,1115162408,2633604463,3713579091
dimwishlist:item=135971347&perks=1478423395,2420895100,1115162408,2633604463,2671305723
dimwishlist:item=135971347&perks=1478423395,2420895100,511499160,11612903,3713579091
dimwishlist:item=135971347&perks=1478423395,2420895100,511499160,11612903,2671305723
dimwishlist:item=135971347&perks=1478423395,2420895100,511499160,2422968039,3713579091
dimwishlist:item=135971347&perks=1478423395,2420895100,511499160,2422968039,2671305723
dimwishlist:item=135971347&perks=1478423395,2420895100,511499160,4049631843,3713579091
dimwishlist:item=135971347&perks=1478423395,2420895100,511499160,4049631843,2671305723
dimwishlist:item=135971347&perks=1478423395,2420895100,511499160,859780267,3713579091
dimwishlist:item=135971347&perks=1478423395,2420895100,511499160,859780267,2671305723
dimwishlist:item=135971347&perks=1478423395,2420895100,511499160,3218042543,3713579091
dimwishlist:item=135971347&perks=1478423395,2420895100,511499160,3218042543,2671305723
dimwishlist:item=135971347&perks=1478423395,2420895100,511499160,2633604463,3713579091
dimwishlist:item=135971347&perks=1478423395,2420895100,511499160,2633604463,2671305723
dimwishlist:item=135971347&perks=3525010810,106909392,1017229899,11612903,3713579091
dimwishlist:item=135971347&perks=3525010810,106909392,1017229899,11612903,2671305723
dimwishlist:item=135971347&perks=3525010810,106909392,1017229899,2422968039,3713579091
dimwishlist:item=135971347&perks=3525010810,106909392,1017229899,2422968039,2671305723
dimwishlist:item=135971347&perks=3525010810,106909392,1017229899,4049631843,3713579091
dimwishlist:item=135971347&perks=3525010810,106909392,1017229899,4049631843,2671305723
dimwishlist:item=135971347&perks=3525010810,106909392,1017229899,859780267,3713579091
dimwishlist:item=135971347&perks=3525010810,106909392,1017229899,859780267,2671305723
dimwishlist:item=135971347&perks=3525010810,106909392,1017229899,3218042543,3713579091
dimwishlist:item=135971347&perks=3525010810,106909392,1017229899,3218042543,2671305723
dimwishlist:item=135971347&perks=3525010810,106909392,1017229899,2633604463,3713579091
dimwishlist:item=135971347&perks=3525010810,106909392,1017229899,2633604463,2671305723
dimwishlist:item=135971347&perks=3525010810,106909392,2859149211,11612903,3713579091
dimwishlist:item=135971347&perks=3525010810,106909392,2859149211,11612903,2671305723
dimwishlist:item=135971347&perks=3525010810,106909392,2859149211,2422968039,3713579091
dimwishlist:item=135971347&perks=3525010810,106909392,2859149211,2422968039,2671305723
dimwishlist:item=135971347&perks=3525010810,106909392,2859149211,4049631843,3713579091
dimwishlist:item=135971347&perks=3525010810,106909392,2859149211,4049631843,2671305723
dimwishlist:item=135971347&perks=3525010810,106909392,2859149211,859780267,3713579091
dimwishlist:item=135971347&perks=3525010810,106909392,2859149211,859780267,2671305723
dimwishlist:item=135971347&perks=3525010810,106909392,2859149211,3218042543,3713579091
dimwishlist:item=135971347&perks=3525010810,106909392,2859149211,3218042543,2671305723
dimwishlist:item=135971347&perks=3525010810,106909392,2859149211,2633604463,3713579091
dimwishlist:item=135971347&perks=3525010810,106909392,2859149211,2633604463,2671305723
dimwishlist:item=135971347&perks=3525010810,106909392,1115162408,11612903,3713579091
dimwishlist:item=135971347&perks=3525010810,106909392,1115162408,11612903,2671305723
dimwishlist:item=135971347&perks=3525010810,106909392,1115162408,2422968039,3713579091
dimwishlist:item=135971347&perks=3525010810,106909392,1115162408,2422968039,2671305723
dimwishlist:item=135971347&perks=3525010810,106909392,1115162408,4049631843,3713579091
dimwishlist:item=135971347&perks=3525010810,106909392,1115162408,4049631843,2671305723
dimwishlist:item=135971347&perks=3525010810,106909392,1115162408,859780267,3713579091
dimwishlist:item=135971347&perks=3525010810,106909392,1115162408,859780267,2671305723
dimwishlist:item=135971347&perks=3525010810,106909392,1115162408,3218042543,3713579091
dimwishlist:item=135971347&perks=3525010810,106909392,1115162408,3218042543,2671305723
dimwishlist:item=135971347&perks=3525010810,106909392,1115162408,2633604463,3713579091
dimwishlist:item=135971347&perks=3525010810,106909392,1115162408,2633604463,2671305723
dimwishlist:item=135971347&perks=3525010810,106909392,511499160,11612903,3713579091
dimwishlist:item=135971347&perks=3525010810,106909392,511499160,11612903,2671305723
dimwishlist:item=135971347&perks=3525010810,106909392,511499160,2422968039,3713579091
dimwishlist:item=135971347&perks=3525010810,106909392,511499160,2422968039,2671305723
dimwishlist:item=135971347&perks=3525010810,106909392,511499160,4049631843,3713579091
dimwishlist:item=135971347&perks=3525010810,106909392,511499160,4049631843,2671305723
dimwishlist:item=135971347&perks=3525010810,106909392,511499160,859780267,3713579091
dimwishlist:item=135971347&perks=3525010810,106909392,511499160,859780267,2671305723
dimwishlist:item=135971347&perks=3525010810,106909392,511499160,3218042543,3713579091
dimwishlist:item=135971347&perks=3525010810,106909392,511499160,3218042543,2671305723
dimwishlist:item=135971347&perks=3525010810,106909392,511499160,2633604463,3713579091
dimwishlist:item=135971347&perks=3525010810,106909392,511499160,2633604463,2671305723
dimwishlist:item=135971347&perks=3525010810,2420895100,1017229899,11612903,3713579091
dimwishlist:item=135971347&perks=3525010810,2420895100,1017229899,11612903,2671305723
dimwishlist:item=135971347&perks=3525010810,2420895100,1017229899,2422968039,3713579091
dimwishlist:item=135971347&perks=3525010810,2420895100,1017229899,2422968039,2671305723
dimwishlist:item=135971347&perks=3525010810,2420895100,1017229899,4049631843,3713579091
dimwishlist:item=135971347&perks=3525010810,2420895100,1017229899,4049631843,2671305723
dimwishlist:item=135971347&perks=3525010810,2420895100,1017229899,859780267,3713579091
dimwishlist:item=135971347&perks=3525010810,2420895100,1017229899,859780267,2671305723
dimwishlist:item=135971347&perks=3525010810,2420895100,1017229899,3218042543,3713579091
dimwishlist:item=135971347&perks=3525010810,2420895100,1017229899,3218042543,2671305723
dimwishlist:item=135971347&perks=3525010810,2420895100,1017229899,2633604463,3713579091
dimwishlist:item=135971347&perks=3525010810,2420895100,1017229899,2633604463,2671305723
dimwishlist:item=135971347&perks=3525010810,2420895100,2859149211,11612903,3713579091
dimwishlist:item=135971347&perks=3525010810,2420895100,2859149211,11612903,2671305723
dimwishlist:item=135971347&perks=3525010810,2420895100,2859149211,2422968039,3713579091
dimwishlist:item=135971347&perks=3525010810,2420895100,2859149211,2422968039,2671305723
dimwishlist:item=135971347&perks=3525010810,2420895100,2859149211,4049631843,3713579091
dimwishlist:item=135971347&perks=3525010810,2420895100,2859149211,4049631843,2671305723
dimwishlist:item=135971347&perks=3525010810,2420895100,2859149211,859780267,3713579091
dimwishlist:item=135971347&perks=3525010810,2420895100,2859149211,859780267,2671305723
dimwishlist:item=135971347&perks=3525010810,2420895100,2859149211,3218042543,3713579091
dimwishlist:item=135971347&perks=3525010810,2420895100,2859149211,3218042543,2671305723
dimwishlist:item=135971347&perks=3525010810,2420895100,2859149211,2633604463,3713579091
dimwishlist:item=135971347&perks=3525010810,2420895100,2859149211,2633604463,2671305723
dimwishlist:item=135971347&perks=3525010810,2420895100,1115162408,11612903,3713579091
dimwishlist:item=135971347&perks=3525010810,2420895100,1115162408,11612903,2671305723
dimwishlist:item=135971347&perks=3525010810,2420895100,1115162408,2422968039,3713579091
dimwishlist:item=135971347&perks=3525010810,2420895100,1115162408,2422968039,2671305723
dimwishlist:item=135971347&perks=3525010810,2420895100,1115162408,4049631843,3713579091
dimwishlist:item=135971347&perks=3525010810,2420895100,1115162408,4049631843,2671305723
dimwishlist:item=135971347&perks=3525010810,2420895100,1115162408,859780267,3713579091
dimwishlist:item=135971347&perks=3525010810,2420895100,1115162408,859780267,2671305723
dimwishlist:item=135971347&perks=3525010810,2420895100,1115162408,3218042543,3713579091
dimwishlist:item=135971347&perks=3525010810,2420895100,1115162408,3218042543,2671305723
dimwishlist:item=135971347&perks=3525010810,2420895100,1115162408,2633604463,3713579091
dimwishlist:item=135971347&perks=3525010810,2420895100,1115162408,2633604463,2671305723
dimwishlist:item=135971347&perks=3525010810,2420895100,511499160,11612903,3713579091
dimwishlist:item=135971347&perks=3525010810,2420895100,511499160,11612903,2671305723
dimwishlist:item=135971347&perks=3525010810,2420895100,511499160,2422968039,3713579091
dimwishlist:item=135971347&perks=3525010810,2420895100,511499160,2422968039,2671305723
dimwishlist:item=135971347&perks=3525010810,2420895100,511499160,4049631843,3713579091
dimwishlist:item=135971347&perks=3525010810,2420895100,511499160,4049631843,2671305723
dimwishlist:item=135971347&perks=3525010810,2420895100,511499160,859780267,3713579091
dimwishlist:item=135971347&perks=3525010810,2420895100,511499160,859780267,2671305723
dimwishlist:item=135971347&perks=3525010810,2420895100,511499160,3218042543,3713579091
dimwishlist:item=135971347&perks=3525010810,2420895100,511499160,3218042543,2671305723
dimwishlist:item=135971347&perks=3525010810,2420895100,511499160,2633604463,3713579091
dimwishlist:item=135971347&perks=3525010810,2420895100,511499160,2633604463,2671305723


// Adjudicator ()
dimwishlist:item=140914741&perks=839105230,1431678320,243981275,3891536761
imwishlist:item=140914741&perks=1840239774,1431678320,243981275,3891536761

// Omniscient Eye ()
dimwishlist:item=147444292&perks=1840239774,106909392,1354429876,555281244
dimwishlist:item=147444292&perks=1840239774,106909392,1354429876,332733060
dimwishlist:item=147444292&perks=1840239774,106909392,1354429876,1089671869
dimwishlist:item=147444292&perks=1840239774,106909392,1556840489,555281244
dimwishlist:item=147444292&perks=1840239774,106909392,1556840489,332733060
dimwishlist:item=147444292&perks=1840239774,106909392,1556840489,1089671869


// Critical Anomaly (Adept) ()
dimwishlist:item=172461430&perks=1840239774,2420895100,3425386926,3640170453
dimwishlist:item=172461430&perks=1840239774,2420895100,3425386926,2305480722
dimwishlist:item=172461430&perks=1840239774,2420895100,2978966579,3640170453
dimwishlist:item=172461430&perks=1840239774,2420895100,2978966579,2305480722
dimwishlist:item=172461430&perks=1840239774,2420895100,344235611,3640170453
dimwishlist:item=172461430&perks=1840239774,2420895100,344235611,2305480722


// No Survivors (Adept) ()
dimwishlist:item=189194532&perks=839105230,1431678320,243981275,4293542123
dimwishlist:item=189194532&perks=839105230,1431678320,3017780555,4293542123
imwishlist:item=189194532&perks=839105230,1561002382,243981275,4293542123
dimwishlist:item=189194532&perks=839105230,1561002382,3017780555,4293542123
dimwishlist:item=189194532&perks=1840239774,1431678320,243981275,4293542123
dimwishlist:item=189194532&perks=1840239774,1431678320,3017780555,4293542123
imwishlist:item=189194532&perks=1840239774,1561002382,243981275,4293542123
dimwishlist:item=189194532&perks=1840239774,1561002382,3017780555,4293542123


// The Slammer ()
dimwishlist:item=189854537&perks=938542991,2349202967,2077819806,3650930298,2697390518
dimwishlist:item=189854537&perks=938542991,2349202967,2077819806,3650930298,1847323754
dimwishlist:item=189854537&perks=938542991,2349202967,2077819806,405677814,2697390518
dimwishlist:item=189854537&perks=938542991,2349202967,2077819806,405677814,1847323754
dimwishlist:item=189854537&perks=938542991,2349202967,2077819806,3640170453,2697390518
dimwishlist:item=189854537&perks=938542991,2349202967,2077819806,3640170453,1847323754
dimwishlist:item=189854537&perks=938542991,2349202967,2077819806,3708227201,2697390518
dimwishlist:item=189854537&perks=938542991,2349202967,2077819806,3708227201,1847323754
dimwishlist:item=189854537&perks=938542991,269888150,2077819806,3650930298,2697390518
dimwishlist:item=189854537&perks=938542991,269888150,2077819806,3650930298,1847323754
dimwishlist:item=189854537&perks=938542991,269888150,2077819806,405677814,2697390518
dimwishlist:item=189854537&perks=938542991,269888150,2077819806,405677814,1847323754
dimwishlist:item=189854537&perks=938542991,269888150,2077819806,3640170453,2697390518
dimwishlist:item=189854537&perks=938542991,269888150,2077819806,3640170453,1847323754
dimwishlist:item=189854537&perks=938542991,269888150,2077819806,3708227201,2697390518
dimwishlist:item=189854537&perks=938542991,269888150,2077819806,3708227201,1847323754


// Snipehunt Mk. 47 ()
dimwishlist:item=193009988&perks=839105230,1431678320,3966416502,2173046394
dimwishlist:item=193009988&perks=839105230,1431678320,3966416502,243981275
dimwishlist:item=193009988&perks=839105230,1431678320,3966416502,3640170453
imwishlist:item=193009988&perks=839105230,1561002382,3966416502,2173046394
dimwishlist:item=193009988&perks=839105230,1561002382,3966416502,243981275
dimwishlist:item=193009988&perks=839105230,1561002382,3966416502,3640170453
dimwishlist:item=193009988&perks=1840239774,1431678320,3966416502,2173046394
dimwishlist:item=193009988&perks=1840239774,1431678320,3966416502,243981275
dimwishlist:item=193009988&perks=1840239774,1431678320,3966416502,3640170453
imwishlist:item=193009988&perks=1840239774,1561002382,3966416502,2173046394
dimwishlist:item=193009988&perks=1840239774,1561002382,3966416502,243981275
dimwishlist:item=193009988&perks=1840239774,1561002382,3966416502,3640170453


// Gnawing Hunger ()
dimwishlist:item=214545213&perks=839105230,1431678320,1134488199,2048641572
dimwishlist:item=214545213&perks=839105230,1431678320,1134488199,3081867624
dimwishlist:item=214545213&perks=839105230,1431678320,776531651,2048641572
dimwishlist:item=214545213&perks=839105230,1431678320,776531651,3081867624
imwishlist:item=214545213&perks=1840239774,1431678320,1134488199,2048641572
dimwishlist:item=214545213&perks=1840239774,1431678320,1134488199,3081867624
dimwishlist:item=214545213&perks=1840239774,1431678320,776531651,2048641572
dimwishlist:item=214545213&perks=1840239774,1431678320,776531651,3081867624

// Felwinter's Lie ()
dimwishlist:item=218787950&perks=1300023272,791862061,1821614984,2679249093
dimwishlist:item=218787950&perks=1300023272,791862061,1821614984,3078487919
dimwishlist:item=218787950&perks=1300023272,791862061,1821614984,2360754333
dimwishlist:item=218787950&perks=1300023272,791862061,1942880504,2679249093
dimwishlist:item=218787950&perks=1300023272,791862061,1942880504,3078487919
dimwishlist:item=218787950&perks=1300023272,791862061,1942880504,2360754333
dimwishlist:item=218787950&perks=1300023272,791862061,3751912585,2679249093
dimwishlist:item=218787950&perks=1300023272,791862061,3751912585,3078487919
dimwishlist:item=218787950&perks=1300023272,791862061,3751912585,2360754333
dimwishlist:item=218787950&perks=1300023272,1488599449,1821614984,2679249093
dimwishlist:item=218787950&perks=1300023272,1488599449,1821614984,3078487919
dimwishlist:item=218787950&perks=1300023272,1488599449,1821614984,2360754333
dimwishlist:item=218787950&perks=1300023272,1488599449,1942880504,2679249093
dimwishlist:item=218787950&perks=1300023272,1488599449,1942880504,3078487919
dimwishlist:item=218787950&perks=1300023272,1488599449,1942880504,2360754333
dimwishlist:item=218787950&perks=1300023272,1488599449,3751912585,2679249093
dimwishlist:item=218787950&perks=1300023272,1488599449,3751912585,3078487919
dimwishlist:item=218787950&perks=1300023272,1488599449,3751912585,2360754333


// Unforgiven ()
dimwishlist:item=234411205&perks=839105230,1561002382,2048641572,776531651
dimwishlist:item=234411205&perks=839105230,1561002382,2048641572,3640170453
dimwishlist:item=234411205&perks=839105230,1561002382,2048641572,3182497402
dimwishlist:item=234411205&perks=839105230,1561002382,243981275,776531651
dimwishlist:item=234411205&perks=839105230,1561002382,243981275,3640170453
dimwishlist:item=234411205&perks=839105230,1561002382,243981275,3182497402
dimwishlist:item=234411205&perks=839105230,1431678320,2048641572,776531651
dimwishlist:item=234411205&perks=839105230,1431678320,2048641572,3640170453
dimwishlist:item=234411205&perks=839105230,1431678320,2048641572,3182497402
dimwishlist:item=234411205&perks=839105230,1431678320,243981275,776531651
dimwishlist:item=234411205&perks=839105230,1431678320,243981275,3640170453
dimwishlist:item=234411205&perks=839105230,1431678320,243981275,3182497402
imwishlist:item=234411205&perks=1840239774,1561002382,2048641572,776531651
dimwishlist:item=234411205&perks=1840239774,1561002382,2048641572,3640170453
dimwishlist:item=234411205&perks=1840239774,1561002382,2048641572,3182497402
dimwishlist:item=234411205&perks=1840239774,1561002382,243981275,776531651
dimwishlist:item=234411205&perks=1840239774,1561002382,243981275,3640170453
dimwishlist:item=234411205&perks=1840239774,1561002382,243981275,3182497402
dimwishlist:item=234411205&perks=1840239774,1431678320,2048641572,776531651
dimwishlist:item=234411205&perks=1840239774,1431678320,2048641572,3640170453
dimwishlist:item=234411205&perks=1840239774,1431678320,2048641572,3182497402
dimwishlist:item=234411205&perks=1840239774,1431678320,243981275,776531651
dimwishlist:item=234411205&perks=1840239774,1431678320,243981275,3640170453
dimwishlist:item=234411205&perks=1840239774,1431678320,243981275,3182497402

// Tinasha's Mastery ()
dimwishlist:item=247984828&perks=1478423395,106909392,1421772400,2978966579
dimwishlist:item=247984828&perks=1478423395,106909392,1421772400,344235611
dimwishlist:item=247984828&perks=1478423395,106909392,1421772400,2109543898
dimwishlist:item=247984828&perks=1478423395,106909392,1421772400,3708227201
dimwishlist:item=247984828&perks=1478423395,106909392,3993379141,2978966579
dimwishlist:item=247984828&perks=1478423395,106909392,3993379141,344235611
dimwishlist:item=247984828&perks=1478423395,106909392,3993379141,2109543898
dimwishlist:item=247984828&perks=1478423395,106909392,3993379141,3708227201
dimwishlist:item=247984828&perks=1478423395,106909392,951095735,2978966579
dimwishlist:item=247984828&perks=1478423395,106909392,951095735,344235611
dimwishlist:item=247984828&perks=1478423395,106909392,951095735,2109543898
dimwishlist:item=247984828&perks=1478423395,106909392,951095735,3708227201
dimwishlist:item=247984828&perks=1478423395,106909392,3878366039,2978966579
dimwishlist:item=247984828&perks=1478423395,106909392,3878366039,344235611
dimwishlist:item=247984828&perks=1478423395,106909392,3878366039,2109543898
dimwishlist:item=247984828&perks=1478423395,106909392,3878366039,3708227201
dimwishlist:item=247984828&perks=3525010810,106909392,1421772400,2978966579
dimwishlist:item=247984828&perks=3525010810,106909392,1421772400,344235611
dimwishlist:item=247984828&perks=3525010810,106909392,1421772400,2109543898
dimwishlist:item=247984828&perks=3525010810,106909392,1421772400,3708227201
dimwishlist:item=247984828&perks=3525010810,106909392,3993379141,2978966579
dimwishlist:item=247984828&perks=3525010810,106909392,3993379141,344235611
dimwishlist:item=247984828&perks=3525010810,106909392,3993379141,2109543898
dimwishlist:item=247984828&perks=3525010810,106909392,3993379141,3708227201
dimwishlist:item=247984828&perks=3525010810,106909392,951095735,2978966579
dimwishlist:item=247984828&perks=3525010810,106909392,951095735,344235611
dimwishlist:item=247984828&perks=3525010810,106909392,951095735,2109543898
dimwishlist:item=247984828&perks=3525010810,106909392,951095735,3708227201
dimwishlist:item=247984828&perks=3525010810,106909392,3878366039,2978966579
dimwishlist:item=247984828&perks=3525010810,106909392,3878366039,344235611
dimwishlist:item=247984828&perks=3525010810,106909392,3878366039,2109543898
dimwishlist:item=247984828&perks=3525010810,106909392,3878366039,3708227201


// Peacebond ()
dimwishlist:item=247984829&perks=1840239774,1431678320,124408337,1955165503
dimwishlist:item=247984829&perks=1840239774,1431678320,124408337,1015611457
dimwishlist:item=247984829&perks=1840239774,1431678320,124408337,2923251173
dimwishlist:item=247984829&perks=1840239774,1431678320,124408337,2109543898

// Nezarec's Whisper ()
dimwishlist:item=254636484&perks=580685494,1431678320,1556840489,4104185692
dimwishlist:item=254636484&perks=580685494,1431678320,1556840489,3007133316
dimwishlist:item=254636484&perks=580685494,1431678320,1556840489,1048183818
dimwishlist:item=254636484&perks=580685494,1431678320,1556840489,3431277734
dimwishlist:item=254636484&perks=580685494,1431678320,3523296417,4104185692
dimwishlist:item=254636484&perks=580685494,1431678320,3523296417,3007133316
dimwishlist:item=254636484&perks=580685494,1431678320,3523296417,1048183818
dimwishlist:item=254636484&perks=580685494,1431678320,3523296417,3431277734
dimwishlist:item=254636484&perks=580685494,1431678320,951095735,4104185692
dimwishlist:item=254636484&perks=580685494,1431678320,951095735,3007133316
dimwishlist:item=254636484&perks=580685494,1431678320,951095735,1048183818
dimwishlist:item=254636484&perks=580685494,1431678320,951095735,3431277734
dimwishlist:item=254636484&perks=580685494,1431678320,3878366039,4104185692
dimwishlist:item=254636484&perks=580685494,1431678320,3878366039,3007133316
dimwishlist:item=254636484&perks=580685494,1431678320,3878366039,1048183818
dimwishlist:item=254636484&perks=580685494,1431678320,3878366039,3431277734
imwishlist:item=254636484&perks=580685494,3721627275,1556840489,4104185692
dimwishlist:item=254636484&perks=580685494,3721627275,1556840489,3007133316
dimwishlist:item=254636484&perks=580685494,3721627275,1556840489,1048183818
dimwishlist:item=254636484&perks=580685494,3721627275,1556840489,3431277734
dimwishlist:item=254636484&perks=580685494,3721627275,3523296417,4104185692
dimwishlist:item=254636484&perks=580685494,3721627275,3523296417,3007133316
dimwishlist:item=254636484&perks=580685494,3721627275,3523296417,1048183818
dimwishlist:item=254636484&perks=580685494,3721627275,3523296417,3431277734
dimwishlist:item=254636484&perks=580685494,3721627275,951095735,4104185692
dimwishlist:item=254636484&perks=580685494,3721627275,951095735,3007133316
dimwishlist:item=254636484&perks=580685494,3721627275,951095735,1048183818
dimwishlist:item=254636484&perks=580685494,3721627275,951095735,3431277734
dimwishlist:item=254636484&perks=580685494,3721627275,3878366039,4104185692
dimwishlist:item=254636484&perks=580685494,3721627275,3878366039,3007133316
dimwishlist:item=254636484&perks=580685494,3721627275,3878366039,1048183818
dimwishlist:item=254636484&perks=580685494,3721627275,3878366039,3431277734


// Regnant ()
dimwishlist:item=268260372&perks=3525010810,3301904089,968510818,3751912585
dimwishlist:item=268260372&perks=3525010810,3301904089,968510818,3194351027
dimwishlist:item=268260372&perks=3525010810,3301904089,424370782,3751912585
dimwishlist:item=268260372&perks=3525010810,3301904089,424370782,3194351027
dimwishlist:item=268260372&perks=3525010810,3301904089,3300816228,3751912585
dimwishlist:item=268260372&perks=3525010810,3301904089,3300816228,3194351027
dimwishlist:item=268260372&perks=3525010810,3373736292,968510818,3751912585
dimwishlist:item=268260372&perks=3525010810,3373736292,968510818,3194351027
dimwishlist:item=268260372&perks=3525010810,3373736292,424370782,3751912585
dimwishlist:item=268260372&perks=3525010810,3373736292,424370782,3194351027
dimwishlist:item=268260372&perks=3525010810,3373736292,3300816228,3751912585
dimwishlist:item=268260372&perks=3525010810,3373736292,3300816228,3194351027


// Zaouli's Bane (Harrowed) ()
dimwishlist:item=291092617&perks=1840239774,1431678320,3201496230,4293542123
dimwishlist:item=291092617&perks=1840239774,1431678320,3201496230,657025441
dimwishlist:item=291092617&perks=1840239774,1431678320,3201496230,4196156997
dimwishlist:item=291092617&perks=1840239774,1431678320,3201496230,3640170453
dimwishlist:item=291092617&perks=1840239774,1431678320,3038247973,4293542123
dimwishlist:item=291092617&perks=1840239774,1431678320,3038247973,657025441
dimwishlist:item=291092617&perks=1840239774,1431678320,3038247973,4196156997
dimwishlist:item=291092617&perks=1840239774,1431678320,3038247973,3640170453
dimwishlist:item=291092617&perks=1840239774,1431678320,64866129,4293542123
dimwishlist:item=291092617&perks=1840239774,1431678320,64866129,657025441
dimwishlist:item=291092617&perks=1840239774,1431678320,64866129,4196156997
dimwishlist:item=291092617&perks=1840239774,1431678320,64866129,3640170453

// Cold Comfort ()
dimwishlist:item=291447487&perks=3525010810,3796465595,3987942396,1089671869
dimwishlist:item=291447487&perks=3525010810,3796465595,3987942396,1439600632
dimwishlist:item=291447487&perks=3525010810,3796465595,3987942396,3078487919


// The Wizened Rebuke ()
dimwishlist:item=293709641&perks=839105230,689005463,3978468247,2594592626
dimwishlist:item=293709641&perks=839105230,689005463,3978468247,1427256713
dimwishlist:item=293709641&perks=839105230,689005463,3643424744,2594592626
dimwishlist:item=293709641&perks=839105230,689005463,3643424744,1427256713
dimwishlist:item=293709641&perks=1840239774,689005463,3978468247,2594592626
dimwishlist:item=293709641&perks=1840239774,689005463,3978468247,1427256713
dimwishlist:item=293709641&perks=1840239774,689005463,3643424744,2594592626
dimwishlist:item=293709641&perks=1840239774,689005463,3643424744,1427256713


// Pointed Inquiry ()
dimwishlist:item=297296830&perks=1840239774,1431678320,776531651,2848615171
dimwishlist:item=297296830&perks=1840239774,1431678320,776531651,169755979
dimwishlist:item=297296830&perks=1840239774,1431678320,776531651,1464081238
dimwishlist:item=297296830&perks=1840239774,1431678320,776531651,2813913866
dimwishlist:item=297296830&perks=1840239774,1431678320,3700496672,2848615171
dimwishlist:item=297296830&perks=1840239774,1431678320,3700496672,169755979
dimwishlist:item=297296830&perks=1840239774,1431678320,3700496672,1464081238
dimwishlist:item=297296830&perks=1840239774,1431678320,3700496672,2813913866
imwishlist:item=297296830&perks=1840239774,1561002382,776531651,2848615171
dimwishlist:item=297296830&perks=1840239774,1561002382,776531651,169755979
dimwishlist:item=297296830&perks=1840239774,1561002382,776531651,1464081238
dimwishlist:item=297296830&perks=1840239774,1561002382,776531651,2813913866
dimwishlist:item=297296830&perks=1840239774,1561002382,3700496672,2848615171
dimwishlist:item=297296830&perks=1840239774,1561002382,3700496672,169755979
dimwishlist:item=297296830&perks=1840239774,1561002382,3700496672,1464081238
dimwishlist:item=297296830&perks=1840239774,1561002382,3700496672,2813913866


// Imperial Decree ()
dimwishlist:item=318443586&perks=1300023272,791862061,3300816228,3708227201
dimwishlist:item=318443586&perks=1300023272,791862061,3300816228,2360754333
dimwishlist:item=318443586&perks=1300023272,1488599449,3300816228,3708227201
dimwishlist:item=318443586&perks=1300023272,1488599449,3300816228,2360754333


// Kindled Orchid ()
dimwishlist:item=334964261&perks=1840239774,1431678320,776531651,2048641572
dimwishlist:item=334964261&perks=1840239774,1431678320,776531651,1464081238
dimwishlist:item=334964261&perks=1840239774,1431678320,776531651,2813913866
dimwishlist:item=334964261&perks=1840239774,1431678320,776531651,3038247973
dimwishlist:item=334964261&perks=1840239774,1431678320,776531651,64866129
dimwishlist:item=334964261&perks=1840239774,1431678320,3700496672,2048641572
dimwishlist:item=334964261&perks=1840239774,1431678320,3700496672,1464081238
dimwishlist:item=334964261&perks=1840239774,1431678320,3700496672,2813913866
dimwishlist:item=334964261&perks=1840239774,1431678320,3700496672,3038247973
dimwishlist:item=334964261&perks=1840239774,1431678320,3700496672,64866129

// Vision of Confluence (Timelost) ()
dimwishlist:item=337578911&perks=1840239774,1431678320,4293542123,3038247973
dimwishlist:item=337578911&perks=1840239774,1431678320,4293542123,64866129
dimwishlist:item=337578911&perks=1840239774,1431678320,4293542123,2890807135
dimwishlist:item=337578911&perks=1840239774,1431678320,4293542123,3824105627
dimwishlist:item=337578911&perks=1840239774,1431678320,3017780555,3038247973
dimwishlist:item=337578911&perks=1840239774,1431678320,3017780555,64866129
dimwishlist:item=337578911&perks=1840239774,1431678320,3017780555,2890807135
dimwishlist:item=337578911&perks=1840239774,1431678320,3017780555,3824105627

// Qua Vinctus IV ()
dimwishlist:item=337893613&perks=839105230,2420895100,923806249,657025441
dimwishlist:item=337893613&perks=839105230,2420895100,923806249,4196156997
dimwishlist:item=337893613&perks=839105230,2420895100,923806249,960997401
dimwishlist:item=337893613&perks=839105230,2420895100,923806249,3244229373
dimwishlist:item=337893613&perks=839105230,2420895100,831391274,657025441
dimwishlist:item=337893613&perks=839105230,2420895100,831391274,4196156997
dimwishlist:item=337893613&perks=839105230,2420895100,831391274,960997401
dimwishlist:item=337893613&perks=839105230,2420895100,831391274,3244229373
dimwishlist:item=337893613&perks=839105230,2420895100,3523296417,657025441
dimwishlist:item=337893613&perks=839105230,2420895100,3523296417,4196156997
dimwishlist:item=337893613&perks=839105230,2420895100,3523296417,960997401
dimwishlist:item=337893613&perks=839105230,2420895100,3523296417,3244229373
dimwishlist:item=337893613&perks=839105230,1431678320,923806249,657025441
dimwishlist:item=337893613&perks=839105230,1431678320,923806249,4196156997
dimwishlist:item=337893613&perks=839105230,1431678320,923806249,960997401
dimwishlist:item=337893613&perks=839105230,1431678320,923806249,3244229373
dimwishlist:item=337893613&perks=839105230,1431678320,831391274,657025441
dimwishlist:item=337893613&perks=839105230,1431678320,831391274,4196156997
dimwishlist:item=337893613&perks=839105230,1431678320,831391274,960997401
dimwishlist:item=337893613&perks=839105230,1431678320,831391274,3244229373
dimwishlist:item=337893613&perks=839105230,1431678320,3523296417,657025441
dimwishlist:item=337893613&perks=839105230,1431678320,3523296417,4196156997
dimwishlist:item=337893613&perks=839105230,1431678320,3523296417,960997401
dimwishlist:item=337893613&perks=839105230,1431678320,3523296417,3244229373
imwishlist:item=337893613&perks=1840239774,2420895100,923806249,657025441
dimwishlist:item=337893613&perks=1840239774,2420895100,923806249,4196156997
dimwishlist:item=337893613&perks=1840239774,2420895100,923806249,960997401
dimwishlist:item=337893613&perks=1840239774,2420895100,923806249,3244229373
dimwishlist:item=337893613&perks=1840239774,2420895100,831391274,657025441
dimwishlist:item=337893613&perks=1840239774,2420895100,831391274,4196156997
dimwishlist:item=337893613&perks=1840239774,2420895100,831391274,960997401
dimwishlist:item=337893613&perks=1840239774,2420895100,831391274,3244229373
dimwishlist:item=337893613&perks=1840239774,2420895100,3523296417,657025441
dimwishlist:item=337893613&perks=1840239774,2420895100,3523296417,4196156997
dimwishlist:item=337893613&perks=1840239774,2420895100,3523296417,960997401
dimwishlist:item=337893613&perks=1840239774,2420895100,3523296417,3244229373
dimwishlist:item=337893613&perks=1840239774,1431678320,923806249,657025441
dimwishlist:item=337893613&perks=1840239774,1431678320,923806249,4196156997
dimwishlist:item=337893613&perks=1840239774,1431678320,923806249,960997401
dimwishlist:item=337893613&perks=1840239774,1431678320,923806249,3244229373
dimwishlist:item=337893613&perks=1840239774,1431678320,831391274,657025441
dimwishlist:item=337893613&perks=1840239774,1431678320,831391274,4196156997
dimwishlist:item=337893613&perks=1840239774,1431678320,831391274,960997401
dimwishlist:item=337893613&perks=1840239774,1431678320,831391274,3244229373
dimwishlist:item=337893613&perks=1840239774,1431678320,3523296417,657025441
dimwishlist:item=337893613&perks=1840239774,1431678320,3523296417,4196156997
dimwishlist:item=337893613&perks=1840239774,1431678320,3523296417,960997401
dimwishlist:item=337893613&perks=1840239774,1431678320,3523296417,3244229373

// Drang ()
dimwishlist:item=358190158&perks=1840239774,1431678320,3017780555,4293542123
dimwishlist:item=358190158&perks=1840239774,1431678320,3017780555,2890807135

// Elsie's Rifle ()
dimwishlist:item=381446446&perks=839105230,1431678320,3182497402,1464081238
dimwishlist:item=381446446&perks=839105230,1431678320,3182497402,2813913866
dimwishlist:item=381446446&perks=839105230,1431678320,3182497402,2048641572
dimwishlist:item=381446446&perks=839105230,1431678320,3182497402,2109543898
dimwishlist:item=381446446&perks=839105230,1431678320,776531651,1464081238
dimwishlist:item=381446446&perks=839105230,1431678320,776531651,2813913866
dimwishlist:item=381446446&perks=839105230,1431678320,776531651,2048641572
dimwishlist:item=381446446&perks=839105230,1431678320,776531651,2109543898
imwishlist:item=381446446&perks=839105230,1561002382,3182497402,1464081238
dimwishlist:item=381446446&perks=839105230,1561002382,3182497402,2813913866
dimwishlist:item=381446446&perks=839105230,1561002382,3182497402,2048641572
dimwishlist:item=381446446&perks=839105230,1561002382,3182497402,2109543898
dimwishlist:item=381446446&perks=839105230,1561002382,776531651,1464081238
dimwishlist:item=381446446&perks=839105230,1561002382,776531651,2813913866
dimwishlist:item=381446446&perks=839105230,1561002382,776531651,2048641572
dimwishlist:item=381446446&perks=839105230,1561002382,776531651,2109543898
dimwishlist:item=381446446&perks=1840239774,1431678320,3182497402,1464081238
dimwishlist:item=381446446&perks=1840239774,1431678320,3182497402,2813913866
dimwishlist:item=381446446&perks=1840239774,1431678320,3182497402,2048641572
dimwishlist:item=381446446&perks=1840239774,1431678320,3182497402,2109543898
dimwishlist:item=381446446&perks=1840239774,1431678320,776531651,1464081238
dimwishlist:item=381446446&perks=1840239774,1431678320,776531651,2813913866
dimwishlist:item=381446446&perks=1840239774,1431678320,776531651,2048641572
dimwishlist:item=381446446&perks=1840239774,1431678320,776531651,2109543898
imwishlist:item=381446446&perks=1840239774,1561002382,3182497402,1464081238
dimwishlist:item=381446446&perks=1840239774,1561002382,3182497402,2813913866
dimwishlist:item=381446446&perks=1840239774,1561002382,3182497402,2048641572
dimwishlist:item=381446446&perks=1840239774,1561002382,3182497402,2109543898
dimwishlist:item=381446446&perks=1840239774,1561002382,776531651,1464081238
dimwishlist:item=381446446&perks=1840239774,1561002382,776531651,2813913866
dimwishlist:item=381446446&perks=1840239774,1561002382,776531651,2048641572
dimwishlist:item=381446446&perks=1840239774,1561002382,776531651,2109543898


// Eyasluna ()
dimwishlist:item=386864872&perks=1840239774,1431678320,3824105627,124408337
dimwishlist:item=386864872&perks=1840239774,1431678320,3824105627,3640170453
dimwishlist:item=386864872&perks=1840239774,1431678320,3824105627,2922950962
dimwishlist:item=386864872&perks=1840239774,1431678320,657025441,124408337
dimwishlist:item=386864872&perks=1840239774,1431678320,657025441,3640170453
dimwishlist:item=386864872&perks=1840239774,1431678320,657025441,2922950962
dimwishlist:item=386864872&perks=1840239774,1431678320,4196156997,124408337
dimwishlist:item=386864872&perks=1840239774,1431678320,4196156997,3640170453
dimwishlist:item=386864872&perks=1840239774,1431678320,4196156997,2922950962
imwishlist:item=386864872&perks=1840239774,1561002382,3824105627,124408337
dimwishlist:item=386864872&perks=1840239774,1561002382,3824105627,3640170453
dimwishlist:item=386864872&perks=1840239774,1561002382,3824105627,2922950962
dimwishlist:item=386864872&perks=1840239774,1561002382,657025441,124408337
dimwishlist:item=386864872&perks=1840239774,1561002382,657025441,3640170453
dimwishlist:item=386864872&perks=1840239774,1561002382,657025441,2922950962
dimwishlist:item=386864872&perks=1840239774,1561002382,4196156997,124408337
dimwishlist:item=386864872&perks=1840239774,1561002382,4196156997,3640170453
dimwishlist:item=386864872&perks=1840239774,1561002382,4196156997,2922950962


// Unloved ()
dimwishlist:item=388390591&perks=1840239774,1431678320,2848615171,960997401
dimwishlist:item=388390591&perks=1840239774,1431678320,2848615171,3244229373
dimwishlist:item=388390591&perks=1840239774,1431678320,2848615171,4104185692
dimwishlist:item=388390591&perks=1840239774,1431678320,2848615171,3007133316
dimwishlist:item=388390591&perks=1840239774,1431678320,169755979,960997401
dimwishlist:item=388390591&perks=1840239774,1431678320,169755979,3244229373
dimwishlist:item=388390591&perks=1840239774,1431678320,169755979,4104185692
dimwishlist:item=388390591&perks=1840239774,1431678320,169755979,3007133316
dimwishlist:item=388390591&perks=1840239774,1431678320,831391274,960997401
dimwishlist:item=388390591&perks=1840239774,1431678320,831391274,3244229373
dimwishlist:item=388390591&perks=1840239774,1431678320,831391274,4104185692
dimwishlist:item=388390591&perks=1840239774,1431678320,831391274,3007133316
imwishlist:item=388390591&perks=1840239774,1561002382,2848615171,960997401
dimwishlist:item=388390591&perks=1840239774,1561002382,2848615171,3244229373
dimwishlist:item=388390591&perks=1840239774,1561002382,2848615171,4104185692
dimwishlist:item=388390591&perks=1840239774,1561002382,2848615171,3007133316
dimwishlist:item=388390591&perks=1840239774,1561002382,169755979,960997401
dimwishlist:item=388390591&perks=1840239774,1561002382,169755979,3244229373
dimwishlist:item=388390591&perks=1840239774,1561002382,169755979,4104185692
dimwishlist:item=388390591&perks=1840239774,1561002382,169755979,3007133316
dimwishlist:item=388390591&perks=1840239774,1561002382,831391274,960997401
dimwishlist:item=388390591&perks=1840239774,1561002382,831391274,3244229373
dimwishlist:item=388390591&perks=1840239774,1561002382,831391274,4104185692
dimwishlist:item=388390591&perks=1840239774,1561002382,831391274,3007133316


// Terciopelo-4bl ()
dimwishlist:item=393652859&perks=2827049491,2349202967,2077819806,3640170453
dimwishlist:item=393652859&perks=2827049491,2349202967,2077819806,4293542123
dimwishlist:item=393652859&perks=2827049491,2349202967,2077819806,3764420437
dimwishlist:item=393652859&perks=2827049491,2349202967,2890807135,3640170453
dimwishlist:item=393652859&perks=2827049491,2349202967,2890807135,4293542123
dimwishlist:item=393652859&perks=2827049491,2349202967,2890807135,3764420437
dimwishlist:item=393652859&perks=2827049491,269888150,2077819806,3640170453
dimwishlist:item=393652859&perks=2827049491,269888150,2077819806,4293542123
dimwishlist:item=393652859&perks=2827049491,269888150,2077819806,3764420437
dimwishlist:item=393652859&perks=2827049491,269888150,2890807135,3640170453
dimwishlist:item=393652859&perks=2827049491,269888150,2890807135,4293542123
dimwishlist:item=393652859&perks=2827049491,269888150,2890807135,3764420437


// Veillantif-D ()
dimwishlist:item=406384293&perks=1478423395,2420895100,1421772400,4293542123
dimwishlist:item=406384293&perks=1478423395,2420895100,1421772400,2109543898
dimwishlist:item=406384293&perks=1478423395,2420895100,1421772400,2890807135
dimwishlist:item=406384293&perks=1478423395,2420895100,3017780555,4293542123
dimwishlist:item=406384293&perks=1478423395,2420895100,3017780555,2109543898
dimwishlist:item=406384293&perks=1478423395,2420895100,3017780555,2890807135
dimwishlist:item=406384293&perks=1478423395,2420895100,1017229899,4293542123
dimwishlist:item=406384293&perks=1478423395,2420895100,1017229899,2109543898
dimwishlist:item=406384293&perks=1478423395,2420895100,1017229899,2890807135
dimwishlist:item=406384293&perks=1478423395,106909392,1421772400,4293542123
dimwishlist:item=406384293&perks=1478423395,106909392,1421772400,2109543898
dimwishlist:item=406384293&perks=1478423395,106909392,1421772400,2890807135
dimwishlist:item=406384293&perks=1478423395,106909392,3017780555,4293542123
dimwishlist:item=406384293&perks=1478423395,106909392,3017780555,2109543898
dimwishlist:item=406384293&perks=1478423395,106909392,3017780555,2890807135
dimwishlist:item=406384293&perks=1478423395,106909392,1017229899,4293542123
dimwishlist:item=406384293&perks=1478423395,106909392,1017229899,2109543898
dimwishlist:item=406384293&perks=1478423395,106909392,1017229899,2890807135
dimwishlist:item=406384293&perks=3525010810,2420895100,1421772400,4293542123
dimwishlist:item=406384293&perks=3525010810,2420895100,1421772400,2109543898
dimwishlist:item=406384293&perks=3525010810,2420895100,1421772400,2890807135
dimwishlist:item=406384293&perks=3525010810,2420895100,3017780555,4293542123
dimwishlist:item=406384293&perks=3525010810,2420895100,3017780555,2109543898
dimwishlist:item=406384293&perks=3525010810,2420895100,3017780555,2890807135
dimwishlist:item=406384293&perks=3525010810,2420895100,1017229899,4293542123
dimwishlist:item=406384293&perks=3525010810,2420895100,1017229899,2109543898
dimwishlist:item=406384293&perks=3525010810,2420895100,1017229899,2890807135
dimwishlist:item=406384293&perks=3525010810,106909392,1421772400,4293542123
dimwishlist:item=406384293&perks=3525010810,106909392,1421772400,2109543898
dimwishlist:item=406384293&perks=3525010810,106909392,1421772400,2890807135
dimwishlist:item=406384293&perks=3525010810,106909392,3017780555,4293542123
dimwishlist:item=406384293&perks=3525010810,106909392,3017780555,2109543898
dimwishlist:item=406384293&perks=3525010810,106909392,3017780555,2890807135
dimwishlist:item=406384293&perks=3525010810,106909392,1017229899,4293542123
dimwishlist:item=406384293&perks=3525010810,106909392,1017229899,2109543898
dimwishlist:item=406384293&perks=3525010810,106909392,1017229899,2890807135


// Song of Ir Yût (Adept) ()
dimwishlist:item=407511664&perks=839105230,2420895100,3523296417,3751912585
dimwishlist:item=407511664&perks=839105230,2420895100,3523296417,2305480722
dimwishlist:item=407511664&perks=839105230,2420895100,3523296417,3081867624
dimwishlist:item=407511664&perks=839105230,2420895100,3108830275,3751912585
dimwishlist:item=407511664&perks=839105230,2420895100,3108830275,2305480722
dimwishlist:item=407511664&perks=839105230,2420895100,3108830275,3081867624
dimwishlist:item=407511664&perks=839105230,2420895100,3966416502,3751912585
dimwishlist:item=407511664&perks=839105230,2420895100,3966416502,2305480722
dimwishlist:item=407511664&perks=839105230,2420895100,3966416502,3081867624
dimwishlist:item=407511664&perks=839105230,1431678320,3523296417,3751912585
dimwishlist:item=407511664&perks=839105230,1431678320,3523296417,2305480722
dimwishlist:item=407511664&perks=839105230,1431678320,3523296417,3081867624
dimwishlist:item=407511664&perks=839105230,1431678320,3108830275,3751912585
dimwishlist:item=407511664&perks=839105230,1431678320,3108830275,2305480722
dimwishlist:item=407511664&perks=839105230,1431678320,3108830275,3081867624
dimwishlist:item=407511664&perks=839105230,1431678320,3966416502,3751912585
dimwishlist:item=407511664&perks=839105230,1431678320,3966416502,2305480722
dimwishlist:item=407511664&perks=839105230,1431678320,3966416502,3081867624
imwishlist:item=407511664&perks=1840239774,2420895100,3523296417,3751912585
dimwishlist:item=407511664&perks=1840239774,2420895100,3523296417,2305480722
dimwishlist:item=407511664&perks=1840239774,2420895100,3523296417,3081867624
dimwishlist:item=407511664&perks=1840239774,2420895100,3108830275,3751912585
dimwishlist:item=407511664&perks=1840239774,2420895100,3108830275,2305480722
dimwishlist:item=407511664&perks=1840239774,2420895100,3108830275,3081867624
dimwishlist:item=407511664&perks=1840239774,2420895100,3966416502,3751912585
dimwishlist:item=407511664&perks=1840239774,2420895100,3966416502,2305480722
dimwishlist:item=407511664&perks=1840239774,2420895100,3966416502,3081867624
dimwishlist:item=407511664&perks=1840239774,1431678320,3523296417,3751912585
dimwishlist:item=407511664&perks=1840239774,1431678320,3523296417,2305480722
dimwishlist:item=407511664&perks=1840239774,1431678320,3523296417,3081867624
dimwishlist:item=407511664&perks=1840239774,1431678320,3108830275,3751912585
dimwishlist:item=407511664&perks=1840239774,1431678320,3108830275,2305480722
dimwishlist:item=407511664&perks=1840239774,1431678320,3108830275,3081867624
dimwishlist:item=407511664&perks=1840239774,1431678320,3966416502,3751912585
dimwishlist:item=407511664&perks=1840239774,1431678320,3966416502,2305480722
dimwishlist:item=407511664&perks=1840239774,1431678320,3966416502,3081867624

// Wilderflight ()
dimwishlist:item=408862798&perks=3525010810,3032599245,3300816228,3764420437
dimwishlist:item=408862798&perks=3525010810,3032599245,3300816228,1134488199
dimwishlist:item=408862798&perks=3525010810,3032599245,3987942396,3764420437
dimwishlist:item=408862798&perks=3525010810,3032599245,3987942396,1134488199
dimwishlist:item=408862798&perks=3525010810,745577913,3300816228,3764420437
dimwishlist:item=408862798&perks=3525010810,745577913,3300816228,1134488199
dimwishlist:item=408862798&perks=3525010810,745577913,3987942396,3764420437
dimwishlist:item=408862798&perks=3525010810,745577913,3987942396,1134488199
dimwishlist:item=408862798&perks=3525010810,3301904089,3300816228,3764420437
dimwishlist:item=408862798&perks=3525010810,3301904089,3300816228,1134488199
dimwishlist:item=408862798&perks=3525010810,3301904089,3987942396,3764420437
dimwishlist:item=408862798&perks=3525010810,3301904089,3987942396,1134488199


// Bellowing Giant ()
dimwishlist:item=412265080&perks=3525010810,3796465595,1421772400,113508675
dimwishlist:item=412265080&perks=3525010810,3796465595,1421772400,177189259
dimwishlist:item=412265080&perks=3525010810,3796465595,1421772400,3764420437
dimwishlist:item=412265080&perks=3525010810,3796465595,1421772400,1439600632
dimwishlist:item=412265080&perks=3525010810,3796465595,3927722942,113508675
dimwishlist:item=412265080&perks=3525010810,3796465595,3927722942,177189259
dimwishlist:item=412265080&perks=3525010810,3796465595,3927722942,3764420437
dimwishlist:item=412265080&perks=3525010810,3796465595,3927722942,1439600632
dimwishlist:item=412265080&perks=3525010810,3796465595,1167468626,113508675
dimwishlist:item=412265080&perks=3525010810,3796465595,1167468626,177189259
dimwishlist:item=412265080&perks=3525010810,3796465595,1167468626,3764420437
dimwishlist:item=412265080&perks=3525010810,3796465595,1167468626,1439600632
dimwishlist:item=412265080&perks=3525010810,3796465595,3643424744,113508675
dimwishlist:item=412265080&perks=3525010810,3796465595,3643424744,177189259
dimwishlist:item=412265080&perks=3525010810,3796465595,3643424744,3764420437
dimwishlist:item=412265080&perks=3525010810,3796465595,3643424744,1439600632


// Age-Old Bond ()
dimwishlist:item=424291879&perks=839105230,1431678320,776531651,2048641572
dimwishlist:item=424291879&perks=839105230,1431678320,776531651,3324494224
dimwishlist:item=424291879&perks=839105230,1431678320,657025441,2048641572
dimwishlist:item=424291879&perks=839105230,1431678320,657025441,3324494224
dimwishlist:item=424291879&perks=839105230,1431678320,4196156997,2048641572
dimwishlist:item=424291879&perks=839105230,1431678320,4196156997,3324494224
imwishlist:item=424291879&perks=1840239774,1431678320,776531651,2048641572
dimwishlist:item=424291879&perks=1840239774,1431678320,776531651,3324494224
dimwishlist:item=424291879&perks=1840239774,1431678320,657025441,2048641572
dimwishlist:item=424291879&perks=1840239774,1431678320,657025441,3324494224
dimwishlist:item=424291879&perks=1840239774,1431678320,4196156997,2048641572
dimwishlist:item=424291879&perks=1840239774,1431678320,4196156997,3324494224

// Zaouli's Bane ()
dimwishlist:item=431721920&perks=1840239774,1431678320,3201496230,4293542123
dimwishlist:item=431721920&perks=1840239774,1431678320,3201496230,657025441
dimwishlist:item=431721920&perks=1840239774,1431678320,3201496230,4196156997
dimwishlist:item=431721920&perks=1840239774,1431678320,3201496230,3640170453
dimwishlist:item=431721920&perks=1840239774,1431678320,3038247973,4293542123
dimwishlist:item=431721920&perks=1840239774,1431678320,3038247973,657025441
dimwishlist:item=431721920&perks=1840239774,1431678320,3038247973,4196156997
dimwishlist:item=431721920&perks=1840239774,1431678320,3038247973,3640170453
dimwishlist:item=431721920&perks=1840239774,1431678320,64866129,4293542123
dimwishlist:item=431721920&perks=1840239774,1431678320,64866129,657025441
dimwishlist:item=431721920&perks=1840239774,1431678320,64866129,4196156997
dimwishlist:item=431721920&perks=1840239774,1431678320,64866129,3640170453

// Veles-X ()
dimwishlist:item=438540299&perks=839105230,1431678320,776531651,2048641572
dimwishlist:item=438540299&perks=839105230,1431678320,776531651,3824105627
dimwishlist:item=438540299&perks=839105230,1431678320,776531651,1134488199
dimwishlist:item=438540299&perks=839105230,1431678320,1464081238,2048641572
dimwishlist:item=438540299&perks=839105230,1431678320,1464081238,3824105627
dimwishlist:item=438540299&perks=839105230,1431678320,1464081238,1134488199
dimwishlist:item=438540299&perks=839105230,1431678320,2813913866,2048641572
dimwishlist:item=438540299&perks=839105230,1431678320,2813913866,3824105627
dimwishlist:item=438540299&perks=839105230,1431678320,2813913866,1134488199
imwishlist:item=438540299&perks=839105230,1561002382,776531651,2048641572
dimwishlist:item=438540299&perks=839105230,1561002382,776531651,3824105627
dimwishlist:item=438540299&perks=839105230,1561002382,776531651,1134488199
dimwishlist:item=438540299&perks=839105230,1561002382,1464081238,2048641572
dimwishlist:item=438540299&perks=839105230,1561002382,1464081238,3824105627
dimwishlist:item=438540299&perks=839105230,1561002382,1464081238,1134488199
dimwishlist:item=438540299&perks=839105230,1561002382,2813913866,2048641572
dimwishlist:item=438540299&perks=839105230,1561002382,2813913866,3824105627
dimwishlist:item=438540299&perks=839105230,1561002382,2813913866,1134488199
dimwishlist:item=438540299&perks=1840239774,1431678320,776531651,2048641572
dimwishlist:item=438540299&perks=1840239774,1431678320,776531651,3824105627
dimwishlist:item=438540299&perks=1840239774,1431678320,776531651,1134488199
dimwishlist:item=438540299&perks=1840239774,1431678320,1464081238,2048641572
dimwishlist:item=438540299&perks=1840239774,1431678320,1464081238,3824105627
dimwishlist:item=438540299&perks=1840239774,1431678320,1464081238,1134488199
dimwishlist:item=438540299&perks=1840239774,1431678320,2813913866,2048641572
dimwishlist:item=438540299&perks=1840239774,1431678320,2813913866,3824105627
dimwishlist:item=438540299&perks=1840239774,1431678320,2813913866,1134488199
imwishlist:item=438540299&perks=1840239774,1561002382,776531651,2048641572
dimwishlist:item=438540299&perks=1840239774,1561002382,776531651,3824105627
dimwishlist:item=438540299&perks=1840239774,1561002382,776531651,1134488199
dimwishlist:item=438540299&perks=1840239774,1561002382,1464081238,2048641572
dimwishlist:item=438540299&perks=1840239774,1561002382,1464081238,3824105627
dimwishlist:item=438540299&perks=1840239774,1561002382,1464081238,1134488199
dimwishlist:item=438540299&perks=1840239774,1561002382,2813913866,2048641572
dimwishlist:item=438540299&perks=1840239774,1561002382,2813913866,3824105627
dimwishlist:item=438540299&perks=1840239774,1561002382,2813913866,1134488199


// Critical Anomaly ()
dimwishlist:item=445197843&perks=1840239774,2420895100,3425386926,3640170453
dimwishlist:item=445197843&perks=1840239774,2420895100,3425386926,2305480722
dimwishlist:item=445197843&perks=1840239774,2420895100,2978966579,3640170453
dimwishlist:item=445197843&perks=1840239774,2420895100,2978966579,2305480722
dimwishlist:item=445197843&perks=1840239774,2420895100,344235611,3640170453
dimwishlist:item=445197843&perks=1840239774,2420895100,344235611,2305480722


// Seventh Seraph SI-2 ()
dimwishlist:item=453798564&perks=1840239774,1140096971,2048641572,657025441
dimwishlist:item=453798564&perks=1840239774,1140096971,2048641572,4196156997
dimwishlist:item=453798564&perks=1840239774,1140096971,2048641572,776531651
dimwishlist:item=453798564&perks=1840239774,1140096971,2048641572,3708227201
dimwishlist:item=453798564&perks=1840239774,1140096971,3182497402,657025441
dimwishlist:item=453798564&perks=1840239774,1140096971,3182497402,4196156997
dimwishlist:item=453798564&perks=1840239774,1140096971,3182497402,776531651
dimwishlist:item=453798564&perks=1840239774,1140096971,3182497402,3708227201
dimwishlist:item=453798564&perks=1840239774,463405747,2048641572,657025441
dimwishlist:item=453798564&perks=1840239774,463405747,2048641572,4196156997
dimwishlist:item=453798564&perks=1840239774,463405747,2048641572,776531651
dimwishlist:item=453798564&perks=1840239774,463405747,2048641572,3708227201
dimwishlist:item=453798564&perks=1840239774,463405747,3182497402,657025441
dimwishlist:item=453798564&perks=1840239774,463405747,3182497402,4196156997
dimwishlist:item=453798564&perks=1840239774,463405747,3182497402,776531651
dimwishlist:item=453798564&perks=1840239774,463405747,3182497402,3708227201


// Pre Astyanax IV ()
dimwishlist:item=471764396&perks=2801223209,16392701,4293542123,2890807135
dimwishlist:item=471764396&perks=2801223209,16392701,3824105627,2890807135


// Koraxis's Distress (Adept) ()
dimwishlist:item=495442100&perks=3525010810,3301904089,2396489472,3708227201
dimwishlist:item=495442100&perks=3525010810,3301904089,2396489472,3078487919
dimwishlist:item=495442100&perks=3525010810,3301904089,2396489472,3640170453
dimwishlist:item=495442100&perks=3525010810,3301904089,1523832109,3708227201
dimwishlist:item=495442100&perks=3525010810,3301904089,1523832109,3078487919
dimwishlist:item=495442100&perks=3525010810,3301904089,1523832109,3640170453
dimwishlist:item=495442100&perks=3525010810,3301904089,3987942396,3708227201
dimwishlist:item=495442100&perks=3525010810,3301904089,3987942396,3078487919
dimwishlist:item=495442100&perks=3525010810,3301904089,3987942396,3640170453
dimwishlist:item=495442100&perks=3525010810,332133599,2396489472,3708227201
dimwishlist:item=495442100&perks=3525010810,332133599,2396489472,3078487919
dimwishlist:item=495442100&perks=3525010810,332133599,2396489472,3640170453
dimwishlist:item=495442100&perks=3525010810,332133599,1523832109,3708227201
dimwishlist:item=495442100&perks=3525010810,332133599,1523832109,3078487919
dimwishlist:item=495442100&perks=3525010810,332133599,1523832109,3640170453
dimwishlist:item=495442100&perks=3525010810,332133599,3987942396,3708227201
dimwishlist:item=495442100&perks=3525010810,332133599,3987942396,3078487919
dimwishlist:item=495442100&perks=3525010810,332133599,3987942396,3640170453
dimwishlist:item=495442100&perks=3525010810,3156458303,2396489472,3708227201
dimwishlist:item=495442100&perks=3525010810,3156458303,2396489472,3078487919
dimwishlist:item=495442100&perks=3525010810,3156458303,2396489472,3640170453
dimwishlist:item=495442100&perks=3525010810,3156458303,1523832109,3708227201
dimwishlist:item=495442100&perks=3525010810,3156458303,1523832109,3078487919
dimwishlist:item=495442100&perks=3525010810,3156458303,1523832109,3640170453
dimwishlist:item=495442100&perks=3525010810,3156458303,3987942396,3708227201
dimwishlist:item=495442100&perks=3525010810,3156458303,3987942396,3078487919
dimwishlist:item=495442100&perks=3525010810,3156458303,3987942396,3640170453


// Chattering Bone ()
dimwishlist:item=501329015&perks=839105230,1431678320,1015611457,3891536761
dimwishlist:item=501329015&perks=839105230,1431678320,2923251173,3891536761
dimwishlist:item=501329015&perks=839105230,1431678320,1202584452,3891536761
dimwishlist:item=501329015&perks=839105230,1431678320,2138673996,3891536761
dimwishlist:item=501329015&perks=839105230,1431678320,1517798362,3891536761
imwishlist:item=501329015&perks=1840239774,1431678320,1015611457,3891536761
dimwishlist:item=501329015&perks=1840239774,1431678320,2923251173,3891536761
dimwishlist:item=501329015&perks=1840239774,1431678320,1202584452,3891536761
dimwishlist:item=501329015&perks=1840239774,1431678320,2138673996,3891536761
dimwishlist:item=501329015&perks=1840239774,1431678320,1517798362,3891536761

// Forthcoming Deviance ()
dimwishlist:item=535198113&perks=580685494,1431678320,1683379515,3640170453
dimwishlist:item=535198113&perks=580685494,1431678320,1683379515,1782407750
dimwishlist:item=535198113&perks=580685494,1431678320,1683379515,2048641572
dimwishlist:item=535198113&perks=580685494,1431678320,776531651,3640170453
dimwishlist:item=535198113&perks=580685494,1431678320,776531651,1782407750
dimwishlist:item=535198113&perks=580685494,1431678320,776531651,2048641572
dimwishlist:item=535198113&perks=580685494,1431678320,1523832109,3640170453
dimwishlist:item=535198113&perks=580685494,1431678320,1523832109,1782407750
dimwishlist:item=535198113&perks=580685494,1431678320,1523832109,2048641572
imwishlist:item=535198113&perks=580685494,3721627275,1683379515,3640170453
dimwishlist:item=535198113&perks=580685494,3721627275,1683379515,1782407750
dimwishlist:item=535198113&perks=580685494,3721627275,1683379515,2048641572
dimwishlist:item=535198113&perks=580685494,3721627275,776531651,3640170453
dimwishlist:item=535198113&perks=580685494,3721627275,776531651,1782407750
dimwishlist:item=535198113&perks=580685494,3721627275,776531651,2048641572
dimwishlist:item=535198113&perks=580685494,3721627275,1523832109,3640170453
dimwishlist:item=535198113&perks=580685494,3721627275,1523832109,1782407750
dimwishlist:item=535198113&perks=580685494,3721627275,1523832109,2048641572


// Retraced Path ()
dimwishlist:item=548958835&perks=1840239774,2749775325,3700496672,1683379515
dimwishlist:item=548958835&perks=1840239774,2749775325,3700496672,4293542123
dimwishlist:item=548958835&perks=1840239774,2749775325,3700496672,3523296417
dimwishlist:item=548958835&perks=1840239774,2749775325,1048183818,1683379515
dimwishlist:item=548958835&perks=1840239774,2749775325,1048183818,4293542123
dimwishlist:item=548958835&perks=1840239774,2749775325,1048183818,3523296417
dimwishlist:item=548958835&perks=1840239774,2749775325,3431277734,1683379515
dimwishlist:item=548958835&perks=1840239774,2749775325,3431277734,4293542123
dimwishlist:item=548958835&perks=1840239774,2749775325,3431277734,3523296417
dimwishlist:item=548958835&perks=1840239774,2073750249,3700496672,1683379515
dimwishlist:item=548958835&perks=1840239774,2073750249,3700496672,4293542123
dimwishlist:item=548958835&perks=1840239774,2073750249,3700496672,3523296417
dimwishlist:item=548958835&perks=1840239774,2073750249,1048183818,1683379515
dimwishlist:item=548958835&perks=1840239774,2073750249,1048183818,4293542123
dimwishlist:item=548958835&perks=1840239774,2073750249,1048183818,3523296417
dimwishlist:item=548958835&perks=1840239774,2073750249,3431277734,1683379515
dimwishlist:item=548958835&perks=1840239774,2073750249,3431277734,4293542123
dimwishlist:item=548958835&perks=1840239774,2073750249,3431277734,3523296417


// Oversoul Edict (Adept) ()
dimwishlist:item=578105049&perks=839105230,1431678320,3218042543,3966416502
dimwishlist:item=578105049&perks=839105230,1431678320,3218042543,654512643
dimwishlist:item=578105049&perks=839105230,1431678320,3218042543,4065965131
dimwishlist:item=578105049&perks=839105230,1431678320,3218042543,2173046394
dimwishlist:item=578105049&perks=839105230,1431678320,2633604463,3966416502
dimwishlist:item=578105049&perks=839105230,1431678320,2633604463,654512643
dimwishlist:item=578105049&perks=839105230,1431678320,2633604463,4065965131
dimwishlist:item=578105049&perks=839105230,1431678320,2633604463,2173046394
imwishlist:item=578105049&perks=839105230,1561002382,3218042543,3966416502
dimwishlist:item=578105049&perks=839105230,1561002382,3218042543,654512643
dimwishlist:item=578105049&perks=839105230,1561002382,3218042543,4065965131
dimwishlist:item=578105049&perks=839105230,1561002382,3218042543,2173046394
dimwishlist:item=578105049&perks=839105230,1561002382,2633604463,3966416502
dimwishlist:item=578105049&perks=839105230,1561002382,2633604463,654512643
dimwishlist:item=578105049&perks=839105230,1561002382,2633604463,4065965131
dimwishlist:item=578105049&perks=839105230,1561002382,2633604463,2173046394
dimwishlist:item=578105049&perks=1840239774,1431678320,3218042543,3966416502
dimwishlist:item=578105049&perks=1840239774,1431678320,3218042543,654512643
dimwishlist:item=578105049&perks=1840239774,1431678320,3218042543,4065965131
dimwishlist:item=578105049&perks=1840239774,1431678320,3218042543,2173046394
dimwishlist:item=578105049&perks=1840239774,1431678320,2633604463,3966416502
dimwishlist:item=578105049&perks=1840239774,1431678320,2633604463,654512643
dimwishlist:item=578105049&perks=1840239774,1431678320,2633604463,4065965131
dimwishlist:item=578105049&perks=1840239774,1431678320,2633604463,2173046394
imwishlist:item=578105049&perks=1840239774,1561002382,3218042543,3966416502
dimwishlist:item=578105049&perks=1840239774,1561002382,3218042543,654512643
dimwishlist:item=578105049&perks=1840239774,1561002382,3218042543,4065965131
dimwishlist:item=578105049&perks=1840239774,1561002382,3218042543,2173046394
dimwishlist:item=578105049&perks=1840239774,1561002382,2633604463,3966416502
dimwishlist:item=578105049&perks=1840239774,1561002382,2633604463,654512643
dimwishlist:item=578105049&perks=1840239774,1561002382,2633604463,4065965131
dimwishlist:item=578105049&perks=1840239774,1561002382,2633604463,2173046394


// Fortunate Star ()
dimwishlist:item=591672323&perks=2801223209,16392701,2360347339,2048641572
dimwishlist:item=591672323&perks=2801223209,16392701,2360347339,1464081238
dimwishlist:item=591672323&perks=2801223209,16392701,2360347339,2813913866
dimwishlist:item=591672323&perks=2801223209,16392701,2360347339,3414324643
dimwishlist:item=591672323&perks=2801223209,16392701,2360347339,2662236651
dimwishlist:item=591672323&perks=2801223209,16392701,4096144819,2048641572
dimwishlist:item=591672323&perks=2801223209,16392701,4096144819,1464081238
dimwishlist:item=591672323&perks=2801223209,16392701,4096144819,2813913866
dimwishlist:item=591672323&perks=2801223209,16392701,4096144819,3414324643
dimwishlist:item=591672323&perks=2801223209,16392701,4096144819,2662236651
dimwishlist:item=591672323&perks=2801223209,16392701,2848615171,2048641572
dimwishlist:item=591672323&perks=2801223209,16392701,2848615171,1464081238
dimwishlist:item=591672323&perks=2801223209,16392701,2848615171,2813913866
dimwishlist:item=591672323&perks=2801223209,16392701,2848615171,3414324643
dimwishlist:item=591672323&perks=2801223209,16392701,2848615171,2662236651
dimwishlist:item=591672323&perks=2801223209,16392701,169755979,2048641572
dimwishlist:item=591672323&perks=2801223209,16392701,169755979,1464081238
dimwishlist:item=591672323&perks=2801223209,16392701,169755979,2813913866
dimwishlist:item=591672323&perks=2801223209,16392701,169755979,3414324643
dimwishlist:item=591672323&perks=2801223209,16392701,169755979,2662236651
dimwishlist:item=591672323&perks=2801223209,16392701,776531651,2048641572
dimwishlist:item=591672323&perks=2801223209,16392701,776531651,1464081238
dimwishlist:item=591672323&perks=2801223209,16392701,776531651,2813913866
dimwishlist:item=591672323&perks=2801223209,16392701,776531651,3414324643
dimwishlist:item=591672323&perks=2801223209,16392701,776531651,2662236651


// Refurbished A499 ()
dimwishlist:item=593808239&perks=1840239774,3230963543,2289534249,968510818,2697390518
dimwishlist:item=593808239&perks=1840239774,3230963543,2289534249,968510818,1847323754
dimwishlist:item=593808239&perks=1840239774,3230963543,2289534249,424370782,2697390518
dimwishlist:item=593808239&perks=1840239774,3230963543,2289534249,424370782,1847323754
dimwishlist:item=593808239&perks=1840239774,3230963543,2289534249,3764420437,2697390518
dimwishlist:item=593808239&perks=1840239774,3230963543,2289534249,3764420437,1847323754
dimwishlist:item=593808239&perks=1840239774,3230963543,1365187766,968510818,2697390518
dimwishlist:item=593808239&perks=1840239774,3230963543,1365187766,968510818,1847323754
dimwishlist:item=593808239&perks=1840239774,3230963543,1365187766,424370782,2697390518
dimwishlist:item=593808239&perks=1840239774,3230963543,1365187766,424370782,1847323754
dimwishlist:item=593808239&perks=1840239774,3230963543,1365187766,3764420437,2697390518
dimwishlist:item=593808239&perks=1840239774,3230963543,1365187766,3764420437,1847323754
dimwishlist:item=593808239&perks=1840239774,3230963543,4200236906,968510818,2697390518
dimwishlist:item=593808239&perks=1840239774,3230963543,4200236906,968510818,1847323754
dimwishlist:item=593808239&perks=1840239774,3230963543,4200236906,424370782,2697390518
dimwishlist:item=593808239&perks=1840239774,3230963543,4200236906,424370782,1847323754
dimwishlist:item=593808239&perks=1840239774,3230963543,4200236906,3764420437,2697390518
dimwishlist:item=593808239&perks=1840239774,3230963543,4200236906,3764420437,1847323754
dimwishlist:item=593808239&perks=1840239774,3230963543,957782887,968510818,2697390518
dimwishlist:item=593808239&perks=1840239774,3230963543,957782887,968510818,1847323754
dimwishlist:item=593808239&perks=1840239774,3230963543,957782887,424370782,2697390518
dimwishlist:item=593808239&perks=1840239774,3230963543,957782887,424370782,1847323754
dimwishlist:item=593808239&perks=1840239774,3230963543,957782887,3764420437,2697390518
dimwishlist:item=593808239&perks=1840239774,3230963543,957782887,3764420437,1847323754
dimwishlist:item=593808239&perks=1840239774,3230963543,4116820839,968510818,2697390518
dimwishlist:item=593808239&perks=1840239774,3230963543,4116820839,968510818,1847323754
dimwishlist:item=593808239&perks=1840239774,3230963543,4116820839,424370782,2697390518
dimwishlist:item=593808239&perks=1840239774,3230963543,4116820839,424370782,1847323754
dimwishlist:item=593808239&perks=1840239774,3230963543,4116820839,3764420437,2697390518
dimwishlist:item=593808239&perks=1840239774,3230963543,4116820839,3764420437,1847323754
dimwishlist:item=593808239&perks=1840239774,1709045111,2289534249,968510818,2697390518
dimwishlist:item=593808239&perks=1840239774,1709045111,2289534249,968510818,1847323754
dimwishlist:item=593808239&perks=1840239774,1709045111,2289534249,424370782,2697390518
dimwishlist:item=593808239&perks=1840239774,1709045111,2289534249,424370782,1847323754
dimwishlist:item=593808239&perks=1840239774,1709045111,2289534249,3764420437,2697390518
dimwishlist:item=593808239&perks=1840239774,1709045111,2289534249,3764420437,1847323754
dimwishlist:item=593808239&perks=1840239774,1709045111,1365187766,968510818,2697390518
dimwishlist:item=593808239&perks=1840239774,1709045111,1365187766,968510818,1847323754
dimwishlist:item=593808239&perks=1840239774,1709045111,1365187766,424370782,2697390518
dimwishlist:item=593808239&perks=1840239774,1709045111,1365187766,424370782,1847323754
dimwishlist:item=593808239&perks=1840239774,1709045111,1365187766,3764420437,2697390518
dimwishlist:item=593808239&perks=1840239774,1709045111,1365187766,3764420437,1847323754
dimwishlist:item=593808239&perks=1840239774,1709045111,4200236906,968510818,2697390518
dimwishlist:item=593808239&perks=1840239774,1709045111,4200236906,968510818,1847323754
dimwishlist:item=593808239&perks=1840239774,1709045111,4200236906,424370782,2697390518
dimwishlist:item=593808239&perks=1840239774,1709045111,4200236906,424370782,1847323754
dimwishlist:item=593808239&perks=1840239774,1709045111,4200236906,3764420437,2697390518
dimwishlist:item=593808239&perks=1840239774,1709045111,4200236906,3764420437,1847323754
dimwishlist:item=593808239&perks=1840239774,1709045111,957782887,968510818,2697390518
dimwishlist:item=593808239&perks=1840239774,1709045111,957782887,968510818,1847323754
dimwishlist:item=593808239&perks=1840239774,1709045111,957782887,424370782,2697390518
dimwishlist:item=593808239&perks=1840239774,1709045111,957782887,424370782,1847323754
dimwishlist:item=593808239&perks=1840239774,1709045111,957782887,3764420437,2697390518
dimwishlist:item=593808239&perks=1840239774,1709045111,957782887,3764420437,1847323754
dimwishlist:item=593808239&perks=1840239774,1709045111,4116820839,968510818,2697390518
dimwishlist:item=593808239&perks=1840239774,1709045111,4116820839,968510818,1847323754
dimwishlist:item=593808239&perks=1840239774,1709045111,4116820839,424370782,2697390518
dimwishlist:item=593808239&perks=1840239774,1709045111,4116820839,424370782,1847323754
dimwishlist:item=593808239&perks=1840239774,1709045111,4116820839,3764420437,2697390518
dimwishlist:item=593808239&perks=1840239774,1709045111,4116820839,3764420437,1847323754


// The Heron ()
dimwishlist:item=617566156&perks=580685494,1431678320,776531651,3201496230
dimwishlist:item=617566156&perks=580685494,1431678320,776531651,1782407750
dimwishlist:item=617566156&perks=580685494,1431678320,776531651,3108830275
dimwishlist:item=617566156&perks=580685494,1431678320,1683379515,3201496230
dimwishlist:item=617566156&perks=580685494,1431678320,1683379515,1782407750
dimwishlist:item=617566156&perks=580685494,1431678320,1683379515,3108830275
dimwishlist:item=617566156&perks=580685494,1431678320,3643424744,3201496230
dimwishlist:item=617566156&perks=580685494,1431678320,3643424744,1782407750
dimwishlist:item=617566156&perks=580685494,1431678320,3643424744,3108830275
imwishlist:item=617566156&perks=580685494,3721627275,776531651,3201496230
dimwishlist:item=617566156&perks=580685494,3721627275,776531651,1782407750
dimwishlist:item=617566156&perks=580685494,3721627275,776531651,3108830275
dimwishlist:item=617566156&perks=580685494,3721627275,1683379515,3201496230
dimwishlist:item=617566156&perks=580685494,3721627275,1683379515,1782407750
dimwishlist:item=617566156&perks=580685494,3721627275,1683379515,3108830275
dimwishlist:item=617566156&perks=580685494,3721627275,3643424744,3201496230
dimwishlist:item=617566156&perks=580685494,3721627275,3643424744,1782407750
dimwishlist:item=617566156&perks=580685494,3721627275,3643424744,3108830275


// The Heron ()
dimwishlist:item=617566157&perks=580685494,1431678320,1683379515,3201496230
dimwishlist:item=617566157&perks=580685494,1431678320,1683379515,1782407750
dimwishlist:item=617566157&perks=580685494,1431678320,1683379515,3108830275
dimwishlist:item=617566157&perks=580685494,1431678320,776531651,3201496230
dimwishlist:item=617566157&perks=580685494,1431678320,776531651,1782407750
dimwishlist:item=617566157&perks=580685494,1431678320,776531651,3108830275
dimwishlist:item=617566157&perks=580685494,1431678320,3643424744,3201496230
dimwishlist:item=617566157&perks=580685494,1431678320,3643424744,1782407750
dimwishlist:item=617566157&perks=580685494,1431678320,3643424744,3108830275
imwishlist:item=617566157&perks=580685494,3721627275,1683379515,3201496230
dimwishlist:item=617566157&perks=580685494,3721627275,1683379515,1782407750
dimwishlist:item=617566157&perks=580685494,3721627275,1683379515,3108830275
dimwishlist:item=617566157&perks=580685494,3721627275,776531651,3201496230
dimwishlist:item=617566157&perks=580685494,3721627275,776531651,1782407750
dimwishlist:item=617566157&perks=580685494,3721627275,776531651,3108830275
dimwishlist:item=617566157&perks=580685494,3721627275,3643424744,3201496230
dimwishlist:item=617566157&perks=580685494,3721627275,3643424744,1782407750
dimwishlist:item=617566157&perks=580685494,3721627275,3643424744,3108830275


// The Heron ()
dimwishlist:item=617566158&perks=580685494,1431678320,1683379515,3201496230
dimwishlist:item=617566158&perks=580685494,1431678320,1683379515,1782407750
dimwishlist:item=617566158&perks=580685494,1431678320,1683379515,3108830275
dimwishlist:item=617566158&perks=580685494,1431678320,776531651,3201496230
dimwishlist:item=617566158&perks=580685494,1431678320,776531651,1782407750
dimwishlist:item=617566158&perks=580685494,1431678320,776531651,3108830275
dimwishlist:item=617566158&perks=580685494,1431678320,3643424744,3201496230
dimwishlist:item=617566158&perks=580685494,1431678320,3643424744,1782407750
dimwishlist:item=617566158&perks=580685494,1431678320,3643424744,3108830275
imwishlist:item=617566158&perks=580685494,3721627275,1683379515,3201496230
dimwishlist:item=617566158&perks=580685494,3721627275,1683379515,1782407750
dimwishlist:item=617566158&perks=580685494,3721627275,1683379515,3108830275
dimwishlist:item=617566158&perks=580685494,3721627275,776531651,3201496230
dimwishlist:item=617566158&perks=580685494,3721627275,776531651,1782407750
dimwishlist:item=617566158&perks=580685494,3721627275,776531651,3108830275
dimwishlist:item=617566158&perks=580685494,3721627275,3643424744,3201496230
dimwishlist:item=617566158&perks=580685494,3721627275,3643424744,1782407750
dimwishlist:item=617566158&perks=580685494,3721627275,3643424744,3108830275


// The Heron ()
dimwishlist:item=617566159&perks=580685494,1431678320,1683379515,3201496230
dimwishlist:item=617566159&perks=580685494,1431678320,1683379515,3108830275
dimwishlist:item=617566159&perks=580685494,1431678320,1683379515,1782407750
dimwishlist:item=617566159&perks=580685494,1431678320,776531651,3201496230
dimwishlist:item=617566159&perks=580685494,1431678320,776531651,3108830275
dimwishlist:item=617566159&perks=580685494,1431678320,776531651,1782407750
dimwishlist:item=617566159&perks=580685494,1431678320,3643424744,3201496230
dimwishlist:item=617566159&perks=580685494,1431678320,3643424744,3108830275
dimwishlist:item=617566159&perks=580685494,1431678320,3643424744,1782407750
imwishlist:item=617566159&perks=580685494,3721627275,1683379515,3201496230
dimwishlist:item=617566159&perks=580685494,3721627275,1683379515,3108830275
dimwishlist:item=617566159&perks=580685494,3721627275,1683379515,1782407750
dimwishlist:item=617566159&perks=580685494,3721627275,776531651,3201496230
dimwishlist:item=617566159&perks=580685494,3721627275,776531651,3108830275
dimwishlist:item=617566159&perks=580685494,3721627275,776531651,1782407750
dimwishlist:item=617566159&perks=580685494,3721627275,3643424744,3201496230
dimwishlist:item=617566159&perks=580685494,3721627275,3643424744,3108830275
dimwishlist:item=617566159&perks=580685494,3721627275,3643424744,1782407750


// Thermal Erosion ()
dimwishlist:item=642545454&perks=839105230,2420895100,4293542123,2890807135
dimwishlist:item=642545454&perks=839105230,2420895100,4293542123,2305480722
dimwishlist:item=642545454&perks=839105230,2420895100,4293542123,657025441
dimwishlist:item=642545454&perks=839105230,2420895100,4293542123,4196156997
dimwishlist:item=642545454&perks=839105230,2420895100,3523296417,2890807135
dimwishlist:item=642545454&perks=839105230,2420895100,3523296417,2305480722
dimwishlist:item=642545454&perks=839105230,2420895100,3523296417,657025441
dimwishlist:item=642545454&perks=839105230,2420895100,3523296417,4196156997
dimwishlist:item=642545454&perks=839105230,1561002382,4293542123,2890807135
dimwishlist:item=642545454&perks=839105230,1561002382,4293542123,2305480722
dimwishlist:item=642545454&perks=839105230,1561002382,4293542123,657025441
dimwishlist:item=642545454&perks=839105230,1561002382,4293542123,4196156997
dimwishlist:item=642545454&perks=839105230,1561002382,3523296417,2890807135
dimwishlist:item=642545454&perks=839105230,1561002382,3523296417,2305480722
dimwishlist:item=642545454&perks=839105230,1561002382,3523296417,657025441
dimwishlist:item=642545454&perks=839105230,1561002382,3523296417,4196156997
dimwishlist:item=642545454&perks=839105230,1431678320,4293542123,2890807135
dimwishlist:item=642545454&perks=839105230,1431678320,4293542123,2305480722
dimwishlist:item=642545454&perks=839105230,1431678320,4293542123,657025441
dimwishlist:item=642545454&perks=839105230,1431678320,4293542123,4196156997
dimwishlist:item=642545454&perks=839105230,1431678320,3523296417,2890807135
dimwishlist:item=642545454&perks=839105230,1431678320,3523296417,2305480722
dimwishlist:item=642545454&perks=839105230,1431678320,3523296417,657025441
dimwishlist:item=642545454&perks=839105230,1431678320,3523296417,4196156997
imwishlist:item=642545454&perks=1840239774,2420895100,4293542123,2890807135
dimwishlist:item=642545454&perks=1840239774,2420895100,4293542123,2305480722
dimwishlist:item=642545454&perks=1840239774,2420895100,4293542123,657025441
dimwishlist:item=642545454&perks=1840239774,2420895100,4293542123,4196156997
dimwishlist:item=642545454&perks=1840239774,2420895100,3523296417,2890807135
dimwishlist:item=642545454&perks=1840239774,2420895100,3523296417,2305480722
dimwishlist:item=642545454&perks=1840239774,2420895100,3523296417,657025441
dimwishlist:item=642545454&perks=1840239774,2420895100,3523296417,4196156997
dimwishlist:item=642545454&perks=1840239774,1561002382,4293542123,2890807135
dimwishlist:item=642545454&perks=1840239774,1561002382,4293542123,2305480722
dimwishlist:item=642545454&perks=1840239774,1561002382,4293542123,657025441
dimwishlist:item=642545454&perks=1840239774,1561002382,4293542123,4196156997
dimwishlist:item=642545454&perks=1840239774,1561002382,3523296417,2890807135
dimwishlist:item=642545454&perks=1840239774,1561002382,3523296417,2305480722
dimwishlist:item=642545454&perks=1840239774,1561002382,3523296417,657025441
dimwishlist:item=642545454&perks=1840239774,1561002382,3523296417,4196156997
dimwishlist:item=642545454&perks=1840239774,1431678320,4293542123,2890807135
dimwishlist:item=642545454&perks=1840239774,1431678320,4293542123,2305480722
dimwishlist:item=642545454&perks=1840239774,1431678320,4293542123,657025441
dimwishlist:item=642545454&perks=1840239774,1431678320,4293542123,4196156997
dimwishlist:item=642545454&perks=1840239774,1431678320,3523296417,2890807135
dimwishlist:item=642545454&perks=1840239774,1431678320,3523296417,2305480722
dimwishlist:item=642545454&perks=1840239774,1431678320,3523296417,657025441
dimwishlist:item=642545454&perks=1840239774,1431678320,3523296417,4196156997

// A Good Shout ()
dimwishlist:item=649691506&perks=1220787353,2955427634,1134488199,2319119708,2697390518
dimwishlist:item=649691506&perks=1220787353,2955427634,1134488199,2319119708,1847323754
dimwishlist:item=649691506&perks=1220787353,2955427634,1134488199,2551157718,2697390518
dimwishlist:item=649691506&perks=1220787353,2955427634,1134488199,2551157718,1847323754
dimwishlist:item=649691506&perks=1220787353,2955427634,3987942396,2319119708,2697390518
dimwishlist:item=649691506&perks=1220787353,2955427634,3987942396,2319119708,1847323754
dimwishlist:item=649691506&perks=1220787353,2955427634,3987942396,2551157718,2697390518
dimwishlist:item=649691506&perks=1220787353,2955427634,3987942396,2551157718,1847323754
dimwishlist:item=649691506&perks=1220787353,2955427634,4042220767,2319119708,2697390518
dimwishlist:item=649691506&perks=1220787353,2955427634,4042220767,2319119708,1847323754
dimwishlist:item=649691506&perks=1220787353,2955427634,4042220767,2551157718,2697390518
dimwishlist:item=649691506&perks=1220787353,2955427634,4042220767,2551157718,1847323754
dimwishlist:item=649691506&perks=1220787353,1069117426,1134488199,2319119708,2697390518
dimwishlist:item=649691506&perks=1220787353,1069117426,1134488199,2319119708,1847323754
dimwishlist:item=649691506&perks=1220787353,1069117426,1134488199,2551157718,2697390518
dimwishlist:item=649691506&perks=1220787353,1069117426,1134488199,2551157718,1847323754
dimwishlist:item=649691506&perks=1220787353,1069117426,3987942396,2319119708,2697390518
dimwishlist:item=649691506&perks=1220787353,1069117426,3987942396,2319119708,1847323754
dimwishlist:item=649691506&perks=1220787353,1069117426,3987942396,2551157718,2697390518
dimwishlist:item=649691506&perks=1220787353,1069117426,3987942396,2551157718,1847323754
dimwishlist:item=649691506&perks=1220787353,1069117426,4042220767,2319119708,2697390518
dimwishlist:item=649691506&perks=1220787353,1069117426,4042220767,2319119708,1847323754
dimwishlist:item=649691506&perks=1220787353,1069117426,4042220767,2551157718,2697390518
dimwishlist:item=649691506&perks=1220787353,1069117426,4042220767,2551157718,1847323754
dimwishlist:item=649691506&perks=1220787353,1202133695,1134488199,2319119708,2697390518
dimwishlist:item=649691506&perks=1220787353,1202133695,1134488199,2319119708,1847323754
dimwishlist:item=649691506&perks=1220787353,1202133695,1134488199,2551157718,2697390518
dimwishlist:item=649691506&perks=1220787353,1202133695,1134488199,2551157718,1847323754
dimwishlist:item=649691506&perks=1220787353,1202133695,3987942396,2319119708,2697390518
dimwishlist:item=649691506&perks=1220787353,1202133695,3987942396,2319119708,1847323754
dimwishlist:item=649691506&perks=1220787353,1202133695,3987942396,2551157718,2697390518
dimwishlist:item=649691506&perks=1220787353,1202133695,3987942396,2551157718,1847323754
dimwishlist:item=649691506&perks=1220787353,1202133695,4042220767,2319119708,2697390518
dimwishlist:item=649691506&perks=1220787353,1202133695,4042220767,2319119708,1847323754
dimwishlist:item=649691506&perks=1220787353,1202133695,4042220767,2551157718,2697390518
dimwishlist:item=649691506&perks=1220787353,1202133695,4042220767,2551157718,1847323754
dimwishlist:item=649691506&perks=1220787353,2181638943,1134488199,2319119708,2697390518
dimwishlist:item=649691506&perks=1220787353,2181638943,1134488199,2319119708,1847323754
dimwishlist:item=649691506&perks=1220787353,2181638943,1134488199,2551157718,2697390518
dimwishlist:item=649691506&perks=1220787353,2181638943,1134488199,2551157718,1847323754
dimwishlist:item=649691506&perks=1220787353,2181638943,3987942396,2319119708,2697390518
dimwishlist:item=649691506&perks=1220787353,2181638943,3987942396,2319119708,1847323754
dimwishlist:item=649691506&perks=1220787353,2181638943,3987942396,2551157718,2697390518
dimwishlist:item=649691506&perks=1220787353,2181638943,3987942396,2551157718,1847323754
dimwishlist:item=649691506&perks=1220787353,2181638943,4042220767,2319119708,2697390518
dimwishlist:item=649691506&perks=1220787353,2181638943,4042220767,2319119708,1847323754
dimwishlist:item=649691506&perks=1220787353,2181638943,4042220767,2551157718,2697390518
dimwishlist:item=649691506&perks=1220787353,2181638943,4042220767,2551157718,1847323754


// Unending Tempest ()
dimwishlist:item=673621062&perks=839105230,1431678320,243981275,2922950962
dimwishlist:item=673621062&perks=839105230,1431678320,243981275,124408337
dimwishlist:item=673621062&perks=839105230,1431678320,243981275,3640170453
imwishlist:item=673621062&perks=1840239774,1431678320,243981275,2922950962
dimwishlist:item=673621062&perks=1840239774,1431678320,243981275,124408337
dimwishlist:item=673621062&perks=1840239774,1431678320,243981275,3640170453

// Lance Ephemeral ()
dimwishlist:item=688593230&perks=1840239774,106909392,1354429876,3078487919
dimwishlist:item=688593230&perks=1840239774,106909392,1354429876,3201496230
dimwishlist:item=688593230&perks=1840239774,106909392,1354429876,1089671869
dimwishlist:item=688593230&perks=1840239774,106909392,1556840489,3078487919
dimwishlist:item=688593230&perks=1840239774,106909392,1556840489,3201496230
dimwishlist:item=688593230&perks=1840239774,106909392,1556840489,1089671869


// Something Something ()
dimwishlist:item=690412397&perks=1840239774,2420895100,3400784728,3201496230,3713579091
dimwishlist:item=690412397&perks=1840239774,2420895100,3400784728,3201496230,2671305723
dimwishlist:item=690412397&perks=1840239774,2420895100,3400784728,1089671869,3713579091
dimwishlist:item=690412397&perks=1840239774,2420895100,3400784728,1089671869,2671305723
dimwishlist:item=690412397&perks=1840239774,2420895100,3400784728,1226351311,3713579091
dimwishlist:item=690412397&perks=1840239774,2420895100,3400784728,1226351311,2671305723
dimwishlist:item=690412397&perks=1840239774,2420895100,573122728,3201496230,3713579091
dimwishlist:item=690412397&perks=1840239774,2420895100,573122728,3201496230,2671305723
dimwishlist:item=690412397&perks=1840239774,2420895100,573122728,1089671869,3713579091
dimwishlist:item=690412397&perks=1840239774,2420895100,573122728,1089671869,2671305723
dimwishlist:item=690412397&perks=1840239774,2420895100,573122728,1226351311,3713579091
dimwishlist:item=690412397&perks=1840239774,2420895100,573122728,1226351311,2671305723
dimwishlist:item=690412397&perks=1840239774,2420895100,3978468247,3201496230,3713579091
dimwishlist:item=690412397&perks=1840239774,2420895100,3978468247,3201496230,2671305723
dimwishlist:item=690412397&perks=1840239774,2420895100,3978468247,1089671869,3713579091
dimwishlist:item=690412397&perks=1840239774,2420895100,3978468247,1089671869,2671305723
dimwishlist:item=690412397&perks=1840239774,2420895100,3978468247,1226351311,3713579091
dimwishlist:item=690412397&perks=1840239774,2420895100,3978468247,1226351311,2671305723


// Found Verdict ()
dimwishlist:item=694500607&perks=1300023272,791862061,3764420437,2360754333
dimwishlist:item=694500607&perks=1300023272,791862061,3764420437,654512643
dimwishlist:item=694500607&perks=1300023272,791862061,3764420437,4065965131
dimwishlist:item=694500607&perks=1300023272,791862061,3764420437,2679249093
dimwishlist:item=694500607&perks=1300023272,791862061,3978468247,2360754333
dimwishlist:item=694500607&perks=1300023272,791862061,3978468247,654512643
dimwishlist:item=694500607&perks=1300023272,791862061,3978468247,4065965131
dimwishlist:item=694500607&perks=1300023272,791862061,3978468247,2679249093
dimwishlist:item=694500607&perks=1300023272,791862061,3418782618,2360754333
dimwishlist:item=694500607&perks=1300023272,791862061,3418782618,654512643
dimwishlist:item=694500607&perks=1300023272,791862061,3418782618,4065965131
dimwishlist:item=694500607&perks=1300023272,791862061,3418782618,2679249093
dimwishlist:item=694500607&perks=1300023272,791862061,1563455254,2360754333
dimwishlist:item=694500607&perks=1300023272,791862061,1563455254,654512643
dimwishlist:item=694500607&perks=1300023272,791862061,1563455254,4065965131
dimwishlist:item=694500607&perks=1300023272,791862061,1563455254,2679249093
dimwishlist:item=694500607&perks=1300023272,1488599449,3764420437,2360754333
dimwishlist:item=694500607&perks=1300023272,1488599449,3764420437,654512643
dimwishlist:item=694500607&perks=1300023272,1488599449,3764420437,4065965131
dimwishlist:item=694500607&perks=1300023272,1488599449,3764420437,2679249093
dimwishlist:item=694500607&perks=1300023272,1488599449,3978468247,2360754333
dimwishlist:item=694500607&perks=1300023272,1488599449,3978468247,654512643
dimwishlist:item=694500607&perks=1300023272,1488599449,3978468247,4065965131
dimwishlist:item=694500607&perks=1300023272,1488599449,3978468247,2679249093
dimwishlist:item=694500607&perks=1300023272,1488599449,3418782618,2360754333
dimwishlist:item=694500607&perks=1300023272,1488599449,3418782618,654512643
dimwishlist:item=694500607&perks=1300023272,1488599449,3418782618,4065965131
dimwishlist:item=694500607&perks=1300023272,1488599449,3418782618,2679249093
dimwishlist:item=694500607&perks=1300023272,1488599449,1563455254,2360754333
dimwishlist:item=694500607&perks=1300023272,1488599449,1563455254,654512643
dimwishlist:item=694500607&perks=1300023272,1488599449,1563455254,4065965131
dimwishlist:item=694500607&perks=1300023272,1488599449,1563455254,2679249093


// Hung Jury SR4 ()
dimwishlist:item=697459665&perks=1840239774,1431678320,3891536761,3824105627
dimwishlist:item=697459665&perks=1840239774,1431678320,3891536761,3038247973
dimwishlist:item=697459665&perks=1840239774,1431678320,3891536761,64866129
dimwishlist:item=697459665&perks=1840239774,1431678320,3891536761,1202584452
dimwishlist:item=697459665&perks=1840239774,1431678320,3891536761,2138673996
dimwishlist:item=697459665&perks=1840239774,1431678320,3700496672,3824105627
dimwishlist:item=697459665&perks=1840239774,1431678320,3700496672,3038247973
dimwishlist:item=697459665&perks=1840239774,1431678320,3700496672,64866129
dimwishlist:item=697459665&perks=1840239774,1431678320,3700496672,1202584452
dimwishlist:item=697459665&perks=1840239774,1431678320,3700496672,2138673996

// Doomsday ()
dimwishlist:item=713132408&perks=3525010810,3301904089,3987942396,3078487919
dimwishlist:item=713132408&perks=3525010810,3301904089,3987942396,3194351027
dimwishlist:item=713132408&perks=3525010810,3301904089,3987942396,2396489472
dimwishlist:item=713132408&perks=3525010810,3301904089,243981275,3078487919
dimwishlist:item=713132408&perks=3525010810,3301904089,243981275,3194351027
dimwishlist:item=713132408&perks=3525010810,3301904089,243981275,2396489472


// Unfall ()
dimwishlist:item=738446555&perks=1478423395,1380253176,1556840489,3966416502
dimwishlist:item=738446555&perks=1478423395,1380253176,1556840489,3081867624
dimwishlist:item=738446555&perks=1478423395,1380253176,951095735,3966416502
dimwishlist:item=738446555&perks=1478423395,1380253176,951095735,3081867624
dimwishlist:item=738446555&perks=1478423395,1380253176,3878366039,3966416502
dimwishlist:item=738446555&perks=1478423395,1380253176,3878366039,3081867624
dimwishlist:item=738446555&perks=1478423395,1380253176,1683379515,3966416502
dimwishlist:item=738446555&perks=1478423395,1380253176,1683379515,3081867624
dimwishlist:item=738446555&perks=3525010810,1380253176,1556840489,3966416502
dimwishlist:item=738446555&perks=3525010810,1380253176,1556840489,3081867624
dimwishlist:item=738446555&perks=3525010810,1380253176,951095735,3966416502
dimwishlist:item=738446555&perks=3525010810,1380253176,951095735,3081867624
dimwishlist:item=738446555&perks=3525010810,1380253176,3878366039,3966416502
dimwishlist:item=738446555&perks=3525010810,1380253176,3878366039,3081867624
dimwishlist:item=738446555&perks=3525010810,1380253176,1683379515,3966416502
dimwishlist:item=738446555&perks=3525010810,1380253176,1683379515,3081867624


// Redrix's Estoc ()
dimwishlist:item=747743636&perks=839105230,1431678320,3824105627,124408337
dimwishlist:item=747743636&perks=839105230,1431678320,2922950962,124408337
imwishlist:item=747743636&perks=1840239774,1431678320,3824105627,124408337
dimwishlist:item=747743636&perks=1840239774,1431678320,2922950962,124408337

// Belisarius-D ()
dimwishlist:item=747743637&perks=839105230,1431678320,923806249,3824105627
dimwishlist:item=747743637&perks=839105230,1431678320,923806249,831391274
dimwishlist:item=747743637&perks=839105230,1431678320,960997401,3824105627
dimwishlist:item=747743637&perks=839105230,1431678320,960997401,831391274
dimwishlist:item=747743637&perks=839105230,1431678320,3244229373,3824105627
dimwishlist:item=747743637&perks=839105230,1431678320,3244229373,831391274
dimwishlist:item=747743637&perks=839105230,1431678320,2848615171,3824105627
dimwishlist:item=747743637&perks=839105230,1431678320,2848615171,831391274
dimwishlist:item=747743637&perks=839105230,1431678320,169755979,3824105627
dimwishlist:item=747743637&perks=839105230,1431678320,169755979,831391274
imwishlist:item=747743637&perks=839105230,1561002382,923806249,3824105627
dimwishlist:item=747743637&perks=839105230,1561002382,923806249,831391274
dimwishlist:item=747743637&perks=839105230,1561002382,960997401,3824105627
dimwishlist:item=747743637&perks=839105230,1561002382,960997401,831391274
dimwishlist:item=747743637&perks=839105230,1561002382,3244229373,3824105627
dimwishlist:item=747743637&perks=839105230,1561002382,3244229373,831391274
dimwishlist:item=747743637&perks=839105230,1561002382,2848615171,3824105627
dimwishlist:item=747743637&perks=839105230,1561002382,2848615171,831391274
dimwishlist:item=747743637&perks=839105230,1561002382,169755979,3824105627
dimwishlist:item=747743637&perks=839105230,1561002382,169755979,831391274
dimwishlist:item=747743637&perks=1840239774,1431678320,923806249,3824105627
dimwishlist:item=747743637&perks=1840239774,1431678320,923806249,831391274
dimwishlist:item=747743637&perks=1840239774,1431678320,960997401,3824105627
dimwishlist:item=747743637&perks=1840239774,1431678320,960997401,831391274
dimwishlist:item=747743637&perks=1840239774,1431678320,3244229373,3824105627
dimwishlist:item=747743637&perks=1840239774,1431678320,3244229373,831391274
dimwishlist:item=747743637&perks=1840239774,1431678320,2848615171,3824105627
dimwishlist:item=747743637&perks=1840239774,1431678320,2848615171,831391274
dimwishlist:item=747743637&perks=1840239774,1431678320,169755979,3824105627
dimwishlist:item=747743637&perks=1840239774,1431678320,169755979,831391274
imwishlist:item=747743637&perks=1840239774,1561002382,923806249,3824105627
dimwishlist:item=747743637&perks=1840239774,1561002382,923806249,831391274
dimwishlist:item=747743637&perks=1840239774,1561002382,960997401,3824105627
dimwishlist:item=747743637&perks=1840239774,1561002382,960997401,831391274
dimwishlist:item=747743637&perks=1840239774,1561002382,3244229373,3824105627
dimwishlist:item=747743637&perks=1840239774,1561002382,3244229373,831391274
dimwishlist:item=747743637&perks=1840239774,1561002382,2848615171,3824105627
dimwishlist:item=747743637&perks=1840239774,1561002382,2848615171,831391274
dimwishlist:item=747743637&perks=1840239774,1561002382,169755979,3824105627
dimwishlist:item=747743637&perks=1840239774,1561002382,169755979,831391274


// Bygones ()
dimwishlist:item=767170345&perks=839105230,1431678320,243981275,3891536761
dimwishlist:item=767170345&perks=839105230,1431678320,3700496672,3891536761
dimwishlist:item=767170345&perks=839105230,1431678320,1517798362,3891536761
imwishlist:item=767170345&perks=839105230,1561002382,243981275,3891536761
dimwishlist:item=767170345&perks=839105230,1561002382,3700496672,3891536761
dimwishlist:item=767170345&perks=839105230,1561002382,1517798362,3891536761
dimwishlist:item=767170345&perks=1840239774,1431678320,243981275,3891536761
dimwishlist:item=767170345&perks=1840239774,1431678320,3700496672,3891536761
dimwishlist:item=767170345&perks=1840239774,1431678320,1517798362,3891536761
imwishlist:item=767170345&perks=1840239774,1561002382,243981275,3891536761
dimwishlist:item=767170345&perks=1840239774,1561002382,3700496672,3891536761
dimwishlist:item=767170345&perks=1840239774,1561002382,1517798362,3891536761


// Insidious (Adept) ()
dimwishlist:item=786352912&perks=839105230,1431678320,2848615171,2173046394
dimwishlist:item=786352912&perks=839105230,1431678320,2848615171,3640170453
dimwishlist:item=786352912&perks=839105230,1431678320,169755979,2173046394
dimwishlist:item=786352912&perks=839105230,1431678320,169755979,3640170453
dimwishlist:item=786352912&perks=839105230,1431678320,3218042543,2173046394
dimwishlist:item=786352912&perks=839105230,1431678320,3218042543,3640170453
dimwishlist:item=786352912&perks=839105230,1431678320,2633604463,2173046394
dimwishlist:item=786352912&perks=839105230,1431678320,2633604463,3640170453
dimwishlist:item=786352912&perks=839105230,1431678320,4104185692,2173046394
dimwishlist:item=786352912&perks=839105230,1431678320,4104185692,3640170453
dimwishlist:item=786352912&perks=839105230,1431678320,3007133316,2173046394
dimwishlist:item=786352912&perks=839105230,1431678320,3007133316,3640170453
imwishlist:item=786352912&perks=1840239774,1431678320,2848615171,2173046394
dimwishlist:item=786352912&perks=1840239774,1431678320,2848615171,3640170453
dimwishlist:item=786352912&perks=1840239774,1431678320,169755979,2173046394
dimwishlist:item=786352912&perks=1840239774,1431678320,169755979,3640170453
dimwishlist:item=786352912&perks=1840239774,1431678320,3218042543,2173046394
dimwishlist:item=786352912&perks=1840239774,1431678320,3218042543,3640170453
dimwishlist:item=786352912&perks=1840239774,1431678320,2633604463,2173046394
dimwishlist:item=786352912&perks=1840239774,1431678320,2633604463,3640170453
dimwishlist:item=786352912&perks=1840239774,1431678320,4104185692,2173046394
dimwishlist:item=786352912&perks=1840239774,1431678320,4104185692,3640170453
dimwishlist:item=786352912&perks=1840239774,1431678320,3007133316,2173046394
dimwishlist:item=786352912&perks=1840239774,1431678320,3007133316,3640170453

// Trust ()
dimwishlist:item=810474118&perks=1840239774,1431678320,3824105627,4293542123
dimwishlist:item=810474118&perks=1840239774,1431678320,3824105627,3038247973
dimwishlist:item=810474118&perks=1840239774,1431678320,3824105627,64866129

// DEADHORSE 04 ()
dimwishlist:item=822872238&perks=839105230,1431678320,1955165503,2922950962
dimwishlist:item=822872238&perks=839105230,1431678320,2360347339,2922950962
dimwishlist:item=822872238&perks=839105230,1431678320,4096144819,2922950962
imwishlist:item=822872238&perks=1840239774,1431678320,1955165503,2922950962
dimwishlist:item=822872238&perks=1840239774,1431678320,2360347339,2922950962
dimwishlist:item=822872238&perks=1840239774,1431678320,4096144819,2922950962

// Noxious Vetiver ()
dimwishlist:item=825495813&perks=839105230,1431678320,243981275,3966416502
imwishlist:item=825495813&perks=1840239774,1431678320,243981275,3966416502

// Chattering Bone ()
dimwishlist:item=830651379&perks=839105230,1431678320,1015611457,3891536761
dimwishlist:item=830651379&perks=839105230,1431678320,1015611457,3640170453
dimwishlist:item=830651379&perks=839105230,1431678320,1015611457,1202584452
dimwishlist:item=830651379&perks=839105230,1431678320,1015611457,2138673996
dimwishlist:item=830651379&perks=839105230,1431678320,2923251173,3891536761
dimwishlist:item=830651379&perks=839105230,1431678320,2923251173,3640170453
dimwishlist:item=830651379&perks=839105230,1431678320,2923251173,1202584452
dimwishlist:item=830651379&perks=839105230,1431678320,2923251173,2138673996
dimwishlist:item=830651379&perks=839105230,1431678320,243981275,3891536761
dimwishlist:item=830651379&perks=839105230,1431678320,243981275,3640170453
dimwishlist:item=830651379&perks=839105230,1431678320,243981275,1202584452
dimwishlist:item=830651379&perks=839105230,1431678320,243981275,2138673996
dimwishlist:item=830651379&perks=839105230,1431678320,2289534249,3891536761
dimwishlist:item=830651379&perks=839105230,1431678320,2289534249,3640170453
dimwishlist:item=830651379&perks=839105230,1431678320,2289534249,1202584452
dimwishlist:item=830651379&perks=839105230,1431678320,2289534249,2138673996
imwishlist:item=830651379&perks=1840239774,1431678320,1015611457,3891536761
dimwishlist:item=830651379&perks=1840239774,1431678320,1015611457,3640170453
dimwishlist:item=830651379&perks=1840239774,1431678320,1015611457,1202584452
dimwishlist:item=830651379&perks=1840239774,1431678320,1015611457,2138673996
dimwishlist:item=830651379&perks=1840239774,1431678320,2923251173,3891536761
dimwishlist:item=830651379&perks=1840239774,1431678320,2923251173,3640170453
dimwishlist:item=830651379&perks=1840239774,1431678320,2923251173,1202584452
dimwishlist:item=830651379&perks=1840239774,1431678320,2923251173,2138673996
dimwishlist:item=830651379&perks=1840239774,1431678320,243981275,3891536761
dimwishlist:item=830651379&perks=1840239774,1431678320,243981275,3640170453
dimwishlist:item=830651379&perks=1840239774,1431678320,243981275,1202584452
dimwishlist:item=830651379&perks=1840239774,1431678320,243981275,2138673996
dimwishlist:item=830651379&perks=1840239774,1431678320,2289534249,3891536761
dimwishlist:item=830651379&perks=1840239774,1431678320,2289534249,3640170453
dimwishlist:item=830651379&perks=1840239774,1431678320,2289534249,1202584452
dimwishlist:item=830651379&perks=1840239774,1431678320,2289534249,2138673996

// Abyss Defiant ()
dimwishlist:item=833898322&perks=839105230,1561002382,2890807135,4293542123
dimwishlist:item=833898322&perks=839105230,1561002382,3017780555,4293542123
dimwishlist:item=833898322&perks=1840239774,1561002382,2890807135,4293542123
dimwishlist:item=833898322&perks=1840239774,1561002382,3017780555,4293542123


// Lotus-Eater ()
dimwishlist:item=837298567&perks=1478423395,1431678320,776531651,2048641572,3713579091
dimwishlist:item=837298567&perks=1478423395,1431678320,776531651,2048641572,2671305723
dimwishlist:item=837298567&perks=1478423395,1431678320,776531651,3708227201,3713579091
dimwishlist:item=837298567&perks=1478423395,1431678320,776531651,3708227201,2671305723
dimwishlist:item=837298567&perks=1478423395,1431678320,776531651,1134488199,3713579091
dimwishlist:item=837298567&perks=1478423395,1431678320,776531651,1134488199,2671305723
dimwishlist:item=837298567&perks=1478423395,1431678320,1421772400,2048641572,3713579091
dimwishlist:item=837298567&perks=1478423395,1431678320,1421772400,2048641572,2671305723
dimwishlist:item=837298567&perks=1478423395,1431678320,1421772400,3708227201,3713579091
dimwishlist:item=837298567&perks=1478423395,1431678320,1421772400,3708227201,2671305723
dimwishlist:item=837298567&perks=1478423395,1431678320,1421772400,1134488199,3713579091
dimwishlist:item=837298567&perks=1478423395,1431678320,1421772400,1134488199,2671305723
imwishlist:item=837298567&perks=3525010810,1431678320,776531651,2048641572,3713579091
dimwishlist:item=837298567&perks=3525010810,1431678320,776531651,2048641572,2671305723
dimwishlist:item=837298567&perks=3525010810,1431678320,776531651,3708227201,3713579091
dimwishlist:item=837298567&perks=3525010810,1431678320,776531651,3708227201,2671305723
dimwishlist:item=837298567&perks=3525010810,1431678320,776531651,1134488199,3713579091
dimwishlist:item=837298567&perks=3525010810,1431678320,776531651,1134488199,2671305723
dimwishlist:item=837298567&perks=3525010810,1431678320,1421772400,2048641572,3713579091
dimwishlist:item=837298567&perks=3525010810,1431678320,1421772400,2048641572,2671305723
dimwishlist:item=837298567&perks=3525010810,1431678320,1421772400,3708227201,3713579091
dimwishlist:item=837298567&perks=3525010810,1431678320,1421772400,3708227201,2671305723
dimwishlist:item=837298567&perks=3525010810,1431678320,1421772400,1134488199,3713579091
dimwishlist:item=837298567&perks=3525010810,1431678320,1421772400,1134488199,2671305723

// Apostate ()
dimwishlist:item=846241149&perks=1840239774,106909392,3700496672,3038247973
dimwishlist:item=846241149&perks=1840239774,106909392,3700496672,64866129
dimwishlist:item=846241149&perks=1840239774,106909392,3700496672,654512643
dimwishlist:item=846241149&perks=1840239774,106909392,3700496672,4065965131
dimwishlist:item=846241149&perks=1840239774,106909392,3400784728,3038247973
dimwishlist:item=846241149&perks=1840239774,106909392,3400784728,64866129
dimwishlist:item=846241149&perks=1840239774,106909392,3400784728,654512643
dimwishlist:item=846241149&perks=1840239774,106909392,3400784728,4065965131
dimwishlist:item=846241149&perks=1840239774,106909392,573122728,3038247973
dimwishlist:item=846241149&perks=1840239774,106909392,573122728,64866129
dimwishlist:item=846241149&perks=1840239774,106909392,573122728,654512643
dimwishlist:item=846241149&perks=1840239774,106909392,573122728,4065965131
dimwishlist:item=846241149&perks=1840239774,106909392,1556840489,3038247973
dimwishlist:item=846241149&perks=1840239774,106909392,1556840489,64866129
dimwishlist:item=846241149&perks=1840239774,106909392,1556840489,654512643
dimwishlist:item=846241149&perks=1840239774,106909392,1556840489,4065965131


// Hammerhead ()
dimwishlist:item=850999853&perks=839105230,2420895100,2048641572,2305480722
dimwishlist:item=850999853&perks=839105230,2420895100,2048641572,1464081238
dimwishlist:item=850999853&perks=839105230,2420895100,2048641572,2813913866
dimwishlist:item=850999853&perks=839105230,2420895100,2048641572,2109543898
dimwishlist:item=850999853&perks=839105230,2420895100,3425386926,2305480722
dimwishlist:item=850999853&perks=839105230,2420895100,3425386926,1464081238
dimwishlist:item=850999853&perks=839105230,2420895100,3425386926,2813913866
dimwishlist:item=850999853&perks=839105230,2420895100,3425386926,2109543898
dimwishlist:item=850999853&perks=839105230,2420895100,3523296417,2305480722
dimwishlist:item=850999853&perks=839105230,2420895100,3523296417,1464081238
dimwishlist:item=850999853&perks=839105230,2420895100,3523296417,2813913866
dimwishlist:item=850999853&perks=839105230,2420895100,3523296417,2109543898
dimwishlist:item=850999853&perks=839105230,1561002382,2048641572,2305480722
dimwishlist:item=850999853&perks=839105230,1561002382,2048641572,1464081238
dimwishlist:item=850999853&perks=839105230,1561002382,2048641572,2813913866
dimwishlist:item=850999853&perks=839105230,1561002382,2048641572,2109543898
dimwishlist:item=850999853&perks=839105230,1561002382,3425386926,2305480722
dimwishlist:item=850999853&perks=839105230,1561002382,3425386926,1464081238
dimwishlist:item=850999853&perks=839105230,1561002382,3425386926,2813913866
dimwishlist:item=850999853&perks=839105230,1561002382,3425386926,2109543898
dimwishlist:item=850999853&perks=839105230,1561002382,3523296417,2305480722
dimwishlist:item=850999853&perks=839105230,1561002382,3523296417,1464081238
dimwishlist:item=850999853&perks=839105230,1561002382,3523296417,2813913866
dimwishlist:item=850999853&perks=839105230,1561002382,3523296417,2109543898
dimwishlist:item=850999853&perks=839105230,1431678320,2048641572,2305480722
dimwishlist:item=850999853&perks=839105230,1431678320,2048641572,1464081238
dimwishlist:item=850999853&perks=839105230,1431678320,2048641572,2813913866
dimwishlist:item=850999853&perks=839105230,1431678320,2048641572,2109543898
dimwishlist:item=850999853&perks=839105230,1431678320,3425386926,2305480722
dimwishlist:item=850999853&perks=839105230,1431678320,3425386926,1464081238
dimwishlist:item=850999853&perks=839105230,1431678320,3425386926,2813913866
dimwishlist:item=850999853&perks=839105230,1431678320,3425386926,2109543898
dimwishlist:item=850999853&perks=839105230,1431678320,3523296417,2305480722
dimwishlist:item=850999853&perks=839105230,1431678320,3523296417,1464081238
dimwishlist:item=850999853&perks=839105230,1431678320,3523296417,2813913866
dimwishlist:item=850999853&perks=839105230,1431678320,3523296417,2109543898
imwishlist:item=850999853&perks=1840239774,2420895100,2048641572,2305480722
dimwishlist:item=850999853&perks=1840239774,2420895100,2048641572,1464081238
dimwishlist:item=850999853&perks=1840239774,2420895100,2048641572,2813913866
dimwishlist:item=850999853&perks=1840239774,2420895100,2048641572,2109543898
dimwishlist:item=850999853&perks=1840239774,2420895100,3425386926,2305480722
dimwishlist:item=850999853&perks=1840239774,2420895100,3425386926,1464081238
dimwishlist:item=850999853&perks=1840239774,2420895100,3425386926,2813913866
dimwishlist:item=850999853&perks=1840239774,2420895100,3425386926,2109543898
dimwishlist:item=850999853&perks=1840239774,2420895100,3523296417,2305480722
dimwishlist:item=850999853&perks=1840239774,2420895100,3523296417,1464081238
dimwishlist:item=850999853&perks=1840239774,2420895100,3523296417,2813913866
dimwishlist:item=850999853&perks=1840239774,2420895100,3523296417,2109543898
dimwishlist:item=850999853&perks=1840239774,1561002382,2048641572,2305480722
dimwishlist:item=850999853&perks=1840239774,1561002382,2048641572,1464081238
dimwishlist:item=850999853&perks=1840239774,1561002382,2048641572,2813913866
dimwishlist:item=850999853&perks=1840239774,1561002382,2048641572,2109543898
dimwishlist:item=850999853&perks=1840239774,1561002382,3425386926,2305480722
dimwishlist:item=850999853&perks=1840239774,1561002382,3425386926,1464081238
dimwishlist:item=850999853&perks=1840239774,1561002382,3425386926,2813913866
dimwishlist:item=850999853&perks=1840239774,1561002382,3425386926,2109543898
dimwishlist:item=850999853&perks=1840239774,1561002382,3523296417,2305480722
dimwishlist:item=850999853&perks=1840239774,1561002382,3523296417,1464081238
dimwishlist:item=850999853&perks=1840239774,1561002382,3523296417,2813913866
dimwishlist:item=850999853&perks=1840239774,1561002382,3523296417,2109543898
dimwishlist:item=850999853&perks=1840239774,1431678320,2048641572,2305480722
dimwishlist:item=850999853&perks=1840239774,1431678320,2048641572,1464081238
dimwishlist:item=850999853&perks=1840239774,1431678320,2048641572,2813913866
dimwishlist:item=850999853&perks=1840239774,1431678320,2048641572,2109543898
dimwishlist:item=850999853&perks=1840239774,1431678320,3425386926,2305480722
dimwishlist:item=850999853&perks=1840239774,1431678320,3425386926,1464081238
dimwishlist:item=850999853&perks=1840239774,1431678320,3425386926,2813913866
dimwishlist:item=850999853&perks=1840239774,1431678320,3425386926,2109543898
dimwishlist:item=850999853&perks=1840239774,1431678320,3523296417,2305480722
dimwishlist:item=850999853&perks=1840239774,1431678320,3523296417,1464081238
dimwishlist:item=850999853&perks=1840239774,1431678320,3523296417,2813913866
dimwishlist:item=850999853&perks=1840239774,1431678320,3523296417,2109543898

// Found Verdict (Timelost) ()
dimwishlist:item=851296754&perks=1300023272,791862061,3978468247,2679249093
dimwishlist:item=851296754&perks=1300023272,791862061,3978468247,654512643
dimwishlist:item=851296754&perks=1300023272,791862061,3978468247,4065965131
dimwishlist:item=851296754&perks=1300023272,791862061,3978468247,2360754333
dimwishlist:item=851296754&perks=1300023272,791862061,3418782618,2679249093
dimwishlist:item=851296754&perks=1300023272,791862061,3418782618,654512643
dimwishlist:item=851296754&perks=1300023272,791862061,3418782618,4065965131
dimwishlist:item=851296754&perks=1300023272,791862061,3418782618,2360754333
dimwishlist:item=851296754&perks=1300023272,791862061,1563455254,2679249093
dimwishlist:item=851296754&perks=1300023272,791862061,1563455254,654512643
dimwishlist:item=851296754&perks=1300023272,791862061,1563455254,4065965131
dimwishlist:item=851296754&perks=1300023272,791862061,1563455254,2360754333
dimwishlist:item=851296754&perks=1300023272,791862061,3764420437,2679249093
dimwishlist:item=851296754&perks=1300023272,791862061,3764420437,654512643
dimwishlist:item=851296754&perks=1300023272,791862061,3764420437,4065965131
dimwishlist:item=851296754&perks=1300023272,791862061,3764420437,2360754333
dimwishlist:item=851296754&perks=1300023272,1488599449,3978468247,2679249093
dimwishlist:item=851296754&perks=1300023272,1488599449,3978468247,654512643
dimwishlist:item=851296754&perks=1300023272,1488599449,3978468247,4065965131
dimwishlist:item=851296754&perks=1300023272,1488599449,3978468247,2360754333
dimwishlist:item=851296754&perks=1300023272,1488599449,3418782618,2679249093
dimwishlist:item=851296754&perks=1300023272,1488599449,3418782618,654512643
dimwishlist:item=851296754&perks=1300023272,1488599449,3418782618,4065965131
dimwishlist:item=851296754&perks=1300023272,1488599449,3418782618,2360754333
dimwishlist:item=851296754&perks=1300023272,1488599449,1563455254,2679249093
dimwishlist:item=851296754&perks=1300023272,1488599449,1563455254,654512643
dimwishlist:item=851296754&perks=1300023272,1488599449,1563455254,4065965131
dimwishlist:item=851296754&perks=1300023272,1488599449,1563455254,2360754333
dimwishlist:item=851296754&perks=1300023272,1488599449,3764420437,2679249093
dimwishlist:item=851296754&perks=1300023272,1488599449,3764420437,654512643
dimwishlist:item=851296754&perks=1300023272,1488599449,3764420437,4065965131
dimwishlist:item=851296754&perks=1300023272,1488599449,3764420437,2360754333


// Loaded Question ()
dimwishlist:item=852069910&perks=839105230,689005463,3300816228,1427256713
dimwishlist:item=852069910&perks=839105230,689005463,3300816228,2594592626
dimwishlist:item=852069910&perks=839105230,689005463,3643424744,1427256713
dimwishlist:item=852069910&perks=839105230,689005463,3643424744,2594592626
dimwishlist:item=852069910&perks=839105230,689005463,968510818,1427256713
dimwishlist:item=852069910&perks=839105230,689005463,968510818,2594592626
dimwishlist:item=852069910&perks=839105230,689005463,424370782,1427256713
dimwishlist:item=852069910&perks=839105230,689005463,424370782,2594592626
dimwishlist:item=852069910&perks=1840239774,689005463,3300816228,1427256713
dimwishlist:item=852069910&perks=1840239774,689005463,3300816228,2594592626
dimwishlist:item=852069910&perks=1840239774,689005463,3643424744,1427256713
dimwishlist:item=852069910&perks=1840239774,689005463,3643424744,2594592626
dimwishlist:item=852069910&perks=1840239774,689005463,968510818,1427256713
dimwishlist:item=852069910&perks=1840239774,689005463,968510818,2594592626
dimwishlist:item=852069910&perks=1840239774,689005463,424370782,1427256713
dimwishlist:item=852069910&perks=1840239774,689005463,424370782,2594592626


// Nullify ()
dimwishlist:item=859869931&perks=1840239774,1431678320,3017780555,3640170453
dimwishlist:item=859869931&perks=1840239774,1431678320,3017780555,4293542123
dimwishlist:item=859869931&perks=1840239774,1431678320,3017780555,657025441
dimwishlist:item=859869931&perks=1840239774,1431678320,3017780555,4196156997
dimwishlist:item=859869931&perks=1840239774,1431678320,2890807135,3640170453
dimwishlist:item=859869931&perks=1840239774,1431678320,2890807135,4293542123
dimwishlist:item=859869931&perks=1840239774,1431678320,2890807135,657025441
dimwishlist:item=859869931&perks=1840239774,1431678320,2890807135,4196156997
dimwishlist:item=859869931&perks=1840239774,1431678320,3824105627,3640170453
dimwishlist:item=859869931&perks=1840239774,1431678320,3824105627,4293542123
dimwishlist:item=859869931&perks=1840239774,1431678320,3824105627,657025441
dimwishlist:item=859869931&perks=1840239774,1431678320,3824105627,4196156997

// The Riposte ()
dimwishlist:item=866434750&perks=839105230,1431678320,776531651,2048641572
dimwishlist:item=866434750&perks=839105230,1431678320,776531651,2109543898
dimwishlist:item=866434750&perks=839105230,1431678320,3182497402,2048641572
dimwishlist:item=866434750&perks=839105230,1431678320,3182497402,2109543898
dimwishlist:item=866434750&perks=839105230,1431678320,1464081238,2048641572
dimwishlist:item=866434750&perks=839105230,1431678320,1464081238,2109543898
dimwishlist:item=866434750&perks=839105230,1431678320,2813913866,2048641572
dimwishlist:item=866434750&perks=839105230,1431678320,2813913866,2109543898
imwishlist:item=866434750&perks=839105230,1561002382,776531651,2048641572
dimwishlist:item=866434750&perks=839105230,1561002382,776531651,2109543898
dimwishlist:item=866434750&perks=839105230,1561002382,3182497402,2048641572
dimwishlist:item=866434750&perks=839105230,1561002382,3182497402,2109543898
dimwishlist:item=866434750&perks=839105230,1561002382,1464081238,2048641572
dimwishlist:item=866434750&perks=839105230,1561002382,1464081238,2109543898
dimwishlist:item=866434750&perks=839105230,1561002382,2813913866,2048641572
dimwishlist:item=866434750&perks=839105230,1561002382,2813913866,2109543898
dimwishlist:item=866434750&perks=1840239774,1431678320,776531651,2048641572
dimwishlist:item=866434750&perks=1840239774,1431678320,776531651,2109543898
dimwishlist:item=866434750&perks=1840239774,1431678320,3182497402,2048641572
dimwishlist:item=866434750&perks=1840239774,1431678320,3182497402,2109543898
dimwishlist:item=866434750&perks=1840239774,1431678320,1464081238,2048641572
dimwishlist:item=866434750&perks=1840239774,1431678320,1464081238,2109543898
dimwishlist:item=866434750&perks=1840239774,1431678320,2813913866,2048641572
dimwishlist:item=866434750&perks=1840239774,1431678320,2813913866,2109543898
imwishlist:item=866434750&perks=1840239774,1561002382,776531651,2048641572
dimwishlist:item=866434750&perks=1840239774,1561002382,776531651,2109543898
dimwishlist:item=866434750&perks=1840239774,1561002382,3182497402,2048641572
dimwishlist:item=866434750&perks=1840239774,1561002382,3182497402,2109543898
dimwishlist:item=866434750&perks=1840239774,1561002382,1464081238,2048641572
dimwishlist:item=866434750&perks=1840239774,1561002382,1464081238,2109543898
dimwishlist:item=866434750&perks=1840239774,1561002382,2813913866,2048641572
dimwishlist:item=866434750&perks=1840239774,1561002382,2813913866,2109543898


// Adored ()
dimwishlist:item=891765152&perks=1840239774,2420895100,1354429876,1089671869,3713579091
dimwishlist:item=891765152&perks=1840239774,2420895100,1354429876,1089671869,2671305723


// Point of the Stag ()
dimwishlist:item=911019136&perks=2801223209,16392701,2848615171,2173046394
dimwishlist:item=911019136&perks=2801223209,16392701,2848615171,3414324643
dimwishlist:item=911019136&perks=2801223209,16392701,2848615171,2662236651
dimwishlist:item=911019136&perks=2801223209,16392701,169755979,2173046394
dimwishlist:item=911019136&perks=2801223209,16392701,169755979,3414324643
dimwishlist:item=911019136&perks=2801223209,16392701,169755979,2662236651


// Lotus-Eater ()
dimwishlist:item=924095500&perks=3525010810,1431678320,776531651,2048641572
dimwishlist:item=924095500&perks=3525010810,1431678320,776531651,3708227201
dimwishlist:item=924095500&perks=3525010810,1431678320,776531651,1134488199
dimwishlist:item=924095500&perks=3525010810,1431678320,1421772400,2048641572
dimwishlist:item=924095500&perks=3525010810,1431678320,1421772400,3708227201
dimwishlist:item=924095500&perks=3525010810,1431678320,1421772400,1134488199
imwishlist:item=924095500&perks=1478423395,1431678320,776531651,2048641572
dimwishlist:item=924095500&perks=1478423395,1431678320,776531651,3708227201
dimwishlist:item=924095500&perks=1478423395,1431678320,776531651,1134488199
dimwishlist:item=924095500&perks=1478423395,1431678320,1421772400,2048641572
dimwishlist:item=924095500&perks=1478423395,1431678320,1421772400,3708227201
dimwishlist:item=924095500&perks=1478423395,1431678320,1421772400,1134488199

// Chivalric Fire ()
dimwishlist:item=938936806&perks=3666208348,269888150,1749209109,243981275
dimwishlist:item=938936806&perks=3666208348,269888150,1749209109,2077819806
dimwishlist:item=938936806&perks=3666208348,269888150,1749209109,3324494224
dimwishlist:item=938936806&perks=3666208348,269888150,4019266109,243981275
dimwishlist:item=938936806&perks=3666208348,269888150,4019266109,2077819806
dimwishlist:item=938936806&perks=3666208348,269888150,4019266109,3324494224
dimwishlist:item=938936806&perks=3666208348,2349202967,1749209109,243981275
dimwishlist:item=938936806&perks=3666208348,2349202967,1749209109,2077819806
dimwishlist:item=938936806&perks=3666208348,2349202967,1749209109,3324494224
dimwishlist:item=938936806&perks=3666208348,2349202967,4019266109,243981275
dimwishlist:item=938936806&perks=3666208348,2349202967,4019266109,2077819806
dimwishlist:item=938936806&perks=3666208348,2349202967,4019266109,3324494224
dimwishlist:item=938936806&perks=938542991,269888150,1749209109,243981275
dimwishlist:item=938936806&perks=938542991,269888150,1749209109,2077819806
dimwishlist:item=938936806&perks=938542991,269888150,1749209109,3324494224
dimwishlist:item=938936806&perks=938542991,269888150,4019266109,243981275
dimwishlist:item=938936806&perks=938542991,269888150,4019266109,2077819806
dimwishlist:item=938936806&perks=938542991,269888150,4019266109,3324494224
dimwishlist:item=938936806&perks=938542991,2349202967,1749209109,243981275
dimwishlist:item=938936806&perks=938542991,2349202967,1749209109,2077819806
dimwishlist:item=938936806&perks=938542991,2349202967,1749209109,3324494224
dimwishlist:item=938936806&perks=938542991,2349202967,4019266109,243981275
dimwishlist:item=938936806&perks=938542991,2349202967,4019266109,2077819806
dimwishlist:item=938936806&perks=938542991,2349202967,4019266109,3324494224


// Hero of Ages ()
dimwishlist:item=944708986&perks=3666208348,2349202967,1749209109,2396489472
dimwishlist:item=944708986&perks=3666208348,2349202967,1749209109,3913600130
dimwishlist:item=944708986&perks=3666208348,2349202967,1749209109,1089671869
dimwishlist:item=944708986&perks=3666208348,2349202967,3324494224,2396489472
dimwishlist:item=944708986&perks=3666208348,2349202967,3324494224,3913600130
dimwishlist:item=944708986&perks=3666208348,2349202967,3324494224,1089671869
dimwishlist:item=944708986&perks=3666208348,2349202967,2244851822,2396489472
dimwishlist:item=944708986&perks=3666208348,2349202967,2244851822,3913600130
dimwishlist:item=944708986&perks=3666208348,2349202967,2244851822,1089671869
dimwishlist:item=944708986&perks=3666208348,2349202967,2860991074,2396489472
dimwishlist:item=944708986&perks=3666208348,2349202967,2860991074,3913600130
dimwishlist:item=944708986&perks=3666208348,2349202967,2860991074,1089671869
dimwishlist:item=944708986&perks=3666208348,269888150,1749209109,2396489472
dimwishlist:item=944708986&perks=3666208348,269888150,1749209109,3913600130
dimwishlist:item=944708986&perks=3666208348,269888150,1749209109,1089671869
dimwishlist:item=944708986&perks=3666208348,269888150,3324494224,2396489472
dimwishlist:item=944708986&perks=3666208348,269888150,3324494224,3913600130
dimwishlist:item=944708986&perks=3666208348,269888150,3324494224,1089671869
dimwishlist:item=944708986&perks=3666208348,269888150,2244851822,2396489472
dimwishlist:item=944708986&perks=3666208348,269888150,2244851822,3913600130
dimwishlist:item=944708986&perks=3666208348,269888150,2244851822,1089671869
dimwishlist:item=944708986&perks=3666208348,269888150,2860991074,2396489472
dimwishlist:item=944708986&perks=3666208348,269888150,2860991074,3913600130
dimwishlist:item=944708986&perks=3666208348,269888150,2860991074,1089671869
dimwishlist:item=944708986&perks=938542991,2349202967,1749209109,2396489472
dimwishlist:item=944708986&perks=938542991,2349202967,1749209109,3913600130
dimwishlist:item=944708986&perks=938542991,2349202967,1749209109,1089671869
dimwishlist:item=944708986&perks=938542991,2349202967,3324494224,2396489472
dimwishlist:item=944708986&perks=938542991,2349202967,3324494224,3913600130
dimwishlist:item=944708986&perks=938542991,2349202967,3324494224,1089671869
dimwishlist:item=944708986&perks=938542991,2349202967,2244851822,2396489472
dimwishlist:item=944708986&perks=938542991,2349202967,2244851822,3913600130
dimwishlist:item=944708986&perks=938542991,2349202967,2244851822,1089671869
dimwishlist:item=944708986&perks=938542991,2349202967,2860991074,2396489472
dimwishlist:item=944708986&perks=938542991,2349202967,2860991074,3913600130
dimwishlist:item=944708986&perks=938542991,2349202967,2860991074,1089671869
dimwishlist:item=944708986&perks=938542991,269888150,1749209109,2396489472
dimwishlist:item=944708986&perks=938542991,269888150,1749209109,3913600130
dimwishlist:item=944708986&perks=938542991,269888150,1749209109,1089671869
dimwishlist:item=944708986&perks=938542991,269888150,3324494224,2396489472
dimwishlist:item=944708986&perks=938542991,269888150,3324494224,3913600130
dimwishlist:item=944708986&perks=938542991,269888150,3324494224,1089671869
dimwishlist:item=944708986&perks=938542991,269888150,2244851822,2396489472
dimwishlist:item=944708986&perks=938542991,269888150,2244851822,3913600130
dimwishlist:item=944708986&perks=938542991,269888150,2244851822,1089671869
dimwishlist:item=944708986&perks=938542991,269888150,2860991074,2396489472
dimwishlist:item=944708986&perks=938542991,269888150,2860991074,3913600130
dimwishlist:item=944708986&perks=938542991,269888150,2860991074,1089671869


// Threat Level ()
dimwishlist:item=950894542&perks=1300023272,106909392,2679249093,2360754333
dimwishlist:item=950894542&perks=1300023272,106909392,2679249093,3640170453
dimwishlist:item=950894542&perks=1300023272,106909392,2679249093,1226351311
dimwishlist:item=950894542&perks=1300023272,106909392,1556840489,2360754333
dimwishlist:item=950894542&perks=1300023272,106909392,1556840489,3640170453
dimwishlist:item=950894542&perks=1300023272,106909392,1556840489,1226351311
dimwishlist:item=950894542&perks=1300023272,106909392,3751912585,2360754333
dimwishlist:item=950894542&perks=1300023272,106909392,3751912585,3640170453
dimwishlist:item=950894542&perks=1300023272,106909392,3751912585,1226351311


// Cataclysmic ()
dimwishlist:item=999767358&perks=1840239774,689005463,1354429876,3078487919
dimwishlist:item=999767358&perks=1840239774,689005463,1354429876,1089671869
dimwishlist:item=999767358&perks=1840239774,689005463,1354429876,3764420437


// Non-Denouement (Adept) ()
dimwishlist:item=1039915310&perks=2801223209,16392701,2848615171,2173046394
dimwishlist:item=1039915310&perks=2801223209,16392701,2848615171,3640170453
dimwishlist:item=1039915310&perks=2801223209,16392701,2848615171,657025441
dimwishlist:item=1039915310&perks=2801223209,16392701,2848615171,4196156997
dimwishlist:item=1039915310&perks=2801223209,16392701,169755979,2173046394
dimwishlist:item=1039915310&perks=2801223209,16392701,169755979,3640170453
dimwishlist:item=1039915310&perks=2801223209,16392701,169755979,657025441
dimwishlist:item=1039915310&perks=2801223209,16392701,169755979,4196156997
dimwishlist:item=1039915310&perks=2801223209,16392701,2652708987,2173046394
dimwishlist:item=1039915310&perks=2801223209,16392701,2652708987,3640170453
dimwishlist:item=1039915310&perks=2801223209,16392701,2652708987,657025441
dimwishlist:item=1039915310&perks=2801223209,16392701,2652708987,4196156997
dimwishlist:item=1039915310&perks=2801223209,16392701,617966211,2173046394
dimwishlist:item=1039915310&perks=2801223209,16392701,617966211,3640170453
dimwishlist:item=1039915310&perks=2801223209,16392701,617966211,657025441
dimwishlist:item=1039915310&perks=2801223209,16392701,617966211,4196156997
dimwishlist:item=1039915310&perks=2801223209,16392701,3700496672,2173046394
dimwishlist:item=1039915310&perks=2801223209,16392701,3700496672,3640170453
dimwishlist:item=1039915310&perks=2801223209,16392701,3700496672,657025441
dimwishlist:item=1039915310&perks=2801223209,16392701,3700496672,4196156997


// Greasy Luck (Adept) ()
dimwishlist:item=1050582210&perks=580685494,3721627275,3017780555,3201496230
dimwishlist:item=1050582210&perks=580685494,3721627275,3017780555,1782407750
dimwishlist:item=1050582210&perks=580685494,3721627275,3017780555,4293542123
dimwishlist:item=1050582210&perks=580685494,3721627275,1523832109,3201496230
dimwishlist:item=1050582210&perks=580685494,3721627275,1523832109,1782407750
dimwishlist:item=1050582210&perks=580685494,3721627275,1523832109,4293542123
dimwishlist:item=1050582210&perks=580685494,3721627275,1556840489,3201496230
dimwishlist:item=1050582210&perks=580685494,3721627275,1556840489,1782407750
dimwishlist:item=1050582210&perks=580685494,3721627275,1556840489,4293542123
dimwishlist:item=1050582210&perks=580685494,1431678320,3017780555,3201496230
dimwishlist:item=1050582210&perks=580685494,1431678320,3017780555,1782407750
dimwishlist:item=1050582210&perks=580685494,1431678320,3017780555,4293542123
dimwishlist:item=1050582210&perks=580685494,1431678320,1523832109,3201496230
dimwishlist:item=1050582210&perks=580685494,1431678320,1523832109,1782407750
dimwishlist:item=1050582210&perks=580685494,1431678320,1523832109,4293542123
dimwishlist:item=1050582210&perks=580685494,1431678320,1556840489,3201496230
dimwishlist:item=1050582210&perks=580685494,1431678320,1556840489,1782407750
dimwishlist:item=1050582210&perks=580685494,1431678320,1556840489,4293542123

// Vengeful Whisper ()
dimwishlist:item=1054567917&perks=2801223209,16392701,923806249,831391274
dimwishlist:item=1054567917&perks=2801223209,16392701,923806249,657025441
dimwishlist:item=1054567917&perks=2801223209,16392701,923806249,4196156997
dimwishlist:item=1054567917&perks=2801223209,16392701,923806249,3414324643
dimwishlist:item=1054567917&perks=2801223209,16392701,923806249,2662236651
dimwishlist:item=1054567917&perks=2801223209,16392701,960997401,831391274
dimwishlist:item=1054567917&perks=2801223209,16392701,960997401,657025441
dimwishlist:item=1054567917&perks=2801223209,16392701,960997401,4196156997
dimwishlist:item=1054567917&perks=2801223209,16392701,960997401,3414324643
dimwishlist:item=1054567917&perks=2801223209,16392701,960997401,2662236651
dimwishlist:item=1054567917&perks=2801223209,16392701,3244229373,831391274
dimwishlist:item=1054567917&perks=2801223209,16392701,3244229373,657025441
dimwishlist:item=1054567917&perks=2801223209,16392701,3244229373,4196156997
dimwishlist:item=1054567917&perks=2801223209,16392701,3244229373,3414324643
dimwishlist:item=1054567917&perks=2801223209,16392701,3244229373,2662236651
dimwishlist:item=1054567917&perks=2801223209,16392701,3365897133,831391274
dimwishlist:item=1054567917&perks=2801223209,16392701,3365897133,657025441
dimwishlist:item=1054567917&perks=2801223209,16392701,3365897133,4196156997
dimwishlist:item=1054567917&perks=2801223209,16392701,3365897133,3414324643
dimwishlist:item=1054567917&perks=2801223209,16392701,3365897133,2662236651
dimwishlist:item=1054567917&perks=2801223209,16392701,1551736345,831391274
dimwishlist:item=1054567917&perks=2801223209,16392701,1551736345,657025441
dimwishlist:item=1054567917&perks=2801223209,16392701,1551736345,4196156997
dimwishlist:item=1054567917&perks=2801223209,16392701,1551736345,3414324643
dimwishlist:item=1054567917&perks=2801223209,16392701,1551736345,2662236651


// Timeworn Wayfarer ()
dimwishlist:item=1058098236&perks=1840239774,1431678320,3017780555,4293542123
dimwishlist:item=1058098236&perks=1840239774,1431678320,3700496672,4293542123

// Relentless (Adept) ()
dimwishlist:item=1066598837&perks=839105230,1431678320,960997401,831391274
dimwishlist:item=1066598837&perks=839105230,1431678320,3244229373,831391274
dimwishlist:item=1066598837&perks=839105230,1431678320,923806249,831391274
dimwishlist:item=1066598837&perks=839105230,1431678320,3824105627,831391274
imwishlist:item=1066598837&perks=839105230,1561002382,960997401,831391274
dimwishlist:item=1066598837&perks=839105230,1561002382,3244229373,831391274
dimwishlist:item=1066598837&perks=839105230,1561002382,923806249,831391274
dimwishlist:item=1066598837&perks=839105230,1561002382,3824105627,831391274
dimwishlist:item=1066598837&perks=1840239774,1431678320,960997401,831391274
dimwishlist:item=1066598837&perks=1840239774,1431678320,3244229373,831391274
dimwishlist:item=1066598837&perks=1840239774,1431678320,923806249,831391274
dimwishlist:item=1066598837&perks=1840239774,1431678320,3824105627,831391274
imwishlist:item=1066598837&perks=1840239774,1561002382,960997401,831391274
dimwishlist:item=1066598837&perks=1840239774,1561002382,3244229373,831391274
dimwishlist:item=1066598837&perks=1840239774,1561002382,923806249,831391274
dimwishlist:item=1066598837&perks=1840239774,1561002382,3824105627,831391274


// Ulterior Observation ()
dimwishlist:item=1079872540&perks=839105230,1431678320,124408337,1955165503
dimwishlist:item=1079872540&perks=839105230,1431678320,124408337,557221067
dimwishlist:item=1079872540&perks=839105230,1431678320,124408337,2896748467
dimwishlist:item=1079872540&perks=839105230,1431678320,124408337,2848615171
dimwishlist:item=1079872540&perks=839105230,1431678320,124408337,169755979
dimwishlist:item=1079872540&perks=839105230,1431678320,3523296417,1955165503
dimwishlist:item=1079872540&perks=839105230,1431678320,3523296417,557221067
dimwishlist:item=1079872540&perks=839105230,1431678320,3523296417,2896748467
dimwishlist:item=1079872540&perks=839105230,1431678320,3523296417,2848615171
dimwishlist:item=1079872540&perks=839105230,1431678320,3523296417,169755979
imwishlist:item=1079872540&perks=839105230,1561002382,124408337,1955165503
dimwishlist:item=1079872540&perks=839105230,1561002382,124408337,557221067
dimwishlist:item=1079872540&perks=839105230,1561002382,124408337,2896748467
dimwishlist:item=1079872540&perks=839105230,1561002382,124408337,2848615171
dimwishlist:item=1079872540&perks=839105230,1561002382,124408337,169755979
dimwishlist:item=1079872540&perks=839105230,1561002382,3523296417,1955165503
dimwishlist:item=1079872540&perks=839105230,1561002382,3523296417,557221067
dimwishlist:item=1079872540&perks=839105230,1561002382,3523296417,2896748467
dimwishlist:item=1079872540&perks=839105230,1561002382,3523296417,2848615171
dimwishlist:item=1079872540&perks=839105230,1561002382,3523296417,169755979
dimwishlist:item=1079872540&perks=839105230,2420895100,124408337,1955165503
dimwishlist:item=1079872540&perks=839105230,2420895100,124408337,557221067
dimwishlist:item=1079872540&perks=839105230,2420895100,124408337,2896748467
dimwishlist:item=1079872540&perks=839105230,2420895100,124408337,2848615171
dimwishlist:item=1079872540&perks=839105230,2420895100,124408337,169755979
dimwishlist:item=1079872540&perks=839105230,2420895100,3523296417,1955165503
dimwishlist:item=1079872540&perks=839105230,2420895100,3523296417,557221067
dimwishlist:item=1079872540&perks=839105230,2420895100,3523296417,2896748467
dimwishlist:item=1079872540&perks=839105230,2420895100,3523296417,2848615171
dimwishlist:item=1079872540&perks=839105230,2420895100,3523296417,169755979
dimwishlist:item=1079872540&perks=1840239774,1431678320,124408337,1955165503
dimwishlist:item=1079872540&perks=1840239774,1431678320,124408337,557221067
dimwishlist:item=1079872540&perks=1840239774,1431678320,124408337,2896748467
dimwishlist:item=1079872540&perks=1840239774,1431678320,124408337,2848615171
dimwishlist:item=1079872540&perks=1840239774,1431678320,124408337,169755979
dimwishlist:item=1079872540&perks=1840239774,1431678320,3523296417,1955165503
dimwishlist:item=1079872540&perks=1840239774,1431678320,3523296417,557221067
dimwishlist:item=1079872540&perks=1840239774,1431678320,3523296417,2896748467
dimwishlist:item=1079872540&perks=1840239774,1431678320,3523296417,2848615171
dimwishlist:item=1079872540&perks=1840239774,1431678320,3523296417,169755979
imwishlist:item=1079872540&perks=1840239774,1561002382,124408337,1955165503
dimwishlist:item=1079872540&perks=1840239774,1561002382,124408337,557221067
dimwishlist:item=1079872540&perks=1840239774,1561002382,124408337,2896748467
dimwishlist:item=1079872540&perks=1840239774,1561002382,124408337,2848615171
dimwishlist:item=1079872540&perks=1840239774,1561002382,124408337,169755979
dimwishlist:item=1079872540&perks=1840239774,1561002382,3523296417,1955165503
dimwishlist:item=1079872540&perks=1840239774,1561002382,3523296417,557221067
dimwishlist:item=1079872540&perks=1840239774,1561002382,3523296417,2896748467
dimwishlist:item=1079872540&perks=1840239774,1561002382,3523296417,2848615171
dimwishlist:item=1079872540&perks=1840239774,1561002382,3523296417,169755979
dimwishlist:item=1079872540&perks=1840239774,2420895100,124408337,1955165503
dimwishlist:item=1079872540&perks=1840239774,2420895100,124408337,557221067
dimwishlist:item=1079872540&perks=1840239774,2420895100,124408337,2896748467
dimwishlist:item=1079872540&perks=1840239774,2420895100,124408337,2848615171
dimwishlist:item=1079872540&perks=1840239774,2420895100,124408337,169755979
dimwishlist:item=1079872540&perks=1840239774,2420895100,3523296417,1955165503
dimwishlist:item=1079872540&perks=1840239774,2420895100,3523296417,557221067
dimwishlist:item=1079872540&perks=1840239774,2420895100,3523296417,2896748467
dimwishlist:item=1079872540&perks=1840239774,2420895100,3523296417,2848615171
dimwishlist:item=1079872540&perks=1840239774,2420895100,3523296417,169755979


// Sullen Claw ()
dimwishlist:item=1085743380&perks=3666208348,2349202967,2077819806,2048641572
dimwishlist:item=1085743380&perks=3666208348,2349202967,2077819806,3913600130
dimwishlist:item=1085743380&perks=3666208348,2349202967,1546637391,2048641572
dimwishlist:item=1085743380&perks=3666208348,2349202967,1546637391,3913600130
dimwishlist:item=1085743380&perks=3666208348,269888150,2077819806,2048641572
dimwishlist:item=1085743380&perks=3666208348,269888150,2077819806,3913600130
dimwishlist:item=1085743380&perks=3666208348,269888150,1546637391,2048641572
dimwishlist:item=1085743380&perks=3666208348,269888150,1546637391,3913600130
dimwishlist:item=1085743380&perks=938542991,2349202967,2077819806,2048641572
dimwishlist:item=1085743380&perks=938542991,2349202967,2077819806,3913600130
dimwishlist:item=1085743380&perks=938542991,2349202967,1546637391,2048641572
dimwishlist:item=1085743380&perks=938542991,2349202967,1546637391,3913600130
dimwishlist:item=1085743380&perks=938542991,269888150,2077819806,2048641572
dimwishlist:item=1085743380&perks=938542991,269888150,2077819806,3913600130
dimwishlist:item=1085743380&perks=938542991,269888150,1546637391,2048641572
dimwishlist:item=1085743380&perks=938542991,269888150,1546637391,3913600130


// The When and Where ()
dimwishlist:item=1090936013&perks=3525010810,3796465595,2978966579,1439600632
dimwishlist:item=1090936013&perks=3525010810,3796465595,2978966579,3708227201
dimwishlist:item=1090936013&perks=3525010810,3796465595,2978966579,113508675
dimwishlist:item=1090936013&perks=3525010810,3796465595,2978966579,177189259
dimwishlist:item=1090936013&perks=3525010810,3796465595,344235611,1439600632
dimwishlist:item=1090936013&perks=3525010810,3796465595,344235611,3708227201
dimwishlist:item=1090936013&perks=3525010810,3796465595,344235611,113508675
dimwishlist:item=1090936013&perks=3525010810,3796465595,344235611,177189259
dimwishlist:item=1090936013&perks=3525010810,3796465595,2284787283,1439600632
dimwishlist:item=1090936013&perks=3525010810,3796465595,2284787283,3708227201
dimwishlist:item=1090936013&perks=3525010810,3796465595,2284787283,113508675
dimwishlist:item=1090936013&perks=3525010810,3796465595,2284787283,177189259
dimwishlist:item=1090936013&perks=3525010810,3796465595,3643424744,1439600632
dimwishlist:item=1090936013&perks=3525010810,3796465595,3643424744,3708227201
dimwishlist:item=1090936013&perks=3525010810,3796465595,3643424744,113508675
dimwishlist:item=1090936013&perks=3525010810,3796465595,3643424744,177189259


// The Spiteful Fang ()
dimwishlist:item=1094998581&perks=2801223209,16392701,1955165503,3824105627
dimwishlist:item=1094998581&perks=2801223209,16392701,1955165503,2922950962
dimwishlist:item=1094998581&perks=2801223209,16392701,124408337,3824105627
dimwishlist:item=1094998581&perks=2801223209,16392701,124408337,2922950962


// Oversoul Edict ()
dimwishlist:item=1098171824&perks=839105230,1431678320,3218042543,3966416502
dimwishlist:item=1098171824&perks=839105230,1431678320,3218042543,2173046394
dimwishlist:item=1098171824&perks=839105230,1431678320,3218042543,654512643
dimwishlist:item=1098171824&perks=839105230,1431678320,3218042543,4065965131
dimwishlist:item=1098171824&perks=839105230,1431678320,2633604463,3966416502
dimwishlist:item=1098171824&perks=839105230,1431678320,2633604463,2173046394
dimwishlist:item=1098171824&perks=839105230,1431678320,2633604463,654512643
dimwishlist:item=1098171824&perks=839105230,1431678320,2633604463,4065965131
imwishlist:item=1098171824&perks=839105230,1561002382,3218042543,3966416502
dimwishlist:item=1098171824&perks=839105230,1561002382,3218042543,2173046394
dimwishlist:item=1098171824&perks=839105230,1561002382,3218042543,654512643
dimwishlist:item=1098171824&perks=839105230,1561002382,3218042543,4065965131
dimwishlist:item=1098171824&perks=839105230,1561002382,2633604463,3966416502
dimwishlist:item=1098171824&perks=839105230,1561002382,2633604463,2173046394
dimwishlist:item=1098171824&perks=839105230,1561002382,2633604463,654512643
dimwishlist:item=1098171824&perks=839105230,1561002382,2633604463,4065965131
dimwishlist:item=1098171824&perks=1840239774,1431678320,3218042543,3966416502
dimwishlist:item=1098171824&perks=1840239774,1431678320,3218042543,2173046394
dimwishlist:item=1098171824&perks=1840239774,1431678320,3218042543,654512643
dimwishlist:item=1098171824&perks=1840239774,1431678320,3218042543,4065965131
dimwishlist:item=1098171824&perks=1840239774,1431678320,2633604463,3966416502
dimwishlist:item=1098171824&perks=1840239774,1431678320,2633604463,2173046394
dimwishlist:item=1098171824&perks=1840239774,1431678320,2633604463,654512643
dimwishlist:item=1098171824&perks=1840239774,1431678320,2633604463,4065965131
imwishlist:item=1098171824&perks=1840239774,1561002382,3218042543,3966416502
dimwishlist:item=1098171824&perks=1840239774,1561002382,3218042543,2173046394
dimwishlist:item=1098171824&perks=1840239774,1561002382,3218042543,654512643
dimwishlist:item=1098171824&perks=1840239774,1561002382,3218042543,4065965131
dimwishlist:item=1098171824&perks=1840239774,1561002382,2633604463,3966416502
dimwishlist:item=1098171824&perks=1840239774,1561002382,2633604463,2173046394
dimwishlist:item=1098171824&perks=1840239774,1561002382,2633604463,654512643
dimwishlist:item=1098171824&perks=1840239774,1561002382,2633604463,4065965131


// DIABLERETS 06 ()
dimwishlist:item=1120206506&perks=839105230,1431678320,831391274,657025441
dimwishlist:item=1120206506&perks=839105230,1431678320,831391274,4196156997
dimwishlist:item=1120206506&perks=839105230,1431678320,831391274,557221067
dimwishlist:item=1120206506&perks=839105230,1431678320,831391274,2896748467
dimwishlist:item=1120206506&perks=839105230,1431678320,831391274,3201496230
dimwishlist:item=1120206506&perks=839105230,1431678320,1820235745,657025441
dimwishlist:item=1120206506&perks=839105230,1431678320,1820235745,4196156997
dimwishlist:item=1120206506&perks=839105230,1431678320,1820235745,557221067
dimwishlist:item=1120206506&perks=839105230,1431678320,1820235745,2896748467
dimwishlist:item=1120206506&perks=839105230,1431678320,1820235745,3201496230
dimwishlist:item=1120206506&perks=839105230,1431678320,4245865861,657025441
dimwishlist:item=1120206506&perks=839105230,1431678320,4245865861,4196156997
dimwishlist:item=1120206506&perks=839105230,1431678320,4245865861,557221067
dimwishlist:item=1120206506&perks=839105230,1431678320,4245865861,2896748467
dimwishlist:item=1120206506&perks=839105230,1431678320,4245865861,3201496230
dimwishlist:item=1120206506&perks=839105230,1431678320,3300816228,657025441
dimwishlist:item=1120206506&perks=839105230,1431678320,3300816228,4196156997
dimwishlist:item=1120206506&perks=839105230,1431678320,3300816228,557221067
dimwishlist:item=1120206506&perks=839105230,1431678320,3300816228,2896748467
dimwishlist:item=1120206506&perks=839105230,1431678320,3300816228,3201496230
imwishlist:item=1120206506&perks=839105230,1561002382,831391274,657025441
dimwishlist:item=1120206506&perks=839105230,1561002382,831391274,4196156997
dimwishlist:item=1120206506&perks=839105230,1561002382,831391274,557221067
dimwishlist:item=1120206506&perks=839105230,1561002382,831391274,2896748467
dimwishlist:item=1120206506&perks=839105230,1561002382,831391274,3201496230
dimwishlist:item=1120206506&perks=839105230,1561002382,1820235745,657025441
dimwishlist:item=1120206506&perks=839105230,1561002382,1820235745,4196156997
dimwishlist:item=1120206506&perks=839105230,1561002382,1820235745,557221067
dimwishlist:item=1120206506&perks=839105230,1561002382,1820235745,2896748467
dimwishlist:item=1120206506&perks=839105230,1561002382,1820235745,3201496230
dimwishlist:item=1120206506&perks=839105230,1561002382,4245865861,657025441
dimwishlist:item=1120206506&perks=839105230,1561002382,4245865861,4196156997
dimwishlist:item=1120206506&perks=839105230,1561002382,4245865861,557221067
dimwishlist:item=1120206506&perks=839105230,1561002382,4245865861,2896748467
dimwishlist:item=1120206506&perks=839105230,1561002382,4245865861,3201496230
dimwishlist:item=1120206506&perks=839105230,1561002382,3300816228,657025441
dimwishlist:item=1120206506&perks=839105230,1561002382,3300816228,4196156997
dimwishlist:item=1120206506&perks=839105230,1561002382,3300816228,557221067
dimwishlist:item=1120206506&perks=839105230,1561002382,3300816228,2896748467
dimwishlist:item=1120206506&perks=839105230,1561002382,3300816228,3201496230
dimwishlist:item=1120206506&perks=839105230,2420895100,831391274,657025441
dimwishlist:item=1120206506&perks=839105230,2420895100,831391274,4196156997
dimwishlist:item=1120206506&perks=839105230,2420895100,831391274,557221067
dimwishlist:item=1120206506&perks=839105230,2420895100,831391274,2896748467
dimwishlist:item=1120206506&perks=839105230,2420895100,831391274,3201496230
dimwishlist:item=1120206506&perks=839105230,2420895100,1820235745,657025441
dimwishlist:item=1120206506&perks=839105230,2420895100,1820235745,4196156997
dimwishlist:item=1120206506&perks=839105230,2420895100,1820235745,557221067
dimwishlist:item=1120206506&perks=839105230,2420895100,1820235745,2896748467
dimwishlist:item=1120206506&perks=839105230,2420895100,1820235745,3201496230
dimwishlist:item=1120206506&perks=839105230,2420895100,4245865861,657025441
dimwishlist:item=1120206506&perks=839105230,2420895100,4245865861,4196156997
dimwishlist:item=1120206506&perks=839105230,2420895100,4245865861,557221067
dimwishlist:item=1120206506&perks=839105230,2420895100,4245865861,2896748467
dimwishlist:item=1120206506&perks=839105230,2420895100,4245865861,3201496230
dimwishlist:item=1120206506&perks=839105230,2420895100,3300816228,657025441
dimwishlist:item=1120206506&perks=839105230,2420895100,3300816228,4196156997
dimwishlist:item=1120206506&perks=839105230,2420895100,3300816228,557221067
dimwishlist:item=1120206506&perks=839105230,2420895100,3300816228,2896748467
dimwishlist:item=1120206506&perks=839105230,2420895100,3300816228,3201496230
dimwishlist:item=1120206506&perks=1840239774,1431678320,831391274,657025441
dimwishlist:item=1120206506&perks=1840239774,1431678320,831391274,4196156997
dimwishlist:item=1120206506&perks=1840239774,1431678320,831391274,557221067
dimwishlist:item=1120206506&perks=1840239774,1431678320,831391274,2896748467
dimwishlist:item=1120206506&perks=1840239774,1431678320,831391274,3201496230
dimwishlist:item=1120206506&perks=1840239774,1431678320,1820235745,657025441
dimwishlist:item=1120206506&perks=1840239774,1431678320,1820235745,4196156997
dimwishlist:item=1120206506&perks=1840239774,1431678320,1820235745,557221067
dimwishlist:item=1120206506&perks=1840239774,1431678320,1820235745,2896748467
dimwishlist:item=1120206506&perks=1840239774,1431678320,1820235745,3201496230
dimwishlist:item=1120206506&perks=1840239774,1431678320,4245865861,657025441
dimwishlist:item=1120206506&perks=1840239774,1431678320,4245865861,4196156997
dimwishlist:item=1120206506&perks=1840239774,1431678320,4245865861,557221067
dimwishlist:item=1120206506&perks=1840239774,1431678320,4245865861,2896748467
dimwishlist:item=1120206506&perks=1840239774,1431678320,4245865861,3201496230
dimwishlist:item=1120206506&perks=1840239774,1431678320,3300816228,657025441
dimwishlist:item=1120206506&perks=1840239774,1431678320,3300816228,4196156997
dimwishlist:item=1120206506&perks=1840239774,1431678320,3300816228,557221067
dimwishlist:item=1120206506&perks=1840239774,1431678320,3300816228,2896748467
dimwishlist:item=1120206506&perks=1840239774,1431678320,3300816228,3201496230
imwishlist:item=1120206506&perks=1840239774,1561002382,831391274,657025441
dimwishlist:item=1120206506&perks=1840239774,1561002382,831391274,4196156997
dimwishlist:item=1120206506&perks=1840239774,1561002382,831391274,557221067
dimwishlist:item=1120206506&perks=1840239774,1561002382,831391274,2896748467
dimwishlist:item=1120206506&perks=1840239774,1561002382,831391274,3201496230
dimwishlist:item=1120206506&perks=1840239774,1561002382,1820235745,657025441
dimwishlist:item=1120206506&perks=1840239774,1561002382,1820235745,4196156997
dimwishlist:item=1120206506&perks=1840239774,1561002382,1820235745,557221067
dimwishlist:item=1120206506&perks=1840239774,1561002382,1820235745,2896748467
dimwishlist:item=1120206506&perks=1840239774,1561002382,1820235745,3201496230
dimwishlist:item=1120206506&perks=1840239774,1561002382,4245865861,657025441
dimwishlist:item=1120206506&perks=1840239774,1561002382,4245865861,4196156997
dimwishlist:item=1120206506&perks=1840239774,1561002382,4245865861,557221067
dimwishlist:item=1120206506&perks=1840239774,1561002382,4245865861,2896748467
dimwishlist:item=1120206506&perks=1840239774,1561002382,4245865861,3201496230
dimwishlist:item=1120206506&perks=1840239774,1561002382,3300816228,657025441
dimwishlist:item=1120206506&perks=1840239774,1561002382,3300816228,4196156997
dimwishlist:item=1120206506&perks=1840239774,1561002382,3300816228,557221067
dimwishlist:item=1120206506&perks=1840239774,1561002382,3300816228,2896748467
dimwishlist:item=1120206506&perks=1840239774,1561002382,3300816228,3201496230
dimwishlist:item=1120206506&perks=1840239774,2420895100,831391274,657025441
dimwishlist:item=1120206506&perks=1840239774,2420895100,831391274,4196156997
dimwishlist:item=1120206506&perks=1840239774,2420895100,831391274,557221067
dimwishlist:item=1120206506&perks=1840239774,2420895100,831391274,2896748467
dimwishlist:item=1120206506&perks=1840239774,2420895100,831391274,3201496230
dimwishlist:item=1120206506&perks=1840239774,2420895100,1820235745,657025441
dimwishlist:item=1120206506&perks=1840239774,2420895100,1820235745,4196156997
dimwishlist:item=1120206506&perks=1840239774,2420895100,1820235745,557221067
dimwishlist:item=1120206506&perks=1840239774,2420895100,1820235745,2896748467
dimwishlist:item=1120206506&perks=1840239774,2420895100,1820235745,3201496230
dimwishlist:item=1120206506&perks=1840239774,2420895100,4245865861,657025441
dimwishlist:item=1120206506&perks=1840239774,2420895100,4245865861,4196156997
dimwishlist:item=1120206506&perks=1840239774,2420895100,4245865861,557221067
dimwishlist:item=1120206506&perks=1840239774,2420895100,4245865861,2896748467
dimwishlist:item=1120206506&perks=1840239774,2420895100,4245865861,3201496230
dimwishlist:item=1120206506&perks=1840239774,2420895100,3300816228,657025441
dimwishlist:item=1120206506&perks=1840239774,2420895100,3300816228,4196156997
dimwishlist:item=1120206506&perks=1840239774,2420895100,3300816228,557221067
dimwishlist:item=1120206506&perks=1840239774,2420895100,3300816228,2896748467
dimwishlist:item=1120206506&perks=1840239774,2420895100,3300816228,3201496230


// No Survivors (Adept) ()
dimwishlist:item=1157220231&perks=839105230,1431678320,3017780555,4293542123
dimwishlist:item=1157220231&perks=839105230,1431678320,243981275,4293542123
imwishlist:item=1157220231&perks=839105230,1561002382,3017780555,4293542123
dimwishlist:item=1157220231&perks=839105230,1561002382,243981275,4293542123
dimwishlist:item=1157220231&perks=1840239774,1431678320,3017780555,4293542123
dimwishlist:item=1157220231&perks=1840239774,1431678320,243981275,4293542123
imwishlist:item=1157220231&perks=1840239774,1561002382,3017780555,4293542123
dimwishlist:item=1157220231&perks=1840239774,1561002382,243981275,4293542123


// IKELOS_SG_v1.0.3 ()
dimwishlist:item=1168625549&perks=1300023272,106909392,1631667848,2679249093
dimwishlist:item=1168625549&perks=1300023272,106909392,1631667848,3708227201
dimwishlist:item=1168625549&perks=1300023272,106909392,1631667848,2360754333


// Glacioclasm ()
dimwishlist:item=1183116657&perks=839105230,689005463,3643424744,2594592626
dimwishlist:item=1183116657&perks=839105230,689005463,3643424744,1134488199
dimwishlist:item=1183116657&perks=1840239774,689005463,3643424744,2594592626
dimwishlist:item=1183116657&perks=1840239774,689005463,3643424744,1134488199


// Doom of Chelchis (Harrowed) ()
dimwishlist:item=1184692845&perks=1840239774,1431678320,3824105627,657025441
dimwishlist:item=1184692845&perks=1840239774,1431678320,3824105627,4196156997
dimwishlist:item=1184692845&perks=1840239774,1431678320,3824105627,1134488199
dimwishlist:item=1184692845&perks=1840239774,1431678320,3824105627,776531651
dimwishlist:item=1184692845&perks=1840239774,1431678320,1464081238,657025441
dimwishlist:item=1184692845&perks=1840239774,1431678320,1464081238,4196156997
dimwishlist:item=1184692845&perks=1840239774,1431678320,1464081238,1134488199
dimwishlist:item=1184692845&perks=1840239774,1431678320,1464081238,776531651
dimwishlist:item=1184692845&perks=1840239774,1431678320,2813913866,657025441
dimwishlist:item=1184692845&perks=1840239774,1431678320,2813913866,4196156997
dimwishlist:item=1184692845&perks=1840239774,1431678320,2813913866,1134488199
dimwishlist:item=1184692845&perks=1840239774,1431678320,2813913866,776531651
dimwishlist:item=1184692845&perks=1840239774,1431678320,2048641572,657025441
dimwishlist:item=1184692845&perks=1840239774,1431678320,2048641572,4196156997
dimwishlist:item=1184692845&perks=1840239774,1431678320,2048641572,1134488199
dimwishlist:item=1184692845&perks=1840239774,1431678320,2048641572,776531651

// Lost Signal ()
dimwishlist:item=1197771438&perks=3525010810,2822142346,3300816228,3592538738
dimwishlist:item=1197771438&perks=3525010810,2822142346,3300816228,2675361166
dimwishlist:item=1197771438&perks=3525010810,2822142346,3300816228,3523296417
dimwishlist:item=1197771438&perks=3525010810,2822142346,3300816228,4049631843
dimwishlist:item=1197771438&perks=3525010810,2822142346,3300816228,859780267
dimwishlist:item=1197771438&perks=3525010810,2822142346,1556840489,3592538738
dimwishlist:item=1197771438&perks=3525010810,2822142346,1556840489,2675361166
dimwishlist:item=1197771438&perks=3525010810,2822142346,1556840489,3523296417
dimwishlist:item=1197771438&perks=3525010810,2822142346,1556840489,4049631843
dimwishlist:item=1197771438&perks=3525010810,2822142346,1556840489,859780267
dimwishlist:item=1197771438&perks=3525010810,2822142346,880644845,3592538738
dimwishlist:item=1197771438&perks=3525010810,2822142346,880644845,2675361166
dimwishlist:item=1197771438&perks=3525010810,2822142346,880644845,3523296417
dimwishlist:item=1197771438&perks=3525010810,2822142346,880644845,4049631843
dimwishlist:item=1197771438&perks=3525010810,2822142346,880644845,859780267
dimwishlist:item=1197771438&perks=3525010810,2822142346,3120212825,3592538738
dimwishlist:item=1197771438&perks=3525010810,2822142346,3120212825,2675361166
dimwishlist:item=1197771438&perks=3525010810,2822142346,3120212825,3523296417
dimwishlist:item=1197771438&perks=3525010810,2822142346,3120212825,4049631843
dimwishlist:item=1197771438&perks=3525010810,2822142346,3120212825,859780267


// Vikala SMG4 ()
dimwishlist:item=1229624538&perks=839105230,1080094173,3182497402,243981275
dimwishlist:item=1229624538&perks=839105230,1080094173,3182497402,2048641572
dimwishlist:item=1229624538&perks=839105230,1080094173,3182497402,3640170453
dimwishlist:item=1229624538&perks=839105230,2126519017,3182497402,243981275
dimwishlist:item=1229624538&perks=839105230,2126519017,3182497402,2048641572
dimwishlist:item=1229624538&perks=839105230,2126519017,3182497402,3640170453
dimwishlist:item=1229624538&perks=1840239774,1080094173,3182497402,243981275
dimwishlist:item=1229624538&perks=1840239774,1080094173,3182497402,2048641572
dimwishlist:item=1229624538&perks=1840239774,1080094173,3182497402,3640170453
dimwishlist:item=1229624538&perks=1840239774,2126519017,3182497402,243981275
dimwishlist:item=1229624538&perks=1840239774,2126519017,3182497402,2048641572
dimwishlist:item=1229624538&perks=1840239774,2126519017,3182497402,3640170453


// Imminence ()
dimwishlist:item=1258168956&perks=839105230,1431678320,960997401,3824105627
dimwishlist:item=1258168956&perks=839105230,1431678320,960997401,3640170453
dimwishlist:item=1258168956&perks=839105230,1431678320,960997401,831391274
dimwishlist:item=1258168956&perks=839105230,1431678320,3244229373,3824105627
dimwishlist:item=1258168956&perks=839105230,1431678320,3244229373,3640170453
dimwishlist:item=1258168956&perks=839105230,1431678320,3244229373,831391274
dimwishlist:item=1258168956&perks=839105230,1431678320,923806249,3824105627
dimwishlist:item=1258168956&perks=839105230,1431678320,923806249,3640170453
dimwishlist:item=1258168956&perks=839105230,1431678320,923806249,831391274
imwishlist:item=1258168956&perks=1840239774,1431678320,960997401,3824105627
dimwishlist:item=1258168956&perks=1840239774,1431678320,960997401,3640170453
dimwishlist:item=1258168956&perks=1840239774,1431678320,960997401,831391274
dimwishlist:item=1258168956&perks=1840239774,1431678320,3244229373,3824105627
dimwishlist:item=1258168956&perks=1840239774,1431678320,3244229373,3640170453
dimwishlist:item=1258168956&perks=1840239774,1431678320,3244229373,831391274
dimwishlist:item=1258168956&perks=1840239774,1431678320,923806249,3824105627
dimwishlist:item=1258168956&perks=1840239774,1431678320,923806249,3640170453
dimwishlist:item=1258168956&perks=1840239774,1431678320,923806249,831391274

// No Feelings ()
dimwishlist:item=1271275406&perks=1840239774,1431678320,2173046394,657025441
dimwishlist:item=1271275406&perks=1840239774,1431678320,2173046394,4196156997
dimwishlist:item=1271275406&perks=1840239774,1431678320,2173046394,3038247973
dimwishlist:item=1271275406&perks=1840239774,1431678320,2173046394,64866129
dimwishlist:item=1271275406&perks=1840239774,1431678320,2173046394,654512643
dimwishlist:item=1271275406&perks=1840239774,1431678320,2173046394,4065965131

// Brass Attacks ()
dimwishlist:item=1291040554&perks=1840239774,1561002382,776531651,1464081238
dimwishlist:item=1291040554&perks=1840239774,1561002382,776531651,2813913866
dimwishlist:item=1291040554&perks=1840239774,1561002382,776531651,2048641572
dimwishlist:item=1291040554&perks=1840239774,1561002382,776531651,3425386926
dimwishlist:item=1291040554&perks=1840239774,1561002382,2360347339,1464081238
dimwishlist:item=1291040554&perks=1840239774,1561002382,2360347339,2813913866
dimwishlist:item=1291040554&perks=1840239774,1561002382,2360347339,2048641572
dimwishlist:item=1291040554&perks=1840239774,1561002382,2360347339,3425386926
dimwishlist:item=1291040554&perks=1840239774,1561002382,4096144819,1464081238
dimwishlist:item=1291040554&perks=1840239774,1561002382,4096144819,2813913866
dimwishlist:item=1291040554&perks=1840239774,1561002382,4096144819,2048641572
dimwishlist:item=1291040554&perks=1840239774,1561002382,4096144819,3425386926
dimwishlist:item=1291040554&perks=1840239774,1431678320,776531651,1464081238
dimwishlist:item=1291040554&perks=1840239774,1431678320,776531651,2813913866
dimwishlist:item=1291040554&perks=1840239774,1431678320,776531651,2048641572
dimwishlist:item=1291040554&perks=1840239774,1431678320,776531651,3425386926
dimwishlist:item=1291040554&perks=1840239774,1431678320,2360347339,1464081238
dimwishlist:item=1291040554&perks=1840239774,1431678320,2360347339,2813913866
dimwishlist:item=1291040554&perks=1840239774,1431678320,2360347339,2048641572
dimwishlist:item=1291040554&perks=1840239774,1431678320,2360347339,3425386926
dimwishlist:item=1291040554&perks=1840239774,1431678320,4096144819,1464081238
dimwishlist:item=1291040554&perks=1840239774,1431678320,4096144819,2813913866
dimwishlist:item=1291040554&perks=1840239774,1431678320,4096144819,2048641572
dimwishlist:item=1291040554&perks=1840239774,1431678320,4096144819,3425386926

// Heliocentric QSc ()
dimwishlist:item=1291040555&perks=1840239774,1431678320,3017780555,4293542123
dimwishlist:item=1291040555&perks=1840239774,1431678320,3017780555,3708227201

// Abide the Return ()
dimwishlist:item=1291270049&perks=3666208348,2349202967,1749209109,3201496230
dimwishlist:item=1291270049&perks=3666208348,2349202967,1749209109,1089671869
dimwishlist:item=1291270049&perks=3666208348,2349202967,1749209109,2077819806
dimwishlist:item=1291270049&perks=3666208348,2349202967,4132187021,3201496230
dimwishlist:item=1291270049&perks=3666208348,2349202967,4132187021,1089671869
dimwishlist:item=1291270049&perks=3666208348,2349202967,4132187021,2077819806
dimwishlist:item=1291270049&perks=3666208348,2349202967,2581144697,3201496230
dimwishlist:item=1291270049&perks=3666208348,2349202967,2581144697,1089671869
dimwishlist:item=1291270049&perks=3666208348,2349202967,2581144697,2077819806
dimwishlist:item=1291270049&perks=3666208348,269888150,1749209109,3201496230
dimwishlist:item=1291270049&perks=3666208348,269888150,1749209109,1089671869
dimwishlist:item=1291270049&perks=3666208348,269888150,1749209109,2077819806
dimwishlist:item=1291270049&perks=3666208348,269888150,4132187021,3201496230
dimwishlist:item=1291270049&perks=3666208348,269888150,4132187021,1089671869
dimwishlist:item=1291270049&perks=3666208348,269888150,4132187021,2077819806
dimwishlist:item=1291270049&perks=3666208348,269888150,2581144697,3201496230
dimwishlist:item=1291270049&perks=3666208348,269888150,2581144697,1089671869
dimwishlist:item=1291270049&perks=3666208348,269888150,2581144697,2077819806
dimwishlist:item=1291270049&perks=938542991,2349202967,1749209109,3201496230
dimwishlist:item=1291270049&perks=938542991,2349202967,1749209109,1089671869
dimwishlist:item=1291270049&perks=938542991,2349202967,1749209109,2077819806
dimwishlist:item=1291270049&perks=938542991,2349202967,4132187021,3201496230
dimwishlist:item=1291270049&perks=938542991,2349202967,4132187021,1089671869
dimwishlist:item=1291270049&perks=938542991,2349202967,4132187021,2077819806
dimwishlist:item=1291270049&perks=938542991,2349202967,2581144697,3201496230
dimwishlist:item=1291270049&perks=938542991,2349202967,2581144697,1089671869
dimwishlist:item=1291270049&perks=938542991,2349202967,2581144697,2077819806
dimwishlist:item=1291270049&perks=938542991,269888150,1749209109,3201496230
dimwishlist:item=1291270049&perks=938542991,269888150,1749209109,1089671869
dimwishlist:item=1291270049&perks=938542991,269888150,1749209109,2077819806
dimwishlist:item=1291270049&perks=938542991,269888150,4132187021,3201496230
dimwishlist:item=1291270049&perks=938542991,269888150,4132187021,1089671869
dimwishlist:item=1291270049&perks=938542991,269888150,4132187021,2077819806
dimwishlist:item=1291270049&perks=938542991,269888150,2581144697,3201496230
dimwishlist:item=1291270049&perks=938542991,269888150,2581144697,1089671869
dimwishlist:item=1291270049&perks=938542991,269888150,2581144697,2077819806


// Qullim's Terminus ()
dimwishlist:item=1321506184&perks=839105230,2420895100,3108830275,124408337
dimwishlist:item=1321506184&perks=839105230,2420895100,3108830275,2922950962
dimwishlist:item=1321506184&perks=839105230,2420895100,3108830275,2305480722
dimwishlist:item=1321506184&perks=839105230,2420895100,3523296417,124408337
dimwishlist:item=1321506184&perks=839105230,2420895100,3523296417,2922950962
dimwishlist:item=1321506184&perks=839105230,2420895100,3523296417,2305480722
dimwishlist:item=1321506184&perks=839105230,1431678320,3108830275,124408337
dimwishlist:item=1321506184&perks=839105230,1431678320,3108830275,2922950962
dimwishlist:item=1321506184&perks=839105230,1431678320,3108830275,2305480722
dimwishlist:item=1321506184&perks=839105230,1431678320,3523296417,124408337
dimwishlist:item=1321506184&perks=839105230,1431678320,3523296417,2922950962
dimwishlist:item=1321506184&perks=839105230,1431678320,3523296417,2305480722
imwishlist:item=1321506184&perks=1840239774,2420895100,3108830275,124408337
dimwishlist:item=1321506184&perks=1840239774,2420895100,3108830275,2922950962
dimwishlist:item=1321506184&perks=1840239774,2420895100,3108830275,2305480722
dimwishlist:item=1321506184&perks=1840239774,2420895100,3523296417,124408337
dimwishlist:item=1321506184&perks=1840239774,2420895100,3523296417,2922950962
dimwishlist:item=1321506184&perks=1840239774,2420895100,3523296417,2305480722
dimwishlist:item=1321506184&perks=1840239774,1431678320,3108830275,124408337
dimwishlist:item=1321506184&perks=1840239774,1431678320,3108830275,2922950962
dimwishlist:item=1321506184&perks=1840239774,1431678320,3108830275,2305480722
dimwishlist:item=1321506184&perks=1840239774,1431678320,3523296417,124408337
dimwishlist:item=1321506184&perks=1840239774,1431678320,3523296417,2922950962
dimwishlist:item=1321506184&perks=1840239774,1431678320,3523296417,2305480722

// Hammerhead ()
dimwishlist:item=1346714574&perks=839105230,1561002382,3523296417,2305480722
dimwishlist:item=1346714574&perks=839105230,1561002382,3523296417,1464081238
dimwishlist:item=1346714574&perks=839105230,1561002382,3523296417,2813913866
dimwishlist:item=1346714574&perks=839105230,1561002382,3523296417,2109543898
dimwishlist:item=1346714574&perks=839105230,1561002382,3425386926,2305480722
dimwishlist:item=1346714574&perks=839105230,1561002382,3425386926,1464081238
dimwishlist:item=1346714574&perks=839105230,1561002382,3425386926,2813913866
dimwishlist:item=1346714574&perks=839105230,1561002382,3425386926,2109543898
dimwishlist:item=1346714574&perks=839105230,1561002382,2048641572,2305480722
dimwishlist:item=1346714574&perks=839105230,1561002382,2048641572,1464081238
dimwishlist:item=1346714574&perks=839105230,1561002382,2048641572,2813913866
dimwishlist:item=1346714574&perks=839105230,1561002382,2048641572,2109543898
dimwishlist:item=1346714574&perks=839105230,1431678320,3523296417,2305480722
dimwishlist:item=1346714574&perks=839105230,1431678320,3523296417,1464081238
dimwishlist:item=1346714574&perks=839105230,1431678320,3523296417,2813913866
dimwishlist:item=1346714574&perks=839105230,1431678320,3523296417,2109543898
dimwishlist:item=1346714574&perks=839105230,1431678320,3425386926,2305480722
dimwishlist:item=1346714574&perks=839105230,1431678320,3425386926,1464081238
dimwishlist:item=1346714574&perks=839105230,1431678320,3425386926,2813913866
dimwishlist:item=1346714574&perks=839105230,1431678320,3425386926,2109543898
dimwishlist:item=1346714574&perks=839105230,1431678320,2048641572,2305480722
dimwishlist:item=1346714574&perks=839105230,1431678320,2048641572,1464081238
dimwishlist:item=1346714574&perks=839105230,1431678320,2048641572,2813913866
dimwishlist:item=1346714574&perks=839105230,1431678320,2048641572,2109543898
imwishlist:item=1346714574&perks=839105230,2420895100,3523296417,2305480722
dimwishlist:item=1346714574&perks=839105230,2420895100,3523296417,1464081238
dimwishlist:item=1346714574&perks=839105230,2420895100,3523296417,2813913866
dimwishlist:item=1346714574&perks=839105230,2420895100,3523296417,2109543898
dimwishlist:item=1346714574&perks=839105230,2420895100,3425386926,2305480722
dimwishlist:item=1346714574&perks=839105230,2420895100,3425386926,1464081238
dimwishlist:item=1346714574&perks=839105230,2420895100,3425386926,2813913866
dimwishlist:item=1346714574&perks=839105230,2420895100,3425386926,2109543898
dimwishlist:item=1346714574&perks=839105230,2420895100,2048641572,2305480722
dimwishlist:item=1346714574&perks=839105230,2420895100,2048641572,1464081238
dimwishlist:item=1346714574&perks=839105230,2420895100,2048641572,2813913866
dimwishlist:item=1346714574&perks=839105230,2420895100,2048641572,2109543898
dimwishlist:item=1346714574&perks=1840239774,1561002382,3523296417,2305480722
dimwishlist:item=1346714574&perks=1840239774,1561002382,3523296417,1464081238
dimwishlist:item=1346714574&perks=1840239774,1561002382,3523296417,2813913866
dimwishlist:item=1346714574&perks=1840239774,1561002382,3523296417,2109543898
dimwishlist:item=1346714574&perks=1840239774,1561002382,3425386926,2305480722
dimwishlist:item=1346714574&perks=1840239774,1561002382,3425386926,1464081238
dimwishlist:item=1346714574&perks=1840239774,1561002382,3425386926,2813913866
dimwishlist:item=1346714574&perks=1840239774,1561002382,3425386926,2109543898
dimwishlist:item=1346714574&perks=1840239774,1561002382,2048641572,2305480722
dimwishlist:item=1346714574&perks=1840239774,1561002382,2048641572,1464081238
dimwishlist:item=1346714574&perks=1840239774,1561002382,2048641572,2813913866
dimwishlist:item=1346714574&perks=1840239774,1561002382,2048641572,2109543898
dimwishlist:item=1346714574&perks=1840239774,1431678320,3523296417,2305480722
dimwishlist:item=1346714574&perks=1840239774,1431678320,3523296417,1464081238
dimwishlist:item=1346714574&perks=1840239774,1431678320,3523296417,2813913866
dimwishlist:item=1346714574&perks=1840239774,1431678320,3523296417,2109543898
dimwishlist:item=1346714574&perks=1840239774,1431678320,3425386926,2305480722
dimwishlist:item=1346714574&perks=1840239774,1431678320,3425386926,1464081238
dimwishlist:item=1346714574&perks=1840239774,1431678320,3425386926,2813913866
dimwishlist:item=1346714574&perks=1840239774,1431678320,3425386926,2109543898
dimwishlist:item=1346714574&perks=1840239774,1431678320,2048641572,2305480722
dimwishlist:item=1346714574&perks=1840239774,1431678320,2048641572,1464081238
dimwishlist:item=1346714574&perks=1840239774,1431678320,2048641572,2813913866
dimwishlist:item=1346714574&perks=1840239774,1431678320,2048641572,2109543898
imwishlist:item=1346714574&perks=1840239774,2420895100,3523296417,2305480722
dimwishlist:item=1346714574&perks=1840239774,2420895100,3523296417,1464081238
dimwishlist:item=1346714574&perks=1840239774,2420895100,3523296417,2813913866
dimwishlist:item=1346714574&perks=1840239774,2420895100,3523296417,2109543898
dimwishlist:item=1346714574&perks=1840239774,2420895100,3425386926,2305480722
dimwishlist:item=1346714574&perks=1840239774,2420895100,3425386926,1464081238
dimwishlist:item=1346714574&perks=1840239774,2420895100,3425386926,2813913866
dimwishlist:item=1346714574&perks=1840239774,2420895100,3425386926,2109543898
dimwishlist:item=1346714574&perks=1840239774,2420895100,2048641572,2305480722
dimwishlist:item=1346714574&perks=1840239774,2420895100,2048641572,1464081238
dimwishlist:item=1346714574&perks=1840239774,2420895100,2048641572,2813913866
dimwishlist:item=1346714574&perks=1840239774,2420895100,2048641572,2109543898


// Veillantif-D ()
dimwishlist:item=1361871430&perks=1478423395,106909392,1421772400,4293542123
dimwishlist:item=1361871430&perks=1478423395,106909392,1421772400,2109543898
dimwishlist:item=1361871430&perks=1478423395,106909392,1421772400,2890807135
dimwishlist:item=1361871430&perks=1478423395,106909392,3017780555,4293542123
dimwishlist:item=1361871430&perks=1478423395,106909392,3017780555,2109543898
dimwishlist:item=1361871430&perks=1478423395,106909392,3017780555,2890807135
dimwishlist:item=1361871430&perks=1478423395,106909392,1017229899,4293542123
dimwishlist:item=1361871430&perks=1478423395,106909392,1017229899,2109543898
dimwishlist:item=1361871430&perks=1478423395,106909392,1017229899,2890807135
dimwishlist:item=1361871430&perks=1478423395,2420895100,1421772400,4293542123
dimwishlist:item=1361871430&perks=1478423395,2420895100,1421772400,2109543898
dimwishlist:item=1361871430&perks=1478423395,2420895100,1421772400,2890807135
dimwishlist:item=1361871430&perks=1478423395,2420895100,3017780555,4293542123
dimwishlist:item=1361871430&perks=1478423395,2420895100,3017780555,2109543898
dimwishlist:item=1361871430&perks=1478423395,2420895100,3017780555,2890807135
dimwishlist:item=1361871430&perks=1478423395,2420895100,1017229899,4293542123
dimwishlist:item=1361871430&perks=1478423395,2420895100,1017229899,2109543898
dimwishlist:item=1361871430&perks=1478423395,2420895100,1017229899,2890807135
dimwishlist:item=1361871430&perks=3525010810,106909392,1421772400,4293542123
dimwishlist:item=1361871430&perks=3525010810,106909392,1421772400,2109543898
dimwishlist:item=1361871430&perks=3525010810,106909392,1421772400,2890807135
dimwishlist:item=1361871430&perks=3525010810,106909392,3017780555,4293542123
dimwishlist:item=1361871430&perks=3525010810,106909392,3017780555,2109543898
dimwishlist:item=1361871430&perks=3525010810,106909392,3017780555,2890807135
dimwishlist:item=1361871430&perks=3525010810,106909392,1017229899,4293542123
dimwishlist:item=1361871430&perks=3525010810,106909392,1017229899,2109543898
dimwishlist:item=1361871430&perks=3525010810,106909392,1017229899,2890807135
dimwishlist:item=1361871430&perks=3525010810,2420895100,1421772400,4293542123
dimwishlist:item=1361871430&perks=3525010810,2420895100,1421772400,2109543898
dimwishlist:item=1361871430&perks=3525010810,2420895100,1421772400,2890807135
dimwishlist:item=1361871430&perks=3525010810,2420895100,3017780555,4293542123
dimwishlist:item=1361871430&perks=3525010810,2420895100,3017780555,2109543898
dimwishlist:item=1361871430&perks=3525010810,2420895100,3017780555,2890807135
dimwishlist:item=1361871430&perks=3525010810,2420895100,1017229899,4293542123
dimwishlist:item=1361871430&perks=3525010810,2420895100,1017229899,2109543898
dimwishlist:item=1361871430&perks=3525010810,2420895100,1017229899,2890807135


// Trustee ()
dimwishlist:item=1392919471&perks=1840239774,1431678320,3017780555,4293542123
dimwishlist:item=1392919471&perks=1840239774,1431678320,3017780555,657025441
dimwishlist:item=1392919471&perks=1840239774,1431678320,3017780555,4196156997
dimwishlist:item=1392919471&perks=1840239774,1431678320,3017780555,2890807135
dimwishlist:item=1392919471&perks=1840239774,1431678320,1523832109,4293542123
dimwishlist:item=1392919471&perks=1840239774,1431678320,1523832109,657025441
dimwishlist:item=1392919471&perks=1840239774,1431678320,1523832109,4196156997
dimwishlist:item=1392919471&perks=1840239774,1431678320,1523832109,2890807135

// New Purpose ()
dimwishlist:item=1400385226&perks=839105230,1561002382,124408337,1955165503
dimwishlist:item=1400385226&perks=839105230,1561002382,124408337,657025441
dimwishlist:item=1400385226&perks=839105230,1561002382,124408337,4196156997
dimwishlist:item=1400385226&perks=839105230,1431678320,124408337,1955165503
dimwishlist:item=1400385226&perks=839105230,1431678320,124408337,657025441
dimwishlist:item=1400385226&perks=839105230,1431678320,124408337,4196156997
imwishlist:item=1400385226&perks=1840239774,1561002382,124408337,1955165503
dimwishlist:item=1400385226&perks=1840239774,1561002382,124408337,657025441
dimwishlist:item=1400385226&perks=1840239774,1561002382,124408337,4196156997
dimwishlist:item=1400385226&perks=1840239774,1431678320,124408337,1955165503
dimwishlist:item=1400385226&perks=1840239774,1431678320,124408337,657025441
dimwishlist:item=1400385226&perks=1840239774,1431678320,124408337,4196156997

// Adored ()
dimwishlist:item=1405095983&perks=1840239774,2420895100,1354429876,1089671869


// Punching Out ()
dimwishlist:item=1409524486&perks=1840239774,1431678320,3017780555,657025441,3713579091
dimwishlist:item=1409524486&perks=1840239774,1431678320,3017780555,657025441,2671305723
dimwishlist:item=1409524486&perks=1840239774,1431678320,3017780555,4196156997,3713579091
dimwishlist:item=1409524486&perks=1840239774,1431678320,3017780555,4196156997,2671305723
dimwishlist:item=1409524486&perks=1840239774,1431678320,3017780555,4293542123,3713579091
dimwishlist:item=1409524486&perks=1840239774,1431678320,3017780555,4293542123,2671305723
imwishlist:item=1409524486&perks=1840239774,1561002382,3017780555,657025441,3713579091
dimwishlist:item=1409524486&perks=1840239774,1561002382,3017780555,657025441,2671305723
dimwishlist:item=1409524486&perks=1840239774,1561002382,3017780555,4196156997,3713579091
dimwishlist:item=1409524486&perks=1840239774,1561002382,3017780555,4196156997,2671305723
dimwishlist:item=1409524486&perks=1840239774,1561002382,3017780555,4293542123,3713579091
dimwishlist:item=1409524486&perks=1840239774,1561002382,3017780555,4293542123,2671305723


// M-17 "Fast Talker" ()
dimwishlist:item=1419158093&perks=839105230,1080094173,243981275,2922950962
dimwishlist:item=1419158093&perks=839105230,2126519017,243981275,2922950962
dimwishlist:item=1419158093&perks=1840239774,1080094173,243981275,2922950962
dimwishlist:item=1419158093&perks=1840239774,2126519017,243981275,2922950962


// Fang of Ir Yût ()
dimwishlist:item=1432682459&perks=1840239774,1431678320,923806249,657025441
dimwishlist:item=1432682459&perks=1840239774,1431678320,923806249,4196156997
dimwishlist:item=1432682459&perks=1840239774,1431678320,923806249,831391274
dimwishlist:item=1432682459&perks=1840239774,1431678320,960997401,657025441
dimwishlist:item=1432682459&perks=1840239774,1431678320,960997401,4196156997
dimwishlist:item=1432682459&perks=1840239774,1431678320,960997401,831391274
dimwishlist:item=1432682459&perks=1840239774,1431678320,3244229373,657025441
dimwishlist:item=1432682459&perks=1840239774,1431678320,3244229373,4196156997
dimwishlist:item=1432682459&perks=1840239774,1431678320,3244229373,831391274
dimwishlist:item=1432682459&perks=1840239774,1431678320,3700496672,657025441
dimwishlist:item=1432682459&perks=1840239774,1431678320,3700496672,4196156997
dimwishlist:item=1432682459&perks=1840239774,1431678320,3700496672,831391274
imwishlist:item=1432682459&perks=1840239774,1561002382,923806249,657025441
dimwishlist:item=1432682459&perks=1840239774,1561002382,923806249,4196156997
dimwishlist:item=1432682459&perks=1840239774,1561002382,923806249,831391274
dimwishlist:item=1432682459&perks=1840239774,1561002382,960997401,657025441
dimwishlist:item=1432682459&perks=1840239774,1561002382,960997401,4196156997
dimwishlist:item=1432682459&perks=1840239774,1561002382,960997401,831391274
dimwishlist:item=1432682459&perks=1840239774,1561002382,3244229373,657025441
dimwishlist:item=1432682459&perks=1840239774,1561002382,3244229373,4196156997
dimwishlist:item=1432682459&perks=1840239774,1561002382,3244229373,831391274
dimwishlist:item=1432682459&perks=1840239774,1561002382,3700496672,657025441
dimwishlist:item=1432682459&perks=1840239774,1561002382,3700496672,4196156997
dimwishlist:item=1432682459&perks=1840239774,1561002382,3700496672,831391274


// Lubrae's Ruin (Adept) ()
dimwishlist:item=1466006054&perks=580685494,1431678320,1782407750,3640170453
dimwishlist:item=1466006054&perks=580685494,1431678320,1782407750,3108830275
dimwishlist:item=1466006054&perks=580685494,1431678320,1782407750,3708227201
dimwishlist:item=1466006054&perks=580685494,1431678320,4104185692,3640170453
dimwishlist:item=1466006054&perks=580685494,1431678320,4104185692,3108830275
dimwishlist:item=1466006054&perks=580685494,1431678320,4104185692,3708227201
dimwishlist:item=1466006054&perks=580685494,1431678320,3007133316,3640170453
dimwishlist:item=1466006054&perks=580685494,1431678320,3007133316,3108830275
dimwishlist:item=1466006054&perks=580685494,1431678320,3007133316,3708227201
dimwishlist:item=1466006054&perks=580685494,1431678320,3800201097,3640170453
dimwishlist:item=1466006054&perks=580685494,1431678320,3800201097,3108830275
dimwishlist:item=1466006054&perks=580685494,1431678320,3800201097,3708227201
dimwishlist:item=1466006054&perks=580685494,1431678320,3674673997,3640170453
dimwishlist:item=1466006054&perks=580685494,1431678320,3674673997,3108830275
dimwishlist:item=1466006054&perks=580685494,1431678320,3674673997,3708227201
imwishlist:item=1466006054&perks=580685494,3721627275,1782407750,3640170453
dimwishlist:item=1466006054&perks=580685494,3721627275,1782407750,3108830275
dimwishlist:item=1466006054&perks=580685494,3721627275,1782407750,3708227201
dimwishlist:item=1466006054&perks=580685494,3721627275,4104185692,3640170453
dimwishlist:item=1466006054&perks=580685494,3721627275,4104185692,3108830275
dimwishlist:item=1466006054&perks=580685494,3721627275,4104185692,3708227201
dimwishlist:item=1466006054&perks=580685494,3721627275,3007133316,3640170453
dimwishlist:item=1466006054&perks=580685494,3721627275,3007133316,3108830275
dimwishlist:item=1466006054&perks=580685494,3721627275,3007133316,3708227201
dimwishlist:item=1466006054&perks=580685494,3721627275,3800201097,3640170453
dimwishlist:item=1466006054&perks=580685494,3721627275,3800201097,3108830275
dimwishlist:item=1466006054&perks=580685494,3721627275,3800201097,3708227201
dimwishlist:item=1466006054&perks=580685494,3721627275,3674673997,3640170453
dimwishlist:item=1466006054&perks=580685494,3721627275,3674673997,3108830275
dimwishlist:item=1466006054&perks=580685494,3721627275,3674673997,3708227201


// Punching Out ()
dimwishlist:item=1469372193&perks=1840239774,1431678320,3017780555,657025441
dimwishlist:item=1469372193&perks=1840239774,1431678320,3017780555,4196156997
dimwishlist:item=1469372193&perks=1840239774,1431678320,3017780555,4293542123
imwishlist:item=1469372193&perks=1840239774,1561002382,3017780555,657025441
dimwishlist:item=1469372193&perks=1840239774,1561002382,3017780555,4196156997
dimwishlist:item=1469372193&perks=1840239774,1561002382,3017780555,4293542123


// Acasia's Dejection ()
dimwishlist:item=1471212226&perks=1840239774,2749775325,1523832109,4293542123
dimwishlist:item=1471212226&perks=1840239774,2749775325,1523832109,4198902903
dimwishlist:item=1471212226&perks=1840239774,2749775325,1523832109,222783511
dimwishlist:item=1471212226&perks=1840239774,2749775325,1523832109,3640170453
dimwishlist:item=1471212226&perks=1840239774,2749775325,2890807135,4293542123
dimwishlist:item=1471212226&perks=1840239774,2749775325,2890807135,4198902903
dimwishlist:item=1471212226&perks=1840239774,2749775325,2890807135,222783511
dimwishlist:item=1471212226&perks=1840239774,2749775325,2890807135,3640170453
dimwishlist:item=1471212226&perks=1840239774,2749775325,2869569095,4293542123
dimwishlist:item=1471212226&perks=1840239774,2749775325,2869569095,4198902903
dimwishlist:item=1471212226&perks=1840239774,2749775325,2869569095,222783511
dimwishlist:item=1471212226&perks=1840239774,2749775325,2869569095,3640170453
dimwishlist:item=1471212226&perks=1840239774,2073750249,1523832109,4293542123
dimwishlist:item=1471212226&perks=1840239774,2073750249,1523832109,4198902903
dimwishlist:item=1471212226&perks=1840239774,2073750249,1523832109,222783511
dimwishlist:item=1471212226&perks=1840239774,2073750249,1523832109,3640170453
dimwishlist:item=1471212226&perks=1840239774,2073750249,2890807135,4293542123
dimwishlist:item=1471212226&perks=1840239774,2073750249,2890807135,4198902903
dimwishlist:item=1471212226&perks=1840239774,2073750249,2890807135,222783511
dimwishlist:item=1471212226&perks=1840239774,2073750249,2890807135,3640170453
dimwishlist:item=1471212226&perks=1840239774,2073750249,2869569095,4293542123
dimwishlist:item=1471212226&perks=1840239774,2073750249,2869569095,4198902903
dimwishlist:item=1471212226&perks=1840239774,2073750249,2869569095,222783511
dimwishlist:item=1471212226&perks=1840239774,2073750249,2869569095,3640170453


// Dawn Far Off ()
dimwishlist:item=1484294659&perks=839105230,1431678320,2890807135,4293542123
dimwishlist:item=1484294659&perks=839105230,1431678320,2890807135,657025441
dimwishlist:item=1484294659&perks=839105230,1431678320,2890807135,4196156997
dimwishlist:item=1484294659&perks=839105230,1431678320,2890807135,3201496230
dimwishlist:item=1484294659&perks=839105230,1431678320,1820235745,4293542123
dimwishlist:item=1484294659&perks=839105230,1431678320,1820235745,657025441
dimwishlist:item=1484294659&perks=839105230,1431678320,1820235745,4196156997
dimwishlist:item=1484294659&perks=839105230,1431678320,1820235745,3201496230
dimwishlist:item=1484294659&perks=839105230,1431678320,4245865861,4293542123
dimwishlist:item=1484294659&perks=839105230,1431678320,4245865861,657025441
dimwishlist:item=1484294659&perks=839105230,1431678320,4245865861,4196156997
dimwishlist:item=1484294659&perks=839105230,1431678320,4245865861,3201496230
dimwishlist:item=1484294659&perks=839105230,1431678320,2360347339,4293542123
dimwishlist:item=1484294659&perks=839105230,1431678320,2360347339,657025441
dimwishlist:item=1484294659&perks=839105230,1431678320,2360347339,4196156997
dimwishlist:item=1484294659&perks=839105230,1431678320,2360347339,3201496230
dimwishlist:item=1484294659&perks=839105230,1431678320,4096144819,4293542123
dimwishlist:item=1484294659&perks=839105230,1431678320,4096144819,657025441
dimwishlist:item=1484294659&perks=839105230,1431678320,4096144819,4196156997
dimwishlist:item=1484294659&perks=839105230,1431678320,4096144819,3201496230
imwishlist:item=1484294659&perks=839105230,1561002382,2890807135,4293542123
dimwishlist:item=1484294659&perks=839105230,1561002382,2890807135,657025441
dimwishlist:item=1484294659&perks=839105230,1561002382,2890807135,4196156997
dimwishlist:item=1484294659&perks=839105230,1561002382,2890807135,3201496230
dimwishlist:item=1484294659&perks=839105230,1561002382,1820235745,4293542123
dimwishlist:item=1484294659&perks=839105230,1561002382,1820235745,657025441
dimwishlist:item=1484294659&perks=839105230,1561002382,1820235745,4196156997
dimwishlist:item=1484294659&perks=839105230,1561002382,1820235745,3201496230
dimwishlist:item=1484294659&perks=839105230,1561002382,4245865861,4293542123
dimwishlist:item=1484294659&perks=839105230,1561002382,4245865861,657025441
dimwishlist:item=1484294659&perks=839105230,1561002382,4245865861,4196156997
dimwishlist:item=1484294659&perks=839105230,1561002382,4245865861,3201496230
dimwishlist:item=1484294659&perks=839105230,1561002382,2360347339,4293542123
dimwishlist:item=1484294659&perks=839105230,1561002382,2360347339,657025441
dimwishlist:item=1484294659&perks=839105230,1561002382,2360347339,4196156997
dimwishlist:item=1484294659&perks=839105230,1561002382,2360347339,3201496230
dimwishlist:item=1484294659&perks=839105230,1561002382,4096144819,4293542123
dimwishlist:item=1484294659&perks=839105230,1561002382,4096144819,657025441
dimwishlist:item=1484294659&perks=839105230,1561002382,4096144819,4196156997
dimwishlist:item=1484294659&perks=839105230,1561002382,4096144819,3201496230
dimwishlist:item=1484294659&perks=1840239774,1431678320,2890807135,4293542123
dimwishlist:item=1484294659&perks=1840239774,1431678320,2890807135,657025441
dimwishlist:item=1484294659&perks=1840239774,1431678320,2890807135,4196156997
dimwishlist:item=1484294659&perks=1840239774,1431678320,2890807135,3201496230
dimwishlist:item=1484294659&perks=1840239774,1431678320,1820235745,4293542123
dimwishlist:item=1484294659&perks=1840239774,1431678320,1820235745,657025441
dimwishlist:item=1484294659&perks=1840239774,1431678320,1820235745,4196156997
dimwishlist:item=1484294659&perks=1840239774,1431678320,1820235745,3201496230
dimwishlist:item=1484294659&perks=1840239774,1431678320,4245865861,4293542123
dimwishlist:item=1484294659&perks=1840239774,1431678320,4245865861,657025441
dimwishlist:item=1484294659&perks=1840239774,1431678320,4245865861,4196156997
dimwishlist:item=1484294659&perks=1840239774,1431678320,4245865861,3201496230
dimwishlist:item=1484294659&perks=1840239774,1431678320,2360347339,4293542123
dimwishlist:item=1484294659&perks=1840239774,1431678320,2360347339,657025441
dimwishlist:item=1484294659&perks=1840239774,1431678320,2360347339,4196156997
dimwishlist:item=1484294659&perks=1840239774,1431678320,2360347339,3201496230
dimwishlist:item=1484294659&perks=1840239774,1431678320,4096144819,4293542123
dimwishlist:item=1484294659&perks=1840239774,1431678320,4096144819,657025441
dimwishlist:item=1484294659&perks=1840239774,1431678320,4096144819,4196156997
dimwishlist:item=1484294659&perks=1840239774,1431678320,4096144819,3201496230
imwishlist:item=1484294659&perks=1840239774,1561002382,2890807135,4293542123
dimwishlist:item=1484294659&perks=1840239774,1561002382,2890807135,657025441
dimwishlist:item=1484294659&perks=1840239774,1561002382,2890807135,4196156997
dimwishlist:item=1484294659&perks=1840239774,1561002382,2890807135,3201496230
dimwishlist:item=1484294659&perks=1840239774,1561002382,1820235745,4293542123
dimwishlist:item=1484294659&perks=1840239774,1561002382,1820235745,657025441
dimwishlist:item=1484294659&perks=1840239774,1561002382,1820235745,4196156997
dimwishlist:item=1484294659&perks=1840239774,1561002382,1820235745,3201496230
dimwishlist:item=1484294659&perks=1840239774,1561002382,4245865861,4293542123
dimwishlist:item=1484294659&perks=1840239774,1561002382,4245865861,657025441
dimwishlist:item=1484294659&perks=1840239774,1561002382,4245865861,4196156997
dimwishlist:item=1484294659&perks=1840239774,1561002382,4245865861,3201496230
dimwishlist:item=1484294659&perks=1840239774,1561002382,2360347339,4293542123
dimwishlist:item=1484294659&perks=1840239774,1561002382,2360347339,657025441
dimwishlist:item=1484294659&perks=1840239774,1561002382,2360347339,4196156997
dimwishlist:item=1484294659&perks=1840239774,1561002382,2360347339,3201496230
dimwishlist:item=1484294659&perks=1840239774,1561002382,4096144819,4293542123
dimwishlist:item=1484294659&perks=1840239774,1561002382,4096144819,657025441
dimwishlist:item=1484294659&perks=1840239774,1561002382,4096144819,4196156997
dimwishlist:item=1484294659&perks=1840239774,1561002382,4096144819,3201496230


// Every Waking Moment ()
dimwishlist:item=1487476133&perks=839105230,1431678320,2048641572,657025441
dimwishlist:item=1487476133&perks=839105230,1431678320,2048641572,4196156997
dimwishlist:item=1487476133&perks=839105230,1431678320,2048641572,1464081238
dimwishlist:item=1487476133&perks=839105230,1431678320,2048641572,2813913866
dimwishlist:item=1487476133&perks=839105230,1431678320,776531651,657025441
dimwishlist:item=1487476133&perks=839105230,1431678320,776531651,4196156997
dimwishlist:item=1487476133&perks=839105230,1431678320,776531651,1464081238
dimwishlist:item=1487476133&perks=839105230,1431678320,776531651,2813913866
imwishlist:item=1487476133&perks=839105230,1561002382,2048641572,657025441
dimwishlist:item=1487476133&perks=839105230,1561002382,2048641572,4196156997
dimwishlist:item=1487476133&perks=839105230,1561002382,2048641572,1464081238
dimwishlist:item=1487476133&perks=839105230,1561002382,2048641572,2813913866
dimwishlist:item=1487476133&perks=839105230,1561002382,776531651,657025441
dimwishlist:item=1487476133&perks=839105230,1561002382,776531651,4196156997
dimwishlist:item=1487476133&perks=839105230,1561002382,776531651,1464081238
dimwishlist:item=1487476133&perks=839105230,1561002382,776531651,2813913866
dimwishlist:item=1487476133&perks=1840239774,1431678320,2048641572,657025441
dimwishlist:item=1487476133&perks=1840239774,1431678320,2048641572,4196156997
dimwishlist:item=1487476133&perks=1840239774,1431678320,2048641572,1464081238
dimwishlist:item=1487476133&perks=1840239774,1431678320,2048641572,2813913866
dimwishlist:item=1487476133&perks=1840239774,1431678320,776531651,657025441
dimwishlist:item=1487476133&perks=1840239774,1431678320,776531651,4196156997
dimwishlist:item=1487476133&perks=1840239774,1431678320,776531651,1464081238
dimwishlist:item=1487476133&perks=1840239774,1431678320,776531651,2813913866
imwishlist:item=1487476133&perks=1840239774,1561002382,2048641572,657025441
dimwishlist:item=1487476133&perks=1840239774,1561002382,2048641572,4196156997
dimwishlist:item=1487476133&perks=1840239774,1561002382,2048641572,1464081238
dimwishlist:item=1487476133&perks=1840239774,1561002382,2048641572,2813913866
dimwishlist:item=1487476133&perks=1840239774,1561002382,776531651,657025441
dimwishlist:item=1487476133&perks=1840239774,1561002382,776531651,4196156997
dimwishlist:item=1487476133&perks=1840239774,1561002382,776531651,1464081238
dimwishlist:item=1487476133&perks=1840239774,1561002382,776531651,2813913866


// The Deicide ()
dimwishlist:item=1517780158&perks=1300023272,106909392,3978468247,2679249093
dimwishlist:item=1517780158&perks=1300023272,106909392,3978468247,3751912585
dimwishlist:item=1517780158&perks=1300023272,106909392,3978468247,2360754333
dimwishlist:item=1517780158&perks=1300023272,106909392,1556840489,2679249093
dimwishlist:item=1517780158&perks=1300023272,106909392,1556840489,3751912585
dimwishlist:item=1517780158&perks=1300023272,106909392,1556840489,2360754333
dimwishlist:item=1517780158&perks=1300023272,106909392,3300816228,2679249093
dimwishlist:item=1517780158&perks=1300023272,106909392,3300816228,3751912585
dimwishlist:item=1517780158&perks=1300023272,106909392,3300816228,2360754333


// Threat Level ()
dimwishlist:item=1523151869&perks=1300023272,106909392,2679249093,2360754333
dimwishlist:item=1523151869&perks=1300023272,106909392,2679249093,1226351311
dimwishlist:item=1523151869&perks=1300023272,106909392,2679249093,3640170453
dimwishlist:item=1523151869&perks=1300023272,106909392,3751912585,2360754333
dimwishlist:item=1523151869&perks=1300023272,106909392,3751912585,1226351311
dimwishlist:item=1523151869&perks=1300023272,106909392,3751912585,3640170453
dimwishlist:item=1523151869&perks=1300023272,106909392,1556840489,2360754333
dimwishlist:item=1523151869&perks=1300023272,106909392,1556840489,1226351311
dimwishlist:item=1523151869&perks=1300023272,106909392,1556840489,3640170453


// Seraphine Haze ()
dimwishlist:item=1524387902&perks=1840239774,1431678320,1955165503,2922950962

// Battle Scar ()
dimwishlist:item=1525080480&perks=839105230,1431678320,243981275,3891536761
dimwishlist:item=1525080480&perks=839105230,1431678320,3700496672,3891536761
imwishlist:item=1525080480&perks=1840239774,1431678320,243981275,3891536761
dimwishlist:item=1525080480&perks=1840239774,1431678320,3700496672,3891536761

// Forensic Nightmare ()
dimwishlist:item=1526296434&perks=839105230,1431678320,243981275,2922950962
dimwishlist:item=1526296434&perks=839105230,1431678320,1955165503,2922950962
imwishlist:item=1526296434&perks=839105230,1561002382,243981275,2922950962
dimwishlist:item=1526296434&perks=839105230,1561002382,1955165503,2922950962
dimwishlist:item=1526296434&perks=1840239774,1431678320,243981275,2922950962
dimwishlist:item=1526296434&perks=1840239774,1431678320,1955165503,2922950962
imwishlist:item=1526296434&perks=1840239774,1561002382,243981275,2922950962
dimwishlist:item=1526296434&perks=1840239774,1561002382,1955165503,2922950962


// Accelerando-42 ()
dimwishlist:item=1540621132&perks=839105230,689005463,923806249,2594592626
dimwishlist:item=1540621132&perks=839105230,689005463,923806249,3708227201
dimwishlist:item=1540621132&perks=839105230,689005463,923806249,3764420437
dimwishlist:item=1540621132&perks=839105230,689005463,3643424744,2594592626
dimwishlist:item=1540621132&perks=839105230,689005463,3643424744,3708227201
dimwishlist:item=1540621132&perks=839105230,689005463,3643424744,3764420437
dimwishlist:item=1540621132&perks=1840239774,689005463,923806249,2594592626
dimwishlist:item=1540621132&perks=1840239774,689005463,923806249,3708227201
dimwishlist:item=1540621132&perks=1840239774,689005463,923806249,3764420437
dimwishlist:item=1540621132&perks=1840239774,689005463,3643424744,2594592626
dimwishlist:item=1540621132&perks=1840239774,689005463,3643424744,3708227201
dimwishlist:item=1540621132&perks=1840239774,689005463,3643424744,3764420437


// Refusal of the Call ()
dimwishlist:item=1541324871&perks=580685494,1431678320,1782407750,3640170453
dimwishlist:item=1541324871&perks=580685494,1431678320,1782407750,1966281507
dimwishlist:item=1541324871&perks=580685494,1431678320,1782407750,1592669035
dimwishlist:item=1541324871&perks=580685494,1431678320,923806249,3640170453
dimwishlist:item=1541324871&perks=580685494,1431678320,923806249,1966281507
dimwishlist:item=1541324871&perks=580685494,1431678320,923806249,1592669035
dimwishlist:item=1541324871&perks=580685494,1431678320,2396489472,3640170453
dimwishlist:item=1541324871&perks=580685494,1431678320,2396489472,1966281507
dimwishlist:item=1541324871&perks=580685494,1431678320,2396489472,1592669035
imwishlist:item=1541324871&perks=580685494,3721627275,1782407750,3640170453
dimwishlist:item=1541324871&perks=580685494,3721627275,1782407750,1966281507
dimwishlist:item=1541324871&perks=580685494,3721627275,1782407750,1592669035
dimwishlist:item=1541324871&perks=580685494,3721627275,923806249,3640170453
dimwishlist:item=1541324871&perks=580685494,3721627275,923806249,1966281507
dimwishlist:item=1541324871&perks=580685494,3721627275,923806249,1592669035
dimwishlist:item=1541324871&perks=580685494,3721627275,2396489472,3640170453
dimwishlist:item=1541324871&perks=580685494,3721627275,2396489472,1966281507
dimwishlist:item=1541324871&perks=580685494,3721627275,2396489472,1592669035


// Forgiveness ()
dimwishlist:item=1552443158&perks=1840239774,1431678320,2173046394,3708227201
dimwishlist:item=1552443158&perks=1840239774,1431678320,2173046394,2109543898
imwishlist:item=1552443158&perks=1840239774,1561002382,2173046394,3708227201
dimwishlist:item=1552443158&perks=1840239774,1561002382,2173046394,2109543898


// Gizmo Weft ()
dimwishlist:item=1572604081&perks=3525010810,3301904089,1421772400,1439600632
dimwishlist:item=1572604081&perks=3525010810,3301904089,1421772400,3764420437
dimwishlist:item=1572604081&perks=3525010810,3301904089,1421772400,2396489472
dimwishlist:item=1572604081&perks=3525010810,3301904089,3987942396,1439600632
dimwishlist:item=1572604081&perks=3525010810,3301904089,3987942396,3764420437
dimwishlist:item=1572604081&perks=3525010810,3301904089,3987942396,2396489472
dimwishlist:item=1572604081&perks=3525010810,3301904089,923806249,1439600632
dimwishlist:item=1572604081&perks=3525010810,3301904089,923806249,3764420437
dimwishlist:item=1572604081&perks=3525010810,3301904089,923806249,2396489472
dimwishlist:item=1572604081&perks=3525010810,2822142346,1421772400,1439600632
dimwishlist:item=1572604081&perks=3525010810,2822142346,1421772400,3764420437
dimwishlist:item=1572604081&perks=3525010810,2822142346,1421772400,2396489472
dimwishlist:item=1572604081&perks=3525010810,2822142346,3987942396,1439600632
dimwishlist:item=1572604081&perks=3525010810,2822142346,3987942396,3764420437
dimwishlist:item=1572604081&perks=3525010810,2822142346,3987942396,2396489472
dimwishlist:item=1572604081&perks=3525010810,2822142346,923806249,1439600632
dimwishlist:item=1572604081&perks=3525010810,2822142346,923806249,3764420437
dimwishlist:item=1572604081&perks=3525010810,2822142346,923806249,2396489472
dimwishlist:item=1572604081&perks=3525010810,3492396210,1421772400,1439600632
dimwishlist:item=1572604081&perks=3525010810,3492396210,1421772400,3764420437
dimwishlist:item=1572604081&perks=3525010810,3492396210,1421772400,2396489472
dimwishlist:item=1572604081&perks=3525010810,3492396210,3987942396,1439600632
dimwishlist:item=1572604081&perks=3525010810,3492396210,3987942396,3764420437
dimwishlist:item=1572604081&perks=3525010810,3492396210,3987942396,2396489472
dimwishlist:item=1572604081&perks=3525010810,3492396210,923806249,1439600632
dimwishlist:item=1572604081&perks=3525010810,3492396210,923806249,3764420437
dimwishlist:item=1572604081&perks=3525010810,3492396210,923806249,2396489472


// Triple Laureate ()
dimwishlist:item=1605599021&perks=1300023272,1431678320,2922950962,3640170453
dimwishlist:item=1605599021&perks=1300023272,1431678320,2922950962,2360754333

// A Sudden Death (Adept) ()
dimwishlist:item=1626437786&perks=1300023272,791862061,2679249093,3201496230
dimwishlist:item=1626437786&perks=1300023272,791862061,2679249093,2360754333
dimwishlist:item=1626437786&perks=1300023272,791862061,3978468247,3201496230
dimwishlist:item=1626437786&perks=1300023272,791862061,3978468247,2360754333
dimwishlist:item=1626437786&perks=1300023272,1488599449,2679249093,3201496230
dimwishlist:item=1626437786&perks=1300023272,1488599449,2679249093,2360754333
dimwishlist:item=1626437786&perks=1300023272,1488599449,3978468247,3201496230
dimwishlist:item=1626437786&perks=1300023272,1488599449,3978468247,2360754333


// Anonymous Autumn ()
dimwishlist:item=1644501332&perks=1840239774,1431678320,243981275,2173046394
imwishlist:item=1644501332&perks=1840239774,1561002382,243981275,2173046394


// Greasy Luck ()
dimwishlist:item=1685406703&perks=580685494,3721627275,1523832109,3201496230
dimwishlist:item=1685406703&perks=580685494,3721627275,1523832109,1782407750
dimwishlist:item=1685406703&perks=580685494,3721627275,1523832109,4293542123
dimwishlist:item=1685406703&perks=580685494,3721627275,3017780555,3201496230
dimwishlist:item=1685406703&perks=580685494,3721627275,3017780555,1782407750
dimwishlist:item=1685406703&perks=580685494,3721627275,3017780555,4293542123
dimwishlist:item=1685406703&perks=580685494,3721627275,1556840489,3201496230
dimwishlist:item=1685406703&perks=580685494,3721627275,1556840489,1782407750
dimwishlist:item=1685406703&perks=580685494,3721627275,1556840489,4293542123


// Motif-41 ()
dimwishlist:item=1685533876&perks=3525010810,2822142346,3300816228,4293542123
dimwishlist:item=1685533876&perks=3525010810,2822142346,3300816228,243981275
dimwishlist:item=1685533876&perks=3525010810,2822142346,3300816228,1546637391


// The Hothead ()
dimwishlist:item=1692372662&perks=3525010810,3796465595,1523832109,1439600632
dimwishlist:item=1692372662&perks=3525010810,3796465595,1523832109,3764420437
dimwishlist:item=1692372662&perks=3525010810,3796465595,1523832109,1089671869
dimwishlist:item=1692372662&perks=3525010810,3796465595,3987942396,1439600632
dimwishlist:item=1692372662&perks=3525010810,3796465595,3987942396,3764420437
dimwishlist:item=1692372662&perks=3525010810,3796465595,3987942396,1089671869
dimwishlist:item=1692372662&perks=3525010810,3796465595,3300816228,1439600632
dimwishlist:item=1692372662&perks=3525010810,3796465595,3300816228,3764420437
dimwishlist:item=1692372662&perks=3525010810,3796465595,3300816228,1089671869


// Unworthy ()
dimwishlist:item=1700366811&perks=1840239774,1431678320,3824105627,654512643
dimwishlist:item=1700366811&perks=1840239774,1431678320,3824105627,4065965131
dimwishlist:item=1700366811&perks=1840239774,1431678320,3824105627,2173046394
imwishlist:item=1700366811&perks=1840239774,1561002382,3824105627,654512643
dimwishlist:item=1700366811&perks=1840239774,1561002382,3824105627,4065965131
dimwishlist:item=1700366811&perks=1840239774,1561002382,3824105627,2173046394


// The Spiteful Fang ()
dimwishlist:item=1704597062&perks=2801223209,16392701,1955165503,3824105627
dimwishlist:item=1704597062&perks=2801223209,16392701,1955165503,2922950962
dimwishlist:item=1704597062&perks=2801223209,16392701,124408337,3824105627
dimwishlist:item=1704597062&perks=2801223209,16392701,124408337,2922950962


// Mint Retrograde ()
dimwishlist:item=1715391576&perks=1478423395,106909392,2859149211,2396489472,3713579091
dimwishlist:item=1715391576&perks=1478423395,106909392,2859149211,2396489472,2671305723
dimwishlist:item=1715391576&perks=1478423395,106909392,2859149211,3081867624,3713579091
dimwishlist:item=1715391576&perks=1478423395,106909392,2859149211,3081867624,2671305723
dimwishlist:item=1715391576&perks=1478423395,106909392,2869569095,2396489472,3713579091
dimwishlist:item=1715391576&perks=1478423395,106909392,2869569095,2396489472,2671305723
dimwishlist:item=1715391576&perks=1478423395,106909392,2869569095,3081867624,3713579091
dimwishlist:item=1715391576&perks=1478423395,106909392,2869569095,3081867624,2671305723
dimwishlist:item=1715391576&perks=1478423395,106909392,831391274,2396489472,3713579091
dimwishlist:item=1715391576&perks=1478423395,106909392,831391274,2396489472,2671305723
dimwishlist:item=1715391576&perks=1478423395,106909392,831391274,3081867624,3713579091
dimwishlist:item=1715391576&perks=1478423395,106909392,831391274,3081867624,2671305723
dimwishlist:item=1715391576&perks=1478423395,2420895100,2859149211,2396489472,3713579091
dimwishlist:item=1715391576&perks=1478423395,2420895100,2859149211,2396489472,2671305723
dimwishlist:item=1715391576&perks=1478423395,2420895100,2859149211,3081867624,3713579091
dimwishlist:item=1715391576&perks=1478423395,2420895100,2859149211,3081867624,2671305723
dimwishlist:item=1715391576&perks=1478423395,2420895100,2869569095,2396489472,3713579091
dimwishlist:item=1715391576&perks=1478423395,2420895100,2869569095,2396489472,2671305723
dimwishlist:item=1715391576&perks=1478423395,2420895100,2869569095,3081867624,3713579091
dimwishlist:item=1715391576&perks=1478423395,2420895100,2869569095,3081867624,2671305723
dimwishlist:item=1715391576&perks=1478423395,2420895100,831391274,2396489472,3713579091
dimwishlist:item=1715391576&perks=1478423395,2420895100,831391274,2396489472,2671305723
dimwishlist:item=1715391576&perks=1478423395,2420895100,831391274,3081867624,3713579091
dimwishlist:item=1715391576&perks=1478423395,2420895100,831391274,3081867624,2671305723
dimwishlist:item=1715391576&perks=3525010810,106909392,2859149211,2396489472,3713579091
dimwishlist:item=1715391576&perks=3525010810,106909392,2859149211,2396489472,2671305723
dimwishlist:item=1715391576&perks=3525010810,106909392,2859149211,3081867624,3713579091
dimwishlist:item=1715391576&perks=3525010810,106909392,2859149211,3081867624,2671305723
dimwishlist:item=1715391576&perks=3525010810,106909392,2869569095,2396489472,3713579091
dimwishlist:item=1715391576&perks=3525010810,106909392,2869569095,2396489472,2671305723
dimwishlist:item=1715391576&perks=3525010810,106909392,2869569095,3081867624,3713579091
dimwishlist:item=1715391576&perks=3525010810,106909392,2869569095,3081867624,2671305723
dimwishlist:item=1715391576&perks=3525010810,106909392,831391274,2396489472,3713579091
dimwishlist:item=1715391576&perks=3525010810,106909392,831391274,2396489472,2671305723
dimwishlist:item=1715391576&perks=3525010810,106909392,831391274,3081867624,3713579091
dimwishlist:item=1715391576&perks=3525010810,106909392,831391274,3081867624,2671305723
dimwishlist:item=1715391576&perks=3525010810,2420895100,2859149211,2396489472,3713579091
dimwishlist:item=1715391576&perks=3525010810,2420895100,2859149211,2396489472,2671305723
dimwishlist:item=1715391576&perks=3525010810,2420895100,2859149211,3081867624,3713579091
dimwishlist:item=1715391576&perks=3525010810,2420895100,2859149211,3081867624,2671305723
dimwishlist:item=1715391576&perks=3525010810,2420895100,2869569095,2396489472,3713579091
dimwishlist:item=1715391576&perks=3525010810,2420895100,2869569095,2396489472,2671305723
dimwishlist:item=1715391576&perks=3525010810,2420895100,2869569095,3081867624,3713579091
dimwishlist:item=1715391576&perks=3525010810,2420895100,2869569095,3081867624,2671305723
dimwishlist:item=1715391576&perks=3525010810,2420895100,831391274,2396489472,3713579091
dimwishlist:item=1715391576&perks=3525010810,2420895100,831391274,2396489472,2671305723
dimwishlist:item=1715391576&perks=3525010810,2420895100,831391274,3081867624,3713579091
dimwishlist:item=1715391576&perks=3525010810,2420895100,831391274,3081867624,2671305723


// Chain of Command ()
dimwishlist:item=1716620044&perks=839105230,2420895100,124408337,3523296417
dimwishlist:item=1716620044&perks=839105230,2420895100,124408337,657025441
dimwishlist:item=1716620044&perks=839105230,2420895100,124408337,4196156997
dimwishlist:item=1716620044&perks=839105230,2420895100,124408337,557221067
dimwishlist:item=1716620044&perks=839105230,2420895100,124408337,2896748467
dimwishlist:item=1716620044&perks=839105230,2420895100,3643424744,3523296417
dimwishlist:item=1716620044&perks=839105230,2420895100,3643424744,657025441
dimwishlist:item=1716620044&perks=839105230,2420895100,3643424744,4196156997
dimwishlist:item=1716620044&perks=839105230,2420895100,3643424744,557221067
dimwishlist:item=1716620044&perks=839105230,2420895100,3643424744,2896748467
dimwishlist:item=1716620044&perks=839105230,1561002382,124408337,3523296417
dimwishlist:item=1716620044&perks=839105230,1561002382,124408337,657025441
dimwishlist:item=1716620044&perks=839105230,1561002382,124408337,4196156997
dimwishlist:item=1716620044&perks=839105230,1561002382,124408337,557221067
dimwishlist:item=1716620044&perks=839105230,1561002382,124408337,2896748467
dimwishlist:item=1716620044&perks=839105230,1561002382,3643424744,3523296417
dimwishlist:item=1716620044&perks=839105230,1561002382,3643424744,657025441
dimwishlist:item=1716620044&perks=839105230,1561002382,3643424744,4196156997
dimwishlist:item=1716620044&perks=839105230,1561002382,3643424744,557221067
dimwishlist:item=1716620044&perks=839105230,1561002382,3643424744,2896748467
dimwishlist:item=1716620044&perks=839105230,1431678320,124408337,3523296417
dimwishlist:item=1716620044&perks=839105230,1431678320,124408337,657025441
dimwishlist:item=1716620044&perks=839105230,1431678320,124408337,4196156997
dimwishlist:item=1716620044&perks=839105230,1431678320,124408337,557221067
dimwishlist:item=1716620044&perks=839105230,1431678320,124408337,2896748467
dimwishlist:item=1716620044&perks=839105230,1431678320,3643424744,3523296417
dimwishlist:item=1716620044&perks=839105230,1431678320,3643424744,657025441
dimwishlist:item=1716620044&perks=839105230,1431678320,3643424744,4196156997
dimwishlist:item=1716620044&perks=839105230,1431678320,3643424744,557221067
dimwishlist:item=1716620044&perks=839105230,1431678320,3643424744,2896748467
imwishlist:item=1716620044&perks=1840239774,2420895100,124408337,3523296417
dimwishlist:item=1716620044&perks=1840239774,2420895100,124408337,657025441
dimwishlist:item=1716620044&perks=1840239774,2420895100,124408337,4196156997
dimwishlist:item=1716620044&perks=1840239774,2420895100,124408337,557221067
dimwishlist:item=1716620044&perks=1840239774,2420895100,124408337,2896748467
dimwishlist:item=1716620044&perks=1840239774,2420895100,3643424744,3523296417
dimwishlist:item=1716620044&perks=1840239774,2420895100,3643424744,657025441
dimwishlist:item=1716620044&perks=1840239774,2420895100,3643424744,4196156997
dimwishlist:item=1716620044&perks=1840239774,2420895100,3643424744,557221067
dimwishlist:item=1716620044&perks=1840239774,2420895100,3643424744,2896748467
dimwishlist:item=1716620044&perks=1840239774,1561002382,124408337,3523296417
dimwishlist:item=1716620044&perks=1840239774,1561002382,124408337,657025441
dimwishlist:item=1716620044&perks=1840239774,1561002382,124408337,4196156997
dimwishlist:item=1716620044&perks=1840239774,1561002382,124408337,557221067
dimwishlist:item=1716620044&perks=1840239774,1561002382,124408337,2896748467
dimwishlist:item=1716620044&perks=1840239774,1561002382,3643424744,3523296417
dimwishlist:item=1716620044&perks=1840239774,1561002382,3643424744,657025441
dimwishlist:item=1716620044&perks=1840239774,1561002382,3643424744,4196156997
dimwishlist:item=1716620044&perks=1840239774,1561002382,3643424744,557221067
dimwishlist:item=1716620044&perks=1840239774,1561002382,3643424744,2896748467
dimwishlist:item=1716620044&perks=1840239774,1431678320,124408337,3523296417
dimwishlist:item=1716620044&perks=1840239774,1431678320,124408337,657025441
dimwishlist:item=1716620044&perks=1840239774,1431678320,124408337,4196156997
dimwishlist:item=1716620044&perks=1840239774,1431678320,124408337,557221067
dimwishlist:item=1716620044&perks=1840239774,1431678320,124408337,2896748467
dimwishlist:item=1716620044&perks=1840239774,1431678320,3643424744,3523296417
dimwishlist:item=1716620044&perks=1840239774,1431678320,3643424744,657025441
dimwishlist:item=1716620044&perks=1840239774,1431678320,3643424744,4196156997
dimwishlist:item=1716620044&perks=1840239774,1431678320,3643424744,557221067
dimwishlist:item=1716620044&perks=1840239774,1431678320,3643424744,2896748467

// Chrysura Melo ()
dimwishlist:item=1750388538&perks=202670084,3142289711,2980589453,2173046394
dimwishlist:item=1750388538&perks=202670084,3142289711,2980589453,243981275
dimwishlist:item=1750388538&perks=202670084,3142289711,4063561849,2173046394
dimwishlist:item=1750388538&perks=202670084,3142289711,4063561849,243981275
dimwishlist:item=1750388538&perks=202670084,3142289711,3966416502,2173046394
dimwishlist:item=1750388538&perks=202670084,3142289711,3966416502,243981275
dimwishlist:item=1750388538&perks=202670084,3267421167,2980589453,2173046394
dimwishlist:item=1750388538&perks=202670084,3267421167,2980589453,243981275
dimwishlist:item=1750388538&perks=202670084,3267421167,4063561849,2173046394
dimwishlist:item=1750388538&perks=202670084,3267421167,4063561849,243981275
dimwishlist:item=1750388538&perks=202670084,3267421167,3966416502,2173046394
dimwishlist:item=1750388538&perks=202670084,3267421167,3966416502,243981275
dimwishlist:item=1750388538&perks=1871180748,3142289711,2980589453,2173046394
dimwishlist:item=1750388538&perks=1871180748,3142289711,2980589453,243981275
dimwishlist:item=1750388538&perks=1871180748,3142289711,4063561849,2173046394
dimwishlist:item=1750388538&perks=1871180748,3142289711,4063561849,243981275
dimwishlist:item=1750388538&perks=1871180748,3142289711,3966416502,2173046394
dimwishlist:item=1750388538&perks=1871180748,3142289711,3966416502,243981275
dimwishlist:item=1750388538&perks=1871180748,3267421167,2980589453,2173046394
dimwishlist:item=1750388538&perks=1871180748,3267421167,2980589453,243981275
dimwishlist:item=1750388538&perks=1871180748,3267421167,4063561849,2173046394
dimwishlist:item=1750388538&perks=1871180748,3267421167,4063561849,243981275
dimwishlist:item=1750388538&perks=1871180748,3267421167,3966416502,2173046394
dimwishlist:item=1750388538&perks=1871180748,3267421167,3966416502,243981275


// Evening SI4 ()
dimwishlist:item=1763361847&perks=1840239774,1431678320,3017780555,2890807135
dimwishlist:item=1763361847&perks=1840239774,1431678320,3017780555,4293542123
dimwishlist:item=1763361847&perks=1840239774,1431678320,2360347339,2890807135
dimwishlist:item=1763361847&perks=1840239774,1431678320,2360347339,4293542123
dimwishlist:item=1763361847&perks=1840239774,1431678320,4096144819,2890807135
dimwishlist:item=1763361847&perks=1840239774,1431678320,4096144819,4293542123

// Non-Denouement ()
dimwishlist:item=1770490683&perks=2801223209,16392701,2848615171,2173046394
dimwishlist:item=1770490683&perks=2801223209,16392701,2848615171,3640170453
dimwishlist:item=1770490683&perks=2801223209,16392701,2848615171,657025441
dimwishlist:item=1770490683&perks=2801223209,16392701,2848615171,4196156997
dimwishlist:item=1770490683&perks=2801223209,16392701,169755979,2173046394
dimwishlist:item=1770490683&perks=2801223209,16392701,169755979,3640170453
dimwishlist:item=1770490683&perks=2801223209,16392701,169755979,657025441
dimwishlist:item=1770490683&perks=2801223209,16392701,169755979,4196156997
dimwishlist:item=1770490683&perks=2801223209,16392701,2652708987,2173046394
dimwishlist:item=1770490683&perks=2801223209,16392701,2652708987,3640170453
dimwishlist:item=1770490683&perks=2801223209,16392701,2652708987,657025441
dimwishlist:item=1770490683&perks=2801223209,16392701,2652708987,4196156997
dimwishlist:item=1770490683&perks=2801223209,16392701,617966211,2173046394
dimwishlist:item=1770490683&perks=2801223209,16392701,617966211,3640170453
dimwishlist:item=1770490683&perks=2801223209,16392701,617966211,657025441
dimwishlist:item=1770490683&perks=2801223209,16392701,617966211,4196156997
dimwishlist:item=1770490683&perks=2801223209,16392701,3700496672,2173046394
dimwishlist:item=1770490683&perks=2801223209,16392701,3700496672,3640170453
dimwishlist:item=1770490683&perks=2801223209,16392701,3700496672,657025441
dimwishlist:item=1770490683&perks=2801223209,16392701,3700496672,4196156997


// No Hesitation ()
dimwishlist:item=1801007332&perks=202670084,3142289711,2980589453,4293542123
dimwishlist:item=1801007332&perks=202670084,3142289711,2980589453,243981275
dimwishlist:item=1801007332&perks=202670084,3142289711,2980589453,3640170453
dimwishlist:item=1801007332&perks=202670084,3142289711,4063561849,4293542123
dimwishlist:item=1801007332&perks=202670084,3142289711,4063561849,243981275
dimwishlist:item=1801007332&perks=202670084,3142289711,4063561849,3640170453
dimwishlist:item=1801007332&perks=202670084,3142289711,2890807135,4293542123
dimwishlist:item=1801007332&perks=202670084,3142289711,2890807135,243981275
dimwishlist:item=1801007332&perks=202670084,3142289711,2890807135,3640170453
dimwishlist:item=1801007332&perks=202670084,3267421167,2980589453,4293542123
dimwishlist:item=1801007332&perks=202670084,3267421167,2980589453,243981275
dimwishlist:item=1801007332&perks=202670084,3267421167,2980589453,3640170453
dimwishlist:item=1801007332&perks=202670084,3267421167,4063561849,4293542123
dimwishlist:item=1801007332&perks=202670084,3267421167,4063561849,243981275
dimwishlist:item=1801007332&perks=202670084,3267421167,4063561849,3640170453
dimwishlist:item=1801007332&perks=202670084,3267421167,2890807135,4293542123
dimwishlist:item=1801007332&perks=202670084,3267421167,2890807135,243981275
dimwishlist:item=1801007332&perks=202670084,3267421167,2890807135,3640170453
dimwishlist:item=1801007332&perks=1871180748,3142289711,2980589453,4293542123
dimwishlist:item=1801007332&perks=1871180748,3142289711,2980589453,243981275
dimwishlist:item=1801007332&perks=1871180748,3142289711,2980589453,3640170453
dimwishlist:item=1801007332&perks=1871180748,3142289711,4063561849,4293542123
dimwishlist:item=1801007332&perks=1871180748,3142289711,4063561849,243981275
dimwishlist:item=1801007332&perks=1871180748,3142289711,4063561849,3640170453
dimwishlist:item=1801007332&perks=1871180748,3142289711,2890807135,4293542123
dimwishlist:item=1801007332&perks=1871180748,3142289711,2890807135,243981275
dimwishlist:item=1801007332&perks=1871180748,3142289711,2890807135,3640170453
dimwishlist:item=1801007332&perks=1871180748,3267421167,2980589453,4293542123
dimwishlist:item=1801007332&perks=1871180748,3267421167,2980589453,243981275
dimwishlist:item=1801007332&perks=1871180748,3267421167,2980589453,3640170453
dimwishlist:item=1801007332&perks=1871180748,3267421167,4063561849,4293542123
dimwishlist:item=1801007332&perks=1871180748,3267421167,4063561849,243981275
dimwishlist:item=1801007332&perks=1871180748,3267421167,4063561849,3640170453
dimwishlist:item=1801007332&perks=1871180748,3267421167,2890807135,4293542123
dimwishlist:item=1801007332&perks=1871180748,3267421167,2890807135,243981275
dimwishlist:item=1801007332&perks=1871180748,3267421167,2890807135,3640170453


// Reckless Oracle ()
dimwishlist:item=1802315656&perks=839105230,1431678320,2048641572,776531651
dimwishlist:item=1802315656&perks=839105230,1431678320,2048641572,3640170453
dimwishlist:item=1802315656&perks=839105230,1431678320,2048641572,1134488199
dimwishlist:item=1802315656&perks=839105230,1431678320,3182497402,776531651
dimwishlist:item=1802315656&perks=839105230,1431678320,3182497402,3640170453
dimwishlist:item=1802315656&perks=839105230,1431678320,3182497402,1134488199
dimwishlist:item=1802315656&perks=839105230,1431678320,4019266109,776531651
dimwishlist:item=1802315656&perks=839105230,1431678320,4019266109,3640170453
dimwishlist:item=1802315656&perks=839105230,1431678320,4019266109,1134488199
imwishlist:item=1802315656&perks=839105230,1561002382,2048641572,776531651
dimwishlist:item=1802315656&perks=839105230,1561002382,2048641572,3640170453
dimwishlist:item=1802315656&perks=839105230,1561002382,2048641572,1134488199
dimwishlist:item=1802315656&perks=839105230,1561002382,3182497402,776531651
dimwishlist:item=1802315656&perks=839105230,1561002382,3182497402,3640170453
dimwishlist:item=1802315656&perks=839105230,1561002382,3182497402,1134488199
dimwishlist:item=1802315656&perks=839105230,1561002382,4019266109,776531651
dimwishlist:item=1802315656&perks=839105230,1561002382,4019266109,3640170453
dimwishlist:item=1802315656&perks=839105230,1561002382,4019266109,1134488199
dimwishlist:item=1802315656&perks=1840239774,1431678320,2048641572,776531651
dimwishlist:item=1802315656&perks=1840239774,1431678320,2048641572,3640170453
dimwishlist:item=1802315656&perks=1840239774,1431678320,2048641572,1134488199
dimwishlist:item=1802315656&perks=1840239774,1431678320,3182497402,776531651
dimwishlist:item=1802315656&perks=1840239774,1431678320,3182497402,3640170453
dimwishlist:item=1802315656&perks=1840239774,1431678320,3182497402,1134488199
dimwishlist:item=1802315656&perks=1840239774,1431678320,4019266109,776531651
dimwishlist:item=1802315656&perks=1840239774,1431678320,4019266109,3640170453
dimwishlist:item=1802315656&perks=1840239774,1431678320,4019266109,1134488199
imwishlist:item=1802315656&perks=1840239774,1561002382,2048641572,776531651
dimwishlist:item=1802315656&perks=1840239774,1561002382,2048641572,3640170453
dimwishlist:item=1802315656&perks=1840239774,1561002382,2048641572,1134488199
dimwishlist:item=1802315656&perks=1840239774,1561002382,3182497402,776531651
dimwishlist:item=1802315656&perks=1840239774,1561002382,3182497402,3640170453
dimwishlist:item=1802315656&perks=1840239774,1561002382,3182497402,1134488199
dimwishlist:item=1802315656&perks=1840239774,1561002382,4019266109,776531651
dimwishlist:item=1802315656&perks=1840239774,1561002382,4019266109,3640170453
dimwishlist:item=1802315656&perks=1840239774,1561002382,4019266109,1134488199


// Arcane Embrace ()
dimwishlist:item=1813474267&perks=1840239774,1087426260,1354429876,3708227201
dimwishlist:item=1813474267&perks=1840239774,1087426260,1354429876,3764420437
dimwishlist:item=1813474267&perks=1840239774,1087426260,1523832109,3708227201
dimwishlist:item=1813474267&perks=1840239774,1087426260,1523832109,3764420437
dimwishlist:item=1813474267&perks=1840239774,1087426260,1631667848,3708227201
dimwishlist:item=1813474267&perks=1840239774,1087426260,1631667848,3764420437


// Cold Comfort (Adept) ()
dimwishlist:item=1817605554&perks=3525010810,3796465595,3987942396,1089671869
dimwishlist:item=1817605554&perks=3525010810,3796465595,3987942396,1439600632
dimwishlist:item=1817605554&perks=3525010810,3796465595,3987942396,3078487919


// Relentless (Adept) ()
dimwishlist:item=1827058652&perks=839105230,1431678320,960997401,831391274
dimwishlist:item=1827058652&perks=839105230,1431678320,3244229373,831391274
dimwishlist:item=1827058652&perks=839105230,1431678320,923806249,831391274
dimwishlist:item=1827058652&perks=839105230,1431678320,3824105627,831391274
imwishlist:item=1827058652&perks=839105230,1561002382,960997401,831391274
dimwishlist:item=1827058652&perks=839105230,1561002382,3244229373,831391274
dimwishlist:item=1827058652&perks=839105230,1561002382,923806249,831391274
dimwishlist:item=1827058652&perks=839105230,1561002382,3824105627,831391274
dimwishlist:item=1827058652&perks=1840239774,1431678320,960997401,831391274
dimwishlist:item=1827058652&perks=1840239774,1431678320,3244229373,831391274
dimwishlist:item=1827058652&perks=1840239774,1431678320,923806249,831391274
dimwishlist:item=1827058652&perks=1840239774,1431678320,3824105627,831391274
imwishlist:item=1827058652&perks=1840239774,1561002382,960997401,831391274
dimwishlist:item=1827058652&perks=1840239774,1561002382,3244229373,831391274
dimwishlist:item=1827058652&perks=1840239774,1561002382,923806249,831391274
dimwishlist:item=1827058652&perks=1840239774,1561002382,3824105627,831391274


// Positive Outlook ()
dimwishlist:item=1832481283&perks=839105230,1431678320,776531651,2048641572,3713579091
dimwishlist:item=1832481283&perks=839105230,1431678320,776531651,2048641572,2671305723
dimwishlist:item=1832481283&perks=839105230,1431678320,776531651,2305480722,3713579091
dimwishlist:item=1832481283&perks=839105230,1431678320,776531651,2305480722,2671305723
dimwishlist:item=1832481283&perks=839105230,1431678320,1134488199,2048641572,3713579091
dimwishlist:item=1832481283&perks=839105230,1431678320,1134488199,2048641572,2671305723
dimwishlist:item=1832481283&perks=839105230,1431678320,1134488199,2305480722,3713579091
dimwishlist:item=1832481283&perks=839105230,1431678320,1134488199,2305480722,2671305723
imwishlist:item=1832481283&perks=839105230,1561002382,776531651,2048641572,3713579091
dimwishlist:item=1832481283&perks=839105230,1561002382,776531651,2048641572,2671305723
dimwishlist:item=1832481283&perks=839105230,1561002382,776531651,2305480722,3713579091
dimwishlist:item=1832481283&perks=839105230,1561002382,776531651,2305480722,2671305723
dimwishlist:item=1832481283&perks=839105230,1561002382,1134488199,2048641572,3713579091
dimwishlist:item=1832481283&perks=839105230,1561002382,1134488199,2048641572,2671305723
dimwishlist:item=1832481283&perks=839105230,1561002382,1134488199,2305480722,3713579091
dimwishlist:item=1832481283&perks=839105230,1561002382,1134488199,2305480722,2671305723
dimwishlist:item=1832481283&perks=1840239774,1431678320,776531651,2048641572,3713579091
dimwishlist:item=1832481283&perks=1840239774,1431678320,776531651,2048641572,2671305723
dimwishlist:item=1832481283&perks=1840239774,1431678320,776531651,2305480722,3713579091
dimwishlist:item=1832481283&perks=1840239774,1431678320,776531651,2305480722,2671305723
dimwishlist:item=1832481283&perks=1840239774,1431678320,1134488199,2048641572,3713579091
dimwishlist:item=1832481283&perks=1840239774,1431678320,1134488199,2048641572,2671305723
dimwishlist:item=1832481283&perks=1840239774,1431678320,1134488199,2305480722,3713579091
dimwishlist:item=1832481283&perks=1840239774,1431678320,1134488199,2305480722,2671305723
imwishlist:item=1832481283&perks=1840239774,1561002382,776531651,2048641572,3713579091
dimwishlist:item=1832481283&perks=1840239774,1561002382,776531651,2048641572,2671305723
dimwishlist:item=1832481283&perks=1840239774,1561002382,776531651,2305480722,3713579091
dimwishlist:item=1832481283&perks=1840239774,1561002382,776531651,2305480722,2671305723
dimwishlist:item=1832481283&perks=1840239774,1561002382,1134488199,2048641572,3713579091
dimwishlist:item=1832481283&perks=1840239774,1561002382,1134488199,2048641572,2671305723
dimwishlist:item=1832481283&perks=1840239774,1561002382,1134488199,2305480722,3713579091
dimwishlist:item=1832481283&perks=1840239774,1561002382,1134488199,2305480722,2671305723


// Psychopomp ()
dimwishlist:item=1835232052&perks=3525010810,2822142346,3300816228,2173046394
dimwishlist:item=1835232052&perks=3525010810,2822142346,3300816228,654512643
dimwishlist:item=1835232052&perks=3525010810,2822142346,3300816228,4065965131
dimwishlist:item=1835232052&perks=3525010810,2822142346,3300816228,3764420437
dimwishlist:item=1835232052&perks=3525010810,2822142346,2360347339,2173046394
dimwishlist:item=1835232052&perks=3525010810,2822142346,2360347339,654512643
dimwishlist:item=1835232052&perks=3525010810,2822142346,2360347339,4065965131
dimwishlist:item=1835232052&perks=3525010810,2822142346,2360347339,3764420437
dimwishlist:item=1835232052&perks=3525010810,2822142346,4096144819,2173046394
dimwishlist:item=1835232052&perks=3525010810,2822142346,4096144819,654512643
dimwishlist:item=1835232052&perks=3525010810,2822142346,4096144819,4065965131
dimwishlist:item=1835232052&perks=3525010810,2822142346,4096144819,3764420437
dimwishlist:item=1835232052&perks=3525010810,2822142346,3218042543,2173046394
dimwishlist:item=1835232052&perks=3525010810,2822142346,3218042543,654512643
dimwishlist:item=1835232052&perks=3525010810,2822142346,3218042543,4065965131
dimwishlist:item=1835232052&perks=3525010810,2822142346,3218042543,3764420437
dimwishlist:item=1835232052&perks=3525010810,2822142346,2633604463,2173046394
dimwishlist:item=1835232052&perks=3525010810,2822142346,2633604463,654512643
dimwishlist:item=1835232052&perks=3525010810,2822142346,2633604463,4065965131
dimwishlist:item=1835232052&perks=3525010810,2822142346,2633604463,3764420437


// DECATUR 02 ()
dimwishlist:item=1850748385&perks=202670084,3142289711,2980589453,692399809
dimwishlist:item=1850748385&perks=202670084,3142289711,2980589453,4070834277
dimwishlist:item=1850748385&perks=202670084,3142289711,2980589453,3081867624
dimwishlist:item=1850748385&perks=202670084,3142289711,2980589453,3201496230
dimwishlist:item=1850748385&perks=202670084,3142289711,4063561849,692399809
dimwishlist:item=1850748385&perks=202670084,3142289711,4063561849,4070834277
dimwishlist:item=1850748385&perks=202670084,3142289711,4063561849,3081867624
dimwishlist:item=1850748385&perks=202670084,3142289711,4063561849,3201496230
dimwishlist:item=1850748385&perks=202670084,3142289711,2922950962,692399809
dimwishlist:item=1850748385&perks=202670084,3142289711,2922950962,4070834277
dimwishlist:item=1850748385&perks=202670084,3142289711,2922950962,3081867624
dimwishlist:item=1850748385&perks=202670084,3142289711,2922950962,3201496230
dimwishlist:item=1850748385&perks=202670084,3142289711,243981275,692399809
dimwishlist:item=1850748385&perks=202670084,3142289711,243981275,4070834277
dimwishlist:item=1850748385&perks=202670084,3142289711,243981275,3081867624
dimwishlist:item=1850748385&perks=202670084,3142289711,243981275,3201496230
dimwishlist:item=1850748385&perks=202670084,3267421167,2980589453,692399809
dimwishlist:item=1850748385&perks=202670084,3267421167,2980589453,4070834277
dimwishlist:item=1850748385&perks=202670084,3267421167,2980589453,3081867624
dimwishlist:item=1850748385&perks=202670084,3267421167,2980589453,3201496230
dimwishlist:item=1850748385&perks=202670084,3267421167,4063561849,692399809
dimwishlist:item=1850748385&perks=202670084,3267421167,4063561849,4070834277
dimwishlist:item=1850748385&perks=202670084,3267421167,4063561849,3081867624
dimwishlist:item=1850748385&perks=202670084,3267421167,4063561849,3201496230
dimwishlist:item=1850748385&perks=202670084,3267421167,2922950962,692399809
dimwishlist:item=1850748385&perks=202670084,3267421167,2922950962,4070834277
dimwishlist:item=1850748385&perks=202670084,3267421167,2922950962,3081867624
dimwishlist:item=1850748385&perks=202670084,3267421167,2922950962,3201496230
dimwishlist:item=1850748385&perks=202670084,3267421167,243981275,692399809
dimwishlist:item=1850748385&perks=202670084,3267421167,243981275,4070834277
dimwishlist:item=1850748385&perks=202670084,3267421167,243981275,3081867624
dimwishlist:item=1850748385&perks=202670084,3267421167,243981275,3201496230
dimwishlist:item=1850748385&perks=1871180748,3142289711,2980589453,692399809
dimwishlist:item=1850748385&perks=1871180748,3142289711,2980589453,4070834277
dimwishlist:item=1850748385&perks=1871180748,3142289711,2980589453,3081867624
dimwishlist:item=1850748385&perks=1871180748,3142289711,2980589453,3201496230
dimwishlist:item=1850748385&perks=1871180748,3142289711,4063561849,692399809
dimwishlist:item=1850748385&perks=1871180748,3142289711,4063561849,4070834277
dimwishlist:item=1850748385&perks=1871180748,3142289711,4063561849,3081867624
dimwishlist:item=1850748385&perks=1871180748,3142289711,4063561849,3201496230
dimwishlist:item=1850748385&perks=1871180748,3142289711,2922950962,692399809
dimwishlist:item=1850748385&perks=1871180748,3142289711,2922950962,4070834277
dimwishlist:item=1850748385&perks=1871180748,3142289711,2922950962,3081867624
dimwishlist:item=1850748385&perks=1871180748,3142289711,2922950962,3201496230
dimwishlist:item=1850748385&perks=1871180748,3142289711,243981275,692399809
dimwishlist:item=1850748385&perks=1871180748,3142289711,243981275,4070834277
dimwishlist:item=1850748385&perks=1871180748,3142289711,243981275,3081867624
dimwishlist:item=1850748385&perks=1871180748,3142289711,243981275,3201496230
dimwishlist:item=1850748385&perks=1871180748,3267421167,2980589453,692399809
dimwishlist:item=1850748385&perks=1871180748,3267421167,2980589453,4070834277
dimwishlist:item=1850748385&perks=1871180748,3267421167,2980589453,3081867624
dimwishlist:item=1850748385&perks=1871180748,3267421167,2980589453,3201496230
dimwishlist:item=1850748385&perks=1871180748,3267421167,4063561849,692399809
dimwishlist:item=1850748385&perks=1871180748,3267421167,4063561849,4070834277
dimwishlist:item=1850748385&perks=1871180748,3267421167,4063561849,3081867624
dimwishlist:item=1850748385&perks=1871180748,3267421167,4063561849,3201496230
dimwishlist:item=1850748385&perks=1871180748,3267421167,2922950962,692399809
dimwishlist:item=1850748385&perks=1871180748,3267421167,2922950962,4070834277
dimwishlist:item=1850748385&perks=1871180748,3267421167,2922950962,3081867624
dimwishlist:item=1850748385&perks=1871180748,3267421167,2922950962,3201496230
dimwishlist:item=1850748385&perks=1871180748,3267421167,243981275,692399809
dimwishlist:item=1850748385&perks=1871180748,3267421167,243981275,4070834277
dimwishlist:item=1850748385&perks=1871180748,3267421167,243981275,3081867624
dimwishlist:item=1850748385&perks=1871180748,3267421167,243981275,3201496230


// Apex Predator ()
dimwishlist:item=1851777734&perks=3525010810,3796465595,1523832109,1439600632
dimwishlist:item=1851777734&perks=3525010810,3796465595,1523832109,113508675
dimwishlist:item=1851777734&perks=3525010810,3796465595,1523832109,177189259
dimwishlist:item=1851777734&perks=3525010810,3796465595,1523832109,3708227201
dimwishlist:item=1851777734&perks=3525010810,3796465595,1275731761,1439600632
dimwishlist:item=1851777734&perks=3525010810,3796465595,1275731761,113508675
dimwishlist:item=1851777734&perks=3525010810,3796465595,1275731761,177189259
dimwishlist:item=1851777734&perks=3525010810,3796465595,1275731761,3708227201
dimwishlist:item=1851777734&perks=3525010810,3796465595,2091001077,1439600632
dimwishlist:item=1851777734&perks=3525010810,3796465595,2091001077,113508675
dimwishlist:item=1851777734&perks=3525010810,3796465595,2091001077,177189259
dimwishlist:item=1851777734&perks=3525010810,3796465595,2091001077,3708227201
dimwishlist:item=1851777734&perks=3525010810,3796465595,2396489472,1439600632
dimwishlist:item=1851777734&perks=3525010810,3796465595,2396489472,113508675
dimwishlist:item=1851777734&perks=3525010810,3796465595,2396489472,177189259
dimwishlist:item=1851777734&perks=3525010810,3796465595,2396489472,3708227201


// Modified B-7 Pistol ()
dimwishlist:item=1872906663&perks=1840239774,1080094173,3824105627,124408337,3713579091
dimwishlist:item=1872906663&perks=1840239774,1080094173,3824105627,124408337,2671305723
dimwishlist:item=1872906663&perks=1840239774,1080094173,3824105627,2922950962,3713579091
dimwishlist:item=1872906663&perks=1840239774,1080094173,3824105627,2922950962,2671305723
dimwishlist:item=1872906663&perks=1840239774,2126519017,3824105627,124408337,3713579091
dimwishlist:item=1872906663&perks=1840239774,2126519017,3824105627,124408337,2671305723
dimwishlist:item=1872906663&perks=1840239774,2126519017,3824105627,2922950962,3713579091
dimwishlist:item=1872906663&perks=1840239774,2126519017,3824105627,2922950962,2671305723


// Chronophage ()
dimwishlist:item=1886840007&perks=1840239774,2749775325,776531651,2048641572
dimwishlist:item=1886840007&perks=1840239774,2749775325,776531651,2109543898
dimwishlist:item=1886840007&perks=1840239774,2749775325,3700496672,2048641572
dimwishlist:item=1886840007&perks=1840239774,2749775325,3700496672,2109543898
dimwishlist:item=1886840007&perks=1840239774,2073750249,776531651,2048641572
dimwishlist:item=1886840007&perks=1840239774,2073750249,776531651,2109543898
dimwishlist:item=1886840007&perks=1840239774,2073750249,3700496672,2048641572
dimwishlist:item=1886840007&perks=1840239774,2073750249,3700496672,2109543898


// Bellowing Giant ()
dimwishlist:item=1889005379&perks=3525010810,3796465595,1421772400,113508675
dimwishlist:item=1889005379&perks=3525010810,3796465595,1421772400,177189259
dimwishlist:item=1889005379&perks=3525010810,3796465595,1421772400,1439600632
dimwishlist:item=1889005379&perks=3525010810,3796465595,1421772400,3764420437
dimwishlist:item=1889005379&perks=3525010810,3796465595,3643424744,113508675
dimwishlist:item=1889005379&perks=3525010810,3796465595,3643424744,177189259
dimwishlist:item=1889005379&perks=3525010810,3796465595,3643424744,1439600632
dimwishlist:item=1889005379&perks=3525010810,3796465595,3643424744,3764420437
dimwishlist:item=1889005379&perks=3525010810,3796465595,3927722942,113508675
dimwishlist:item=1889005379&perks=3525010810,3796465595,3927722942,177189259
dimwishlist:item=1889005379&perks=3525010810,3796465595,3927722942,1439600632
dimwishlist:item=1889005379&perks=3525010810,3796465595,3927722942,3764420437
dimwishlist:item=1889005379&perks=3525010810,3796465595,1167468626,113508675
dimwishlist:item=1889005379&perks=3525010810,3796465595,1167468626,177189259
dimwishlist:item=1889005379&perks=3525010810,3796465595,1167468626,1439600632
dimwishlist:item=1889005379&perks=3525010810,3796465595,1167468626,3764420437


// A Sudden Death ()
dimwishlist:item=1904170910&perks=1300023272,791862061,2679249093,3201496230
dimwishlist:item=1904170910&perks=1300023272,791862061,2679249093,2360754333
dimwishlist:item=1904170910&perks=1300023272,791862061,3978468247,3201496230
dimwishlist:item=1904170910&perks=1300023272,791862061,3978468247,2360754333
dimwishlist:item=1904170910&perks=1300023272,1488599449,2679249093,3201496230
dimwishlist:item=1904170910&perks=1300023272,1488599449,2679249093,2360754333
dimwishlist:item=1904170910&perks=1300023272,1488599449,3978468247,3201496230
dimwishlist:item=1904170910&perks=1300023272,1488599449,3978468247,2360754333


// Taipan-4fr ()
dimwishlist:item=1911060537&perks=1840239774,689005463,3400784728,2896038713
dimwishlist:item=1911060537&perks=1840239774,689005463,3400784728,2402480669
dimwishlist:item=1911060537&perks=1840239774,689005463,3400784728,1771339417
dimwishlist:item=1911060537&perks=1840239774,689005463,573122728,2896038713
dimwishlist:item=1911060537&perks=1840239774,689005463,573122728,2402480669
dimwishlist:item=1911060537&perks=1840239774,689005463,573122728,1771339417


// Doom of Chelchis ()
dimwishlist:item=1937552980&perks=1840239774,1431678320,3824105627,657025441
dimwishlist:item=1937552980&perks=1840239774,1431678320,3824105627,4196156997
dimwishlist:item=1937552980&perks=1840239774,1431678320,3824105627,1134488199
dimwishlist:item=1937552980&perks=1840239774,1431678320,3824105627,776531651
dimwishlist:item=1937552980&perks=1840239774,1431678320,2048641572,657025441
dimwishlist:item=1937552980&perks=1840239774,1431678320,2048641572,4196156997
dimwishlist:item=1937552980&perks=1840239774,1431678320,2048641572,1134488199
dimwishlist:item=1937552980&perks=1840239774,1431678320,2048641572,776531651
dimwishlist:item=1937552980&perks=1840239774,1431678320,1464081238,657025441
dimwishlist:item=1937552980&perks=1840239774,1431678320,1464081238,4196156997
dimwishlist:item=1937552980&perks=1840239774,1431678320,1464081238,1134488199
dimwishlist:item=1937552980&perks=1840239774,1431678320,1464081238,776531651
dimwishlist:item=1937552980&perks=1840239774,1431678320,2813913866,657025441
dimwishlist:item=1937552980&perks=1840239774,1431678320,2813913866,4196156997
dimwishlist:item=1937552980&perks=1840239774,1431678320,2813913866,1134488199
dimwishlist:item=1937552980&perks=1840239774,1431678320,2813913866,776531651

// Submission (Adept) ()
dimwishlist:item=1941816543&perks=1840239774,1431678320,3891536761,3640170453

// Ecliptic Distaff ()
dimwishlist:item=1942143745&perks=580685494,1431678320,3800201097,3640170453
dimwishlist:item=1942143745&perks=580685494,1431678320,3800201097,1782407750
dimwishlist:item=1942143745&perks=580685494,1431678320,3800201097,1134488199
dimwishlist:item=1942143745&perks=580685494,1431678320,3674673997,3640170453
dimwishlist:item=1942143745&perks=580685494,1431678320,3674673997,1782407750
dimwishlist:item=1942143745&perks=580685494,1431678320,3674673997,1134488199
dimwishlist:item=1942143745&perks=580685494,1431678320,776531651,3640170453
dimwishlist:item=1942143745&perks=580685494,1431678320,776531651,1782407750
dimwishlist:item=1942143745&perks=580685494,1431678320,776531651,1134488199
dimwishlist:item=1942143745&perks=580685494,1431678320,1683379515,3640170453
dimwishlist:item=1942143745&perks=580685494,1431678320,1683379515,1782407750
dimwishlist:item=1942143745&perks=580685494,1431678320,1683379515,1134488199
imwishlist:item=1942143745&perks=580685494,3721627275,3800201097,3640170453
dimwishlist:item=1942143745&perks=580685494,3721627275,3800201097,1782407750
dimwishlist:item=1942143745&perks=580685494,3721627275,3800201097,1134488199
dimwishlist:item=1942143745&perks=580685494,3721627275,3674673997,3640170453
dimwishlist:item=1942143745&perks=580685494,3721627275,3674673997,1782407750
dimwishlist:item=1942143745&perks=580685494,3721627275,3674673997,1134488199
dimwishlist:item=1942143745&perks=580685494,3721627275,776531651,3640170453
dimwishlist:item=1942143745&perks=580685494,3721627275,776531651,1782407750
dimwishlist:item=1942143745&perks=580685494,3721627275,776531651,1134488199
dimwishlist:item=1942143745&perks=580685494,3721627275,1683379515,3640170453
dimwishlist:item=1942143745&perks=580685494,3721627275,1683379515,1782407750
dimwishlist:item=1942143745&perks=580685494,3721627275,1683379515,1134488199


// Pure Recollection ()
dimwishlist:item=1956186483&perks=1840239774,1087426260,3987942396,3078487919
dimwishlist:item=1956186483&perks=1840239774,1087426260,3987942396,1134488199
dimwishlist:item=1956186483&perks=1840239774,1087426260,2213355989,3078487919
dimwishlist:item=1956186483&perks=1840239774,1087426260,2213355989,1134488199
dimwishlist:item=1956186483&perks=1840239774,1087426260,2002547233,3078487919
dimwishlist:item=1956186483&perks=1840239774,1087426260,2002547233,1134488199
dimwishlist:item=1956186483&perks=1840239774,1885400500,3987942396,3078487919
dimwishlist:item=1956186483&perks=1840239774,1885400500,3987942396,1134488199
dimwishlist:item=1956186483&perks=1840239774,1885400500,2213355989,3078487919
dimwishlist:item=1956186483&perks=1840239774,1885400500,2213355989,1134488199
dimwishlist:item=1956186483&perks=1840239774,1885400500,2002547233,3078487919
dimwishlist:item=1956186483&perks=1840239774,1885400500,2002547233,1134488199
dimwishlist:item=1956186483&perks=1840239774,1968098204,3987942396,3078487919
dimwishlist:item=1956186483&perks=1840239774,1968098204,3987942396,1134488199
dimwishlist:item=1956186483&perks=1840239774,1968098204,2213355989,3078487919
dimwishlist:item=1956186483&perks=1840239774,1968098204,2213355989,1134488199
dimwishlist:item=1956186483&perks=1840239774,1968098204,2002547233,3078487919
dimwishlist:item=1956186483&perks=1840239774,1968098204,2002547233,1134488199


// Premonition ()
dimwishlist:item=1969802090&perks=839105230,1561002382,3824105627,2048641572
dimwishlist:item=1969802090&perks=839105230,1561002382,3824105627,657025441
dimwishlist:item=1969802090&perks=839105230,1561002382,3824105627,4196156997
dimwishlist:item=1969802090&perks=839105230,1561002382,3824105627,1134488199
dimwishlist:item=1969802090&perks=839105230,1561002382,776531651,2048641572
dimwishlist:item=1969802090&perks=839105230,1561002382,776531651,657025441
dimwishlist:item=1969802090&perks=839105230,1561002382,776531651,4196156997
dimwishlist:item=1969802090&perks=839105230,1561002382,776531651,1134488199
dimwishlist:item=1969802090&perks=839105230,1561002382,1464081238,2048641572
dimwishlist:item=1969802090&perks=839105230,1561002382,1464081238,657025441
dimwishlist:item=1969802090&perks=839105230,1561002382,1464081238,4196156997
dimwishlist:item=1969802090&perks=839105230,1561002382,1464081238,1134488199
dimwishlist:item=1969802090&perks=839105230,1561002382,2813913866,2048641572
dimwishlist:item=1969802090&perks=839105230,1561002382,2813913866,657025441
dimwishlist:item=1969802090&perks=839105230,1561002382,2813913866,4196156997
dimwishlist:item=1969802090&perks=839105230,1561002382,2813913866,1134488199
dimwishlist:item=1969802090&perks=839105230,1431678320,3824105627,2048641572
dimwishlist:item=1969802090&perks=839105230,1431678320,3824105627,657025441
dimwishlist:item=1969802090&perks=839105230,1431678320,3824105627,4196156997
dimwishlist:item=1969802090&perks=839105230,1431678320,3824105627,1134488199
dimwishlist:item=1969802090&perks=839105230,1431678320,776531651,2048641572
dimwishlist:item=1969802090&perks=839105230,1431678320,776531651,657025441
dimwishlist:item=1969802090&perks=839105230,1431678320,776531651,4196156997
dimwishlist:item=1969802090&perks=839105230,1431678320,776531651,1134488199
dimwishlist:item=1969802090&perks=839105230,1431678320,1464081238,2048641572
dimwishlist:item=1969802090&perks=839105230,1431678320,1464081238,657025441
dimwishlist:item=1969802090&perks=839105230,1431678320,1464081238,4196156997
dimwishlist:item=1969802090&perks=839105230,1431678320,1464081238,1134488199
dimwishlist:item=1969802090&perks=839105230,1431678320,2813913866,2048641572
dimwishlist:item=1969802090&perks=839105230,1431678320,2813913866,657025441
dimwishlist:item=1969802090&perks=839105230,1431678320,2813913866,4196156997
dimwishlist:item=1969802090&perks=839105230,1431678320,2813913866,1134488199
imwishlist:item=1969802090&perks=1840239774,1561002382,3824105627,2048641572
dimwishlist:item=1969802090&perks=1840239774,1561002382,3824105627,657025441
dimwishlist:item=1969802090&perks=1840239774,1561002382,3824105627,4196156997
dimwishlist:item=1969802090&perks=1840239774,1561002382,3824105627,1134488199
dimwishlist:item=1969802090&perks=1840239774,1561002382,776531651,2048641572
dimwishlist:item=1969802090&perks=1840239774,1561002382,776531651,657025441
dimwishlist:item=1969802090&perks=1840239774,1561002382,776531651,4196156997
dimwishlist:item=1969802090&perks=1840239774,1561002382,776531651,1134488199
dimwishlist:item=1969802090&perks=1840239774,1561002382,1464081238,2048641572
dimwishlist:item=1969802090&perks=1840239774,1561002382,1464081238,657025441
dimwishlist:item=1969802090&perks=1840239774,1561002382,1464081238,4196156997
dimwishlist:item=1969802090&perks=1840239774,1561002382,1464081238,1134488199
dimwishlist:item=1969802090&perks=1840239774,1561002382,2813913866,2048641572
dimwishlist:item=1969802090&perks=1840239774,1561002382,2813913866,657025441
dimwishlist:item=1969802090&perks=1840239774,1561002382,2813913866,4196156997
dimwishlist:item=1969802090&perks=1840239774,1561002382,2813913866,1134488199
dimwishlist:item=1969802090&perks=1840239774,1431678320,3824105627,2048641572
dimwishlist:item=1969802090&perks=1840239774,1431678320,3824105627,657025441
dimwishlist:item=1969802090&perks=1840239774,1431678320,3824105627,4196156997
dimwishlist:item=1969802090&perks=1840239774,1431678320,3824105627,1134488199
dimwishlist:item=1969802090&perks=1840239774,1431678320,776531651,2048641572
dimwishlist:item=1969802090&perks=1840239774,1431678320,776531651,657025441
dimwishlist:item=1969802090&perks=1840239774,1431678320,776531651,4196156997
dimwishlist:item=1969802090&perks=1840239774,1431678320,776531651,1134488199
dimwishlist:item=1969802090&perks=1840239774,1431678320,1464081238,2048641572
dimwishlist:item=1969802090&perks=1840239774,1431678320,1464081238,657025441
dimwishlist:item=1969802090&perks=1840239774,1431678320,1464081238,4196156997
dimwishlist:item=1969802090&perks=1840239774,1431678320,1464081238,1134488199
dimwishlist:item=1969802090&perks=1840239774,1431678320,2813913866,2048641572
dimwishlist:item=1969802090&perks=1840239774,1431678320,2813913866,657025441
dimwishlist:item=1969802090&perks=1840239774,1431678320,2813913866,4196156997
dimwishlist:item=1969802090&perks=1840239774,1431678320,2813913866,1134488199

// A Sudden Death ()
dimwishlist:item=1976481399&perks=1300023272,791862061,2679249093,2360754333
dimwishlist:item=1976481399&perks=1300023272,791862061,2679249093,3201496230
dimwishlist:item=1976481399&perks=1300023272,791862061,3978468247,2360754333
dimwishlist:item=1976481399&perks=1300023272,791862061,3978468247,3201496230
dimwishlist:item=1976481399&perks=1300023272,1488599449,2679249093,2360754333
dimwishlist:item=1976481399&perks=1300023272,1488599449,2679249093,3201496230
dimwishlist:item=1976481399&perks=1300023272,1488599449,3978468247,2360754333
dimwishlist:item=1976481399&perks=1300023272,1488599449,3978468247,3201496230


// Nasreddin ()
dimwishlist:item=1979417829&perks=3666208348,2349202967,2030760728,2077819806
dimwishlist:item=1979417829&perks=3666208348,2349202967,2030760728,3913600130
dimwishlist:item=1979417829&perks=3666208348,2349202967,2030760728,3708227201
dimwishlist:item=1979417829&perks=3666208348,2349202967,2856365672,2077819806
dimwishlist:item=1979417829&perks=3666208348,2349202967,2856365672,3913600130
dimwishlist:item=1979417829&perks=3666208348,2349202967,2856365672,3708227201
dimwishlist:item=1979417829&perks=3666208348,2349202967,2244851822,2077819806
dimwishlist:item=1979417829&perks=3666208348,2349202967,2244851822,3913600130
dimwishlist:item=1979417829&perks=3666208348,2349202967,2244851822,3708227201
dimwishlist:item=1979417829&perks=3666208348,2349202967,2860991074,2077819806
dimwishlist:item=1979417829&perks=3666208348,2349202967,2860991074,3913600130
dimwishlist:item=1979417829&perks=3666208348,2349202967,2860991074,3708227201
dimwishlist:item=1979417829&perks=3666208348,2349202967,1749209109,2077819806
dimwishlist:item=1979417829&perks=3666208348,2349202967,1749209109,3913600130
dimwishlist:item=1979417829&perks=3666208348,2349202967,1749209109,3708227201
dimwishlist:item=1979417829&perks=3666208348,269888150,2030760728,2077819806
dimwishlist:item=1979417829&perks=3666208348,269888150,2030760728,3913600130
dimwishlist:item=1979417829&perks=3666208348,269888150,2030760728,3708227201
dimwishlist:item=1979417829&perks=3666208348,269888150,2856365672,2077819806
dimwishlist:item=1979417829&perks=3666208348,269888150,2856365672,3913600130
dimwishlist:item=1979417829&perks=3666208348,269888150,2856365672,3708227201
dimwishlist:item=1979417829&perks=3666208348,269888150,2244851822,2077819806
dimwishlist:item=1979417829&perks=3666208348,269888150,2244851822,3913600130
dimwishlist:item=1979417829&perks=3666208348,269888150,2244851822,3708227201
dimwishlist:item=1979417829&perks=3666208348,269888150,2860991074,2077819806
dimwishlist:item=1979417829&perks=3666208348,269888150,2860991074,3913600130
dimwishlist:item=1979417829&perks=3666208348,269888150,2860991074,3708227201
dimwishlist:item=1979417829&perks=3666208348,269888150,1749209109,2077819806
dimwishlist:item=1979417829&perks=3666208348,269888150,1749209109,3913600130
dimwishlist:item=1979417829&perks=3666208348,269888150,1749209109,3708227201
dimwishlist:item=1979417829&perks=2827049491,2349202967,2030760728,2077819806
dimwishlist:item=1979417829&perks=2827049491,2349202967,2030760728,3913600130
dimwishlist:item=1979417829&perks=2827049491,2349202967,2030760728,3708227201
dimwishlist:item=1979417829&perks=2827049491,2349202967,2856365672,2077819806
dimwishlist:item=1979417829&perks=2827049491,2349202967,2856365672,3913600130
dimwishlist:item=1979417829&perks=2827049491,2349202967,2856365672,3708227201
dimwishlist:item=1979417829&perks=2827049491,2349202967,2244851822,2077819806
dimwishlist:item=1979417829&perks=2827049491,2349202967,2244851822,3913600130
dimwishlist:item=1979417829&perks=2827049491,2349202967,2244851822,3708227201
dimwishlist:item=1979417829&perks=2827049491,2349202967,2860991074,2077819806
dimwishlist:item=1979417829&perks=2827049491,2349202967,2860991074,3913600130
dimwishlist:item=1979417829&perks=2827049491,2349202967,2860991074,3708227201
dimwishlist:item=1979417829&perks=2827049491,2349202967,1749209109,2077819806
dimwishlist:item=1979417829&perks=2827049491,2349202967,1749209109,3913600130
dimwishlist:item=1979417829&perks=2827049491,2349202967,1749209109,3708227201
dimwishlist:item=1979417829&perks=2827049491,269888150,2030760728,2077819806
dimwishlist:item=1979417829&perks=2827049491,269888150,2030760728,3913600130
dimwishlist:item=1979417829&perks=2827049491,269888150,2030760728,3708227201
dimwishlist:item=1979417829&perks=2827049491,269888150,2856365672,2077819806
dimwishlist:item=1979417829&perks=2827049491,269888150,2856365672,3913600130
dimwishlist:item=1979417829&perks=2827049491,269888150,2856365672,3708227201
dimwishlist:item=1979417829&perks=2827049491,269888150,2244851822,2077819806
dimwishlist:item=1979417829&perks=2827049491,269888150,2244851822,3913600130
dimwishlist:item=1979417829&perks=2827049491,269888150,2244851822,3708227201
dimwishlist:item=1979417829&perks=2827049491,269888150,2860991074,2077819806
dimwishlist:item=1979417829&perks=2827049491,269888150,2860991074,3913600130
dimwishlist:item=1979417829&perks=2827049491,269888150,2860991074,3708227201
dimwishlist:item=1979417829&perks=2827049491,269888150,1749209109,2077819806
dimwishlist:item=1979417829&perks=2827049491,269888150,1749209109,3913600130
dimwishlist:item=1979417829&perks=2827049491,269888150,1749209109,3708227201


// Reckless Oracle ()
dimwishlist:item=1992309064&perks=839105230,1561002382,2048641572,776531651
dimwishlist:item=1992309064&perks=839105230,1561002382,3182497402,776531651
dimwishlist:item=1992309064&perks=839105230,1431678320,2048641572,776531651
dimwishlist:item=1992309064&perks=839105230,1431678320,3182497402,776531651
imwishlist:item=1992309064&perks=1840239774,1561002382,2048641572,776531651
dimwishlist:item=1992309064&perks=1840239774,1561002382,3182497402,776531651
dimwishlist:item=1992309064&perks=1840239774,1431678320,2048641572,776531651
dimwishlist:item=1992309064&perks=1840239774,1431678320,3182497402,776531651

// Luna's Howl ()
dimwishlist:item=2033531688&perks=1840239774,1431678320,3824105627,3640170453
dimwishlist:item=2033531688&perks=1840239774,1431678320,3824105627,4293542123
dimwishlist:item=2033531688&perks=1840239774,1431678320,3017780555,3640170453
dimwishlist:item=2033531688&perks=1840239774,1431678320,3017780555,4293542123
imwishlist:item=2033531688&perks=1840239774,1561002382,3824105627,3640170453
dimwishlist:item=2033531688&perks=1840239774,1561002382,3824105627,4293542123
dimwishlist:item=2033531688&perks=1840239774,1561002382,3017780555,3640170453
dimwishlist:item=2033531688&perks=1840239774,1561002382,3017780555,4293542123


// Midnight Coup ()
dimwishlist:item=2033531689&perks=1840239774,1431678320,3824105627,3891536761
dimwishlist:item=2033531689&perks=1840239774,1431678320,3824105627,1202584452
dimwishlist:item=2033531689&perks=1840239774,1431678320,3824105627,2138673996
dimwishlist:item=2033531689&perks=1840239774,1431678320,3824105627,4049631843
dimwishlist:item=2033531689&perks=1840239774,1431678320,3824105627,859780267
dimwishlist:item=2033531689&perks=1840239774,1431678320,3038247973,3891536761
dimwishlist:item=2033531689&perks=1840239774,1431678320,3038247973,1202584452
dimwishlist:item=2033531689&perks=1840239774,1431678320,3038247973,2138673996
dimwishlist:item=2033531689&perks=1840239774,1431678320,3038247973,4049631843
dimwishlist:item=2033531689&perks=1840239774,1431678320,3038247973,859780267
dimwishlist:item=2033531689&perks=1840239774,1431678320,64866129,3891536761
dimwishlist:item=2033531689&perks=1840239774,1431678320,64866129,1202584452
dimwishlist:item=2033531689&perks=1840239774,1431678320,64866129,2138673996
dimwishlist:item=2033531689&perks=1840239774,1431678320,64866129,4049631843
dimwishlist:item=2033531689&perks=1840239774,1431678320,64866129,859780267
dimwishlist:item=2033531689&perks=1840239774,1431678320,3700496672,3891536761
dimwishlist:item=2033531689&perks=1840239774,1431678320,3700496672,1202584452
dimwishlist:item=2033531689&perks=1840239774,1431678320,3700496672,2138673996
dimwishlist:item=2033531689&perks=1840239774,1431678320,3700496672,4049631843
dimwishlist:item=2033531689&perks=1840239774,1431678320,3700496672,859780267

// Wicked Sister ()
dimwishlist:item=2039776723&perks=3525010810,3301904089,3987942396,3194351027
dimwishlist:item=2039776723&perks=3525010810,3301904089,3987942396,3078487919
dimwishlist:item=2039776723&perks=3525010810,3301904089,3987942396,2319119708
dimwishlist:item=2039776723&perks=3525010810,3301904089,923806249,3194351027
dimwishlist:item=2039776723&perks=3525010810,3301904089,923806249,3078487919
dimwishlist:item=2039776723&perks=3525010810,3301904089,923806249,2319119708


// IRONWOOD 03 ()
dimwishlist:item=2041617874&perks=1300023272,1431678320,776531651,2048641572
dimwishlist:item=2041617874&perks=1300023272,1431678320,776531651,3708227201
dimwishlist:item=2041617874&perks=1300023272,1431678320,776531651,3324494224
dimwishlist:item=2041617874&perks=1300023272,1431678320,3182497402,2048641572
dimwishlist:item=2041617874&perks=1300023272,1431678320,3182497402,3708227201
dimwishlist:item=2041617874&perks=1300023272,1431678320,3182497402,3324494224
dimwishlist:item=2041617874&perks=1300023272,1431678320,3523296417,2048641572
dimwishlist:item=2041617874&perks=1300023272,1431678320,3523296417,3708227201
dimwishlist:item=2041617874&perks=1300023272,1431678320,3523296417,3324494224

// Hardline Cut ()
dimwishlist:item=2121132948&perks=3666208348,2349202967,243981275,3708227201
dimwishlist:item=2121132948&perks=3666208348,2349202967,243981275,3913600130
dimwishlist:item=2121132948&perks=3666208348,2349202967,243981275,2077819806
dimwishlist:item=2121132948&perks=3666208348,2349202967,1749209109,3708227201
dimwishlist:item=2121132948&perks=3666208348,2349202967,1749209109,3913600130
dimwishlist:item=2121132948&perks=3666208348,2349202967,1749209109,2077819806
dimwishlist:item=2121132948&perks=3666208348,2349202967,2244851822,3708227201
dimwishlist:item=2121132948&perks=3666208348,2349202967,2244851822,3913600130
dimwishlist:item=2121132948&perks=3666208348,2349202967,2244851822,2077819806
dimwishlist:item=2121132948&perks=3666208348,2349202967,2860991074,3708227201
dimwishlist:item=2121132948&perks=3666208348,2349202967,2860991074,3913600130
dimwishlist:item=2121132948&perks=3666208348,2349202967,2860991074,2077819806
dimwishlist:item=2121132948&perks=3666208348,269888150,243981275,3708227201
dimwishlist:item=2121132948&perks=3666208348,269888150,243981275,3913600130
dimwishlist:item=2121132948&perks=3666208348,269888150,243981275,2077819806
dimwishlist:item=2121132948&perks=3666208348,269888150,1749209109,3708227201
dimwishlist:item=2121132948&perks=3666208348,269888150,1749209109,3913600130
dimwishlist:item=2121132948&perks=3666208348,269888150,1749209109,2077819806
dimwishlist:item=2121132948&perks=3666208348,269888150,2244851822,3708227201
dimwishlist:item=2121132948&perks=3666208348,269888150,2244851822,3913600130
dimwishlist:item=2121132948&perks=3666208348,269888150,2244851822,2077819806
dimwishlist:item=2121132948&perks=3666208348,269888150,2860991074,3708227201
dimwishlist:item=2121132948&perks=3666208348,269888150,2860991074,3913600130
dimwishlist:item=2121132948&perks=3666208348,269888150,2860991074,2077819806
dimwishlist:item=2121132948&perks=938542991,2349202967,243981275,3708227201
dimwishlist:item=2121132948&perks=938542991,2349202967,243981275,3913600130
dimwishlist:item=2121132948&perks=938542991,2349202967,243981275,2077819806
dimwishlist:item=2121132948&perks=938542991,2349202967,1749209109,3708227201
dimwishlist:item=2121132948&perks=938542991,2349202967,1749209109,3913600130
dimwishlist:item=2121132948&perks=938542991,2349202967,1749209109,2077819806
dimwishlist:item=2121132948&perks=938542991,2349202967,2244851822,3708227201
dimwishlist:item=2121132948&perks=938542991,2349202967,2244851822,3913600130
dimwishlist:item=2121132948&perks=938542991,2349202967,2244851822,2077819806
dimwishlist:item=2121132948&perks=938542991,2349202967,2860991074,3708227201
dimwishlist:item=2121132948&perks=938542991,2349202967,2860991074,3913600130
dimwishlist:item=2121132948&perks=938542991,2349202967,2860991074,2077819806
dimwishlist:item=2121132948&perks=938542991,269888150,243981275,3708227201
dimwishlist:item=2121132948&perks=938542991,269888150,243981275,3913600130
dimwishlist:item=2121132948&perks=938542991,269888150,243981275,2077819806
dimwishlist:item=2121132948&perks=938542991,269888150,1749209109,3708227201
dimwishlist:item=2121132948&perks=938542991,269888150,1749209109,3913600130
dimwishlist:item=2121132948&perks=938542991,269888150,1749209109,2077819806
dimwishlist:item=2121132948&perks=938542991,269888150,2244851822,3708227201
dimwishlist:item=2121132948&perks=938542991,269888150,2244851822,3913600130
dimwishlist:item=2121132948&perks=938542991,269888150,2244851822,2077819806
dimwishlist:item=2121132948&perks=938542991,269888150,2860991074,3708227201
dimwishlist:item=2121132948&perks=938542991,269888150,2860991074,3913600130
dimwishlist:item=2121132948&perks=938542991,269888150,2860991074,2077819806


// Hardline Cut ()
dimwishlist:item=2121132949&perks=3666208348,2349202967,243981275,3913600130
dimwishlist:item=2121132949&perks=3666208348,2349202967,243981275,2077819806
dimwishlist:item=2121132949&perks=3666208348,2349202967,243981275,3708227201
dimwishlist:item=2121132949&perks=3666208348,2349202967,1749209109,3913600130
dimwishlist:item=2121132949&perks=3666208348,2349202967,1749209109,2077819806
dimwishlist:item=2121132949&perks=3666208348,2349202967,1749209109,3708227201
dimwishlist:item=2121132949&perks=3666208348,2349202967,2244851822,3913600130
dimwishlist:item=2121132949&perks=3666208348,2349202967,2244851822,2077819806
dimwishlist:item=2121132949&perks=3666208348,2349202967,2244851822,3708227201
dimwishlist:item=2121132949&perks=3666208348,2349202967,2860991074,3913600130
dimwishlist:item=2121132949&perks=3666208348,2349202967,2860991074,2077819806
dimwishlist:item=2121132949&perks=3666208348,2349202967,2860991074,3708227201
dimwishlist:item=2121132949&perks=3666208348,269888150,243981275,3913600130
dimwishlist:item=2121132949&perks=3666208348,269888150,243981275,2077819806
dimwishlist:item=2121132949&perks=3666208348,269888150,243981275,3708227201
dimwishlist:item=2121132949&perks=3666208348,269888150,1749209109,3913600130
dimwishlist:item=2121132949&perks=3666208348,269888150,1749209109,2077819806
dimwishlist:item=2121132949&perks=3666208348,269888150,1749209109,3708227201
dimwishlist:item=2121132949&perks=3666208348,269888150,2244851822,3913600130
dimwishlist:item=2121132949&perks=3666208348,269888150,2244851822,2077819806
dimwishlist:item=2121132949&perks=3666208348,269888150,2244851822,3708227201
dimwishlist:item=2121132949&perks=3666208348,269888150,2860991074,3913600130
dimwishlist:item=2121132949&perks=3666208348,269888150,2860991074,2077819806
dimwishlist:item=2121132949&perks=3666208348,269888150,2860991074,3708227201
dimwishlist:item=2121132949&perks=938542991,2349202967,243981275,3913600130
dimwishlist:item=2121132949&perks=938542991,2349202967,243981275,2077819806
dimwishlist:item=2121132949&perks=938542991,2349202967,243981275,3708227201
dimwishlist:item=2121132949&perks=938542991,2349202967,1749209109,3913600130
dimwishlist:item=2121132949&perks=938542991,2349202967,1749209109,2077819806
dimwishlist:item=2121132949&perks=938542991,2349202967,1749209109,3708227201
dimwishlist:item=2121132949&perks=938542991,2349202967,2244851822,3913600130
dimwishlist:item=2121132949&perks=938542991,2349202967,2244851822,2077819806
dimwishlist:item=2121132949&perks=938542991,2349202967,2244851822,3708227201
dimwishlist:item=2121132949&perks=938542991,2349202967,2860991074,3913600130
dimwishlist:item=2121132949&perks=938542991,2349202967,2860991074,2077819806
dimwishlist:item=2121132949&perks=938542991,2349202967,2860991074,3708227201
dimwishlist:item=2121132949&perks=938542991,269888150,243981275,3913600130
dimwishlist:item=2121132949&perks=938542991,269888150,243981275,2077819806
dimwishlist:item=2121132949&perks=938542991,269888150,243981275,3708227201
dimwishlist:item=2121132949&perks=938542991,269888150,1749209109,3913600130
dimwishlist:item=2121132949&perks=938542991,269888150,1749209109,2077819806
dimwishlist:item=2121132949&perks=938542991,269888150,1749209109,3708227201
dimwishlist:item=2121132949&perks=938542991,269888150,2244851822,3913600130
dimwishlist:item=2121132949&perks=938542991,269888150,2244851822,2077819806
dimwishlist:item=2121132949&perks=938542991,269888150,2244851822,3708227201
dimwishlist:item=2121132949&perks=938542991,269888150,2860991074,3913600130
dimwishlist:item=2121132949&perks=938542991,269888150,2860991074,2077819806
dimwishlist:item=2121132949&perks=938542991,269888150,2860991074,3708227201


// Hardline Cut ()
dimwishlist:item=2121132950&perks=3666208348,2349202967,243981275,3708227201
dimwishlist:item=2121132950&perks=3666208348,2349202967,243981275,3913600130
dimwishlist:item=2121132950&perks=3666208348,2349202967,243981275,2077819806
dimwishlist:item=2121132950&perks=3666208348,2349202967,1749209109,3708227201
dimwishlist:item=2121132950&perks=3666208348,2349202967,1749209109,3913600130
dimwishlist:item=2121132950&perks=3666208348,2349202967,1749209109,2077819806
dimwishlist:item=2121132950&perks=3666208348,2349202967,2244851822,3708227201
dimwishlist:item=2121132950&perks=3666208348,2349202967,2244851822,3913600130
dimwishlist:item=2121132950&perks=3666208348,2349202967,2244851822,2077819806
dimwishlist:item=2121132950&perks=3666208348,2349202967,2860991074,3708227201
dimwishlist:item=2121132950&perks=3666208348,2349202967,2860991074,3913600130
dimwishlist:item=2121132950&perks=3666208348,2349202967,2860991074,2077819806
dimwishlist:item=2121132950&perks=3666208348,269888150,243981275,3708227201
dimwishlist:item=2121132950&perks=3666208348,269888150,243981275,3913600130
dimwishlist:item=2121132950&perks=3666208348,269888150,243981275,2077819806
dimwishlist:item=2121132950&perks=3666208348,269888150,1749209109,3708227201
dimwishlist:item=2121132950&perks=3666208348,269888150,1749209109,3913600130
dimwishlist:item=2121132950&perks=3666208348,269888150,1749209109,2077819806
dimwishlist:item=2121132950&perks=3666208348,269888150,2244851822,3708227201
dimwishlist:item=2121132950&perks=3666208348,269888150,2244851822,3913600130
dimwishlist:item=2121132950&perks=3666208348,269888150,2244851822,2077819806
dimwishlist:item=2121132950&perks=3666208348,269888150,2860991074,3708227201
dimwishlist:item=2121132950&perks=3666208348,269888150,2860991074,3913600130
dimwishlist:item=2121132950&perks=3666208348,269888150,2860991074,2077819806
dimwishlist:item=2121132950&perks=938542991,2349202967,243981275,3708227201
dimwishlist:item=2121132950&perks=938542991,2349202967,243981275,3913600130
dimwishlist:item=2121132950&perks=938542991,2349202967,243981275,2077819806
dimwishlist:item=2121132950&perks=938542991,2349202967,1749209109,3708227201
dimwishlist:item=2121132950&perks=938542991,2349202967,1749209109,3913600130
dimwishlist:item=2121132950&perks=938542991,2349202967,1749209109,2077819806
dimwishlist:item=2121132950&perks=938542991,2349202967,2244851822,3708227201
dimwishlist:item=2121132950&perks=938542991,2349202967,2244851822,3913600130
dimwishlist:item=2121132950&perks=938542991,2349202967,2244851822,2077819806
dimwishlist:item=2121132950&perks=938542991,2349202967,2860991074,3708227201
dimwishlist:item=2121132950&perks=938542991,2349202967,2860991074,3913600130
dimwishlist:item=2121132950&perks=938542991,2349202967,2860991074,2077819806
dimwishlist:item=2121132950&perks=938542991,269888150,243981275,3708227201
dimwishlist:item=2121132950&perks=938542991,269888150,243981275,3913600130
dimwishlist:item=2121132950&perks=938542991,269888150,243981275,2077819806
dimwishlist:item=2121132950&perks=938542991,269888150,1749209109,3708227201
dimwishlist:item=2121132950&perks=938542991,269888150,1749209109,3913600130
dimwishlist:item=2121132950&perks=938542991,269888150,1749209109,2077819806
dimwishlist:item=2121132950&perks=938542991,269888150,2244851822,3708227201
dimwishlist:item=2121132950&perks=938542991,269888150,2244851822,3913600130
dimwishlist:item=2121132950&perks=938542991,269888150,2244851822,2077819806
dimwishlist:item=2121132950&perks=938542991,269888150,2860991074,3708227201
dimwishlist:item=2121132950&perks=938542991,269888150,2860991074,3913600130
dimwishlist:item=2121132950&perks=938542991,269888150,2860991074,2077819806


// Hardline Cut ()
dimwishlist:item=2121132951&perks=3666208348,2349202967,243981275,3708227201
dimwishlist:item=2121132951&perks=3666208348,2349202967,243981275,3913600130
dimwishlist:item=2121132951&perks=3666208348,2349202967,243981275,2077819806
dimwishlist:item=2121132951&perks=3666208348,2349202967,1749209109,3708227201
dimwishlist:item=2121132951&perks=3666208348,2349202967,1749209109,3913600130
dimwishlist:item=2121132951&perks=3666208348,2349202967,1749209109,2077819806
dimwishlist:item=2121132951&perks=3666208348,2349202967,2244851822,3708227201
dimwishlist:item=2121132951&perks=3666208348,2349202967,2244851822,3913600130
dimwishlist:item=2121132951&perks=3666208348,2349202967,2244851822,2077819806
dimwishlist:item=2121132951&perks=3666208348,2349202967,2860991074,3708227201
dimwishlist:item=2121132951&perks=3666208348,2349202967,2860991074,3913600130
dimwishlist:item=2121132951&perks=3666208348,2349202967,2860991074,2077819806
dimwishlist:item=2121132951&perks=3666208348,269888150,243981275,3708227201
dimwishlist:item=2121132951&perks=3666208348,269888150,243981275,3913600130
dimwishlist:item=2121132951&perks=3666208348,269888150,243981275,2077819806
dimwishlist:item=2121132951&perks=3666208348,269888150,1749209109,3708227201
dimwishlist:item=2121132951&perks=3666208348,269888150,1749209109,3913600130
dimwishlist:item=2121132951&perks=3666208348,269888150,1749209109,2077819806
dimwishlist:item=2121132951&perks=3666208348,269888150,2244851822,3708227201
dimwishlist:item=2121132951&perks=3666208348,269888150,2244851822,3913600130
dimwishlist:item=2121132951&perks=3666208348,269888150,2244851822,2077819806
dimwishlist:item=2121132951&perks=3666208348,269888150,2860991074,3708227201
dimwishlist:item=2121132951&perks=3666208348,269888150,2860991074,3913600130
dimwishlist:item=2121132951&perks=3666208348,269888150,2860991074,2077819806
dimwishlist:item=2121132951&perks=938542991,2349202967,243981275,3708227201
dimwishlist:item=2121132951&perks=938542991,2349202967,243981275,3913600130
dimwishlist:item=2121132951&perks=938542991,2349202967,243981275,2077819806
dimwishlist:item=2121132951&perks=938542991,2349202967,1749209109,3708227201
dimwishlist:item=2121132951&perks=938542991,2349202967,1749209109,3913600130
dimwishlist:item=2121132951&perks=938542991,2349202967,1749209109,2077819806
dimwishlist:item=2121132951&perks=938542991,2349202967,2244851822,3708227201
dimwishlist:item=2121132951&perks=938542991,2349202967,2244851822,3913600130
dimwishlist:item=2121132951&perks=938542991,2349202967,2244851822,2077819806
dimwishlist:item=2121132951&perks=938542991,2349202967,2860991074,3708227201
dimwishlist:item=2121132951&perks=938542991,2349202967,2860991074,3913600130
dimwishlist:item=2121132951&perks=938542991,2349202967,2860991074,2077819806
dimwishlist:item=2121132951&perks=938542991,269888150,243981275,3708227201
dimwishlist:item=2121132951&perks=938542991,269888150,243981275,3913600130
dimwishlist:item=2121132951&perks=938542991,269888150,243981275,2077819806
dimwishlist:item=2121132951&perks=938542991,269888150,1749209109,3708227201
dimwishlist:item=2121132951&perks=938542991,269888150,1749209109,3913600130
dimwishlist:item=2121132951&perks=938542991,269888150,1749209109,2077819806
dimwishlist:item=2121132951&perks=938542991,269888150,2244851822,3708227201
dimwishlist:item=2121132951&perks=938542991,269888150,2244851822,3913600130
dimwishlist:item=2121132951&perks=938542991,269888150,2244851822,2077819806
dimwishlist:item=2121132951&perks=938542991,269888150,2860991074,3708227201
dimwishlist:item=2121132951&perks=938542991,269888150,2860991074,3913600130
dimwishlist:item=2121132951&perks=938542991,269888150,2860991074,2077819806


// Cold Comfort (Adept) ()
dimwishlist:item=2126543269&perks=3525010810,3796465595,3987942396,1439600632
dimwishlist:item=2126543269&perks=3525010810,3796465595,3987942396,3078487919
dimwishlist:item=2126543269&perks=3525010810,3796465595,3987942396,1089671869


// Heretic ()
dimwishlist:item=2136808079&perks=3525010810,3796465595,1511100135,1439600632
dimwishlist:item=2136808079&perks=3525010810,3796465595,1511100135,654512643
dimwishlist:item=2136808079&perks=3525010810,3796465595,1511100135,4065965131
dimwishlist:item=2136808079&perks=3525010810,3796465595,65604327,1439600632
dimwishlist:item=2136808079&perks=3525010810,3796465595,65604327,654512643
dimwishlist:item=2136808079&perks=3525010810,3796465595,65604327,4065965131
dimwishlist:item=2136808079&perks=3525010810,3796465595,1275731761,1439600632
dimwishlist:item=2136808079&perks=3525010810,3796465595,1275731761,654512643
dimwishlist:item=2136808079&perks=3525010810,3796465595,1275731761,4065965131
dimwishlist:item=2136808079&perks=3525010810,3796465595,2091001077,1439600632
dimwishlist:item=2136808079&perks=3525010810,3796465595,2091001077,654512643
dimwishlist:item=2136808079&perks=3525010810,3796465595,2091001077,4065965131
dimwishlist:item=2136808079&perks=3525010810,3796465595,3987942396,1439600632
dimwishlist:item=2136808079&perks=3525010810,3796465595,3987942396,654512643
dimwishlist:item=2136808079&perks=3525010810,3796465595,3987942396,4065965131


// Joxer's Longsword ()
dimwishlist:item=2150012406&perks=1840239774,1561002382,2848615171,2048641572
dimwishlist:item=2150012406&perks=1840239774,1561002382,2848615171,1134488199
dimwishlist:item=2150012406&perks=1840239774,1561002382,2848615171,1015611457
dimwishlist:item=2150012406&perks=1840239774,1561002382,2848615171,2923251173
dimwishlist:item=2150012406&perks=1840239774,1561002382,169755979,2048641572
dimwishlist:item=2150012406&perks=1840239774,1561002382,169755979,1134488199
dimwishlist:item=2150012406&perks=1840239774,1561002382,169755979,1015611457
dimwishlist:item=2150012406&perks=1840239774,1561002382,169755979,2923251173
dimwishlist:item=2150012406&perks=1840239774,1561002382,776531651,2048641572
dimwishlist:item=2150012406&perks=1840239774,1561002382,776531651,1134488199
dimwishlist:item=2150012406&perks=1840239774,1561002382,776531651,1015611457
dimwishlist:item=2150012406&perks=1840239774,1561002382,776531651,2923251173
dimwishlist:item=2150012406&perks=1840239774,1561002382,3700496672,2048641572
dimwishlist:item=2150012406&perks=1840239774,1561002382,3700496672,1134488199
dimwishlist:item=2150012406&perks=1840239774,1561002382,3700496672,1015611457
dimwishlist:item=2150012406&perks=1840239774,1561002382,3700496672,2923251173
dimwishlist:item=2150012406&perks=1840239774,1431678320,2848615171,2048641572
dimwishlist:item=2150012406&perks=1840239774,1431678320,2848615171,1134488199
dimwishlist:item=2150012406&perks=1840239774,1431678320,2848615171,1015611457
dimwishlist:item=2150012406&perks=1840239774,1431678320,2848615171,2923251173
dimwishlist:item=2150012406&perks=1840239774,1431678320,169755979,2048641572
dimwishlist:item=2150012406&perks=1840239774,1431678320,169755979,1134488199
dimwishlist:item=2150012406&perks=1840239774,1431678320,169755979,1015611457
dimwishlist:item=2150012406&perks=1840239774,1431678320,169755979,2923251173
dimwishlist:item=2150012406&perks=1840239774,1431678320,776531651,2048641572
dimwishlist:item=2150012406&perks=1840239774,1431678320,776531651,1134488199
dimwishlist:item=2150012406&perks=1840239774,1431678320,776531651,1015611457
dimwishlist:item=2150012406&perks=1840239774,1431678320,776531651,2923251173
dimwishlist:item=2150012406&perks=1840239774,1431678320,3700496672,2048641572
dimwishlist:item=2150012406&perks=1840239774,1431678320,3700496672,1134488199
dimwishlist:item=2150012406&perks=1840239774,1431678320,3700496672,1015611457
dimwishlist:item=2150012406&perks=1840239774,1431678320,3700496672,2923251173

// Stryker's Sure-Hand ()
dimwishlist:item=2158575991&perks=436053704,2349202967,1749209109,3708227201
dimwishlist:item=2158575991&perks=436053704,2349202967,1749209109,3913600130
dimwishlist:item=2158575991&perks=436053704,2349202967,1749209109,3201496230
dimwishlist:item=2158575991&perks=436053704,2349202967,776531651,3708227201
dimwishlist:item=2158575991&perks=436053704,2349202967,776531651,3913600130
dimwishlist:item=2158575991&perks=436053704,2349202967,776531651,3201496230
dimwishlist:item=2158575991&perks=436053704,2349202967,3425386926,3708227201
dimwishlist:item=2158575991&perks=436053704,2349202967,3425386926,3913600130
dimwishlist:item=2158575991&perks=436053704,2349202967,3425386926,3201496230
dimwishlist:item=2158575991&perks=436053704,269888150,1749209109,3708227201
dimwishlist:item=2158575991&perks=436053704,269888150,1749209109,3913600130
dimwishlist:item=2158575991&perks=436053704,269888150,1749209109,3201496230
dimwishlist:item=2158575991&perks=436053704,269888150,776531651,3708227201
dimwishlist:item=2158575991&perks=436053704,269888150,776531651,3913600130
dimwishlist:item=2158575991&perks=436053704,269888150,776531651,3201496230
dimwishlist:item=2158575991&perks=436053704,269888150,3425386926,3708227201
dimwishlist:item=2158575991&perks=436053704,269888150,3425386926,3913600130
dimwishlist:item=2158575991&perks=436053704,269888150,3425386926,3201496230
dimwishlist:item=2158575991&perks=3666208348,2349202967,1749209109,3708227201
dimwishlist:item=2158575991&perks=3666208348,2349202967,1749209109,3913600130
dimwishlist:item=2158575991&perks=3666208348,2349202967,1749209109,3201496230
dimwishlist:item=2158575991&perks=3666208348,2349202967,776531651,3708227201
dimwishlist:item=2158575991&perks=3666208348,2349202967,776531651,3913600130
dimwishlist:item=2158575991&perks=3666208348,2349202967,776531651,3201496230
dimwishlist:item=2158575991&perks=3666208348,2349202967,3425386926,3708227201
dimwishlist:item=2158575991&perks=3666208348,2349202967,3425386926,3913600130
dimwishlist:item=2158575991&perks=3666208348,2349202967,3425386926,3201496230
dimwishlist:item=2158575991&perks=3666208348,269888150,1749209109,3708227201
dimwishlist:item=2158575991&perks=3666208348,269888150,1749209109,3913600130
dimwishlist:item=2158575991&perks=3666208348,269888150,1749209109,3201496230
dimwishlist:item=2158575991&perks=3666208348,269888150,776531651,3708227201
dimwishlist:item=2158575991&perks=3666208348,269888150,776531651,3913600130
dimwishlist:item=2158575991&perks=3666208348,269888150,776531651,3201496230
dimwishlist:item=2158575991&perks=3666208348,269888150,3425386926,3708227201
dimwishlist:item=2158575991&perks=3666208348,269888150,3425386926,3913600130
dimwishlist:item=2158575991&perks=3666208348,269888150,3425386926,3201496230


// Arctic Haze ()
dimwishlist:item=2187337757&perks=839105230,1431678320,4293542123,2890807135
dimwishlist:item=2187337757&perks=839105230,1431678320,4293542123,3425386926
dimwishlist:item=2187337757&perks=839105230,1431678320,3017780555,2890807135
dimwishlist:item=2187337757&perks=839105230,1431678320,3017780555,3425386926
imwishlist:item=2187337757&perks=1840239774,1431678320,4293542123,2890807135
dimwishlist:item=2187337757&perks=1840239774,1431678320,4293542123,3425386926
dimwishlist:item=2187337757&perks=1840239774,1431678320,3017780555,2890807135
dimwishlist:item=2187337757&perks=1840239774,1431678320,3017780555,3425386926

// Perfect Pitch ()
dimwishlist:item=2191451996&perks=839105230,1431678320,3017780555,4293542123
imwishlist:item=2191451996&perks=839105230,1561002382,3017780555,4293542123
dimwishlist:item=2191451996&perks=1840239774,1431678320,3017780555,4293542123
imwishlist:item=2191451996&perks=1840239774,1561002382,3017780555,4293542123


// Aberrant Action ()
dimwishlist:item=2198166292&perks=1478423395,106909392,691659142,2610012052
dimwishlist:item=2198166292&perks=1478423395,106909392,691659142,4290541820
dimwishlist:item=2198166292&perks=1478423395,106909392,691659142,4293542123
dimwishlist:item=2198166292&perks=1478423395,106909392,2869569095,2610012052
dimwishlist:item=2198166292&perks=1478423395,106909392,2869569095,4290541820
dimwishlist:item=2198166292&perks=1478423395,106909392,2869569095,4293542123
dimwishlist:item=2198166292&perks=1478423395,106909392,3017780555,2610012052
dimwishlist:item=2198166292&perks=1478423395,106909392,3017780555,4290541820
dimwishlist:item=2198166292&perks=1478423395,106909392,3017780555,4293542123
dimwishlist:item=2198166292&perks=3525010810,106909392,691659142,2610012052
dimwishlist:item=2198166292&perks=3525010810,106909392,691659142,4290541820
dimwishlist:item=2198166292&perks=3525010810,106909392,691659142,4293542123
dimwishlist:item=2198166292&perks=3525010810,106909392,2869569095,2610012052
dimwishlist:item=2198166292&perks=3525010810,106909392,2869569095,4290541820
dimwishlist:item=2198166292&perks=3525010810,106909392,2869569095,4293542123
dimwishlist:item=2198166292&perks=3525010810,106909392,3017780555,2610012052
dimwishlist:item=2198166292&perks=3525010810,106909392,3017780555,4290541820
dimwishlist:item=2198166292&perks=3525010810,106909392,3017780555,4293542123


// Rake Angle ()
dimwishlist:item=2201323795&perks=580685494,1431678320,1955165503,2978966579
dimwishlist:item=2201323795&perks=580685494,1431678320,1955165503,344235611
dimwishlist:item=2201323795&perks=580685494,1431678320,1955165503,1782407750
dimwishlist:item=2201323795&perks=580685494,1431678320,3643424744,2978966579
dimwishlist:item=2201323795&perks=580685494,1431678320,3643424744,344235611
dimwishlist:item=2201323795&perks=580685494,1431678320,3643424744,1782407750
dimwishlist:item=2201323795&perks=580685494,1431678320,1556840489,2978966579
dimwishlist:item=2201323795&perks=580685494,1431678320,1556840489,344235611
dimwishlist:item=2201323795&perks=580685494,1431678320,1556840489,1782407750
imwishlist:item=2201323795&perks=580685494,3721627275,1955165503,2978966579
dimwishlist:item=2201323795&perks=580685494,3721627275,1955165503,344235611
dimwishlist:item=2201323795&perks=580685494,3721627275,1955165503,1782407750
dimwishlist:item=2201323795&perks=580685494,3721627275,3643424744,2978966579
dimwishlist:item=2201323795&perks=580685494,3721627275,3643424744,344235611
dimwishlist:item=2201323795&perks=580685494,3721627275,3643424744,1782407750
dimwishlist:item=2201323795&perks=580685494,3721627275,1556840489,2978966579
dimwishlist:item=2201323795&perks=580685494,3721627275,1556840489,344235611
dimwishlist:item=2201323795&perks=580685494,3721627275,1556840489,1782407750


// Pluperfect ()
dimwishlist:item=2203881482&perks=839105230,1561002382,1517798362,3891536761
dimwishlist:item=2203881482&perks=839105230,1561002382,1517798362,3425386926
dimwishlist:item=2203881482&perks=1840239774,1561002382,1517798362,3891536761
dimwishlist:item=2203881482&perks=1840239774,1561002382,1517798362,3425386926


// The Time-Worn Spire ()
dimwishlist:item=2204165992&perks=839105230,1431678320,3824105627,124408337
dimwishlist:item=2204165992&perks=839105230,1431678320,3824105627,2922950962
imwishlist:item=2204165992&perks=839105230,1561002382,3824105627,124408337
dimwishlist:item=2204165992&perks=839105230,1561002382,3824105627,2922950962
dimwishlist:item=2204165992&perks=1840239774,1431678320,3824105627,124408337
dimwishlist:item=2204165992&perks=1840239774,1431678320,3824105627,2922950962
imwishlist:item=2204165992&perks=1840239774,1561002382,3824105627,124408337
dimwishlist:item=2204165992&perks=1840239774,1561002382,3824105627,2922950962


// Terminus Horizon (Adept) ()
dimwishlist:item=2210806903&perks=839105230,2420895100,2848615171,557221067
dimwishlist:item=2210806903&perks=839105230,2420895100,2848615171,2896748467
dimwishlist:item=2210806903&perks=839105230,2420895100,2848615171,3966416502
dimwishlist:item=2210806903&perks=839105230,2420895100,2848615171,555281244
dimwishlist:item=2210806903&perks=839105230,2420895100,2848615171,332733060
dimwishlist:item=2210806903&perks=839105230,2420895100,169755979,557221067
dimwishlist:item=2210806903&perks=839105230,2420895100,169755979,2896748467
dimwishlist:item=2210806903&perks=839105230,2420895100,169755979,3966416502
dimwishlist:item=2210806903&perks=839105230,2420895100,169755979,555281244
dimwishlist:item=2210806903&perks=839105230,2420895100,169755979,332733060
dimwishlist:item=2210806903&perks=839105230,2420895100,3523296417,557221067
dimwishlist:item=2210806903&perks=839105230,2420895100,3523296417,2896748467
dimwishlist:item=2210806903&perks=839105230,2420895100,3523296417,3966416502
dimwishlist:item=2210806903&perks=839105230,2420895100,3523296417,555281244
dimwishlist:item=2210806903&perks=839105230,2420895100,3523296417,332733060
dimwishlist:item=2210806903&perks=839105230,1561002382,2848615171,557221067
dimwishlist:item=2210806903&perks=839105230,1561002382,2848615171,2896748467
dimwishlist:item=2210806903&perks=839105230,1561002382,2848615171,3966416502
dimwishlist:item=2210806903&perks=839105230,1561002382,2848615171,555281244
dimwishlist:item=2210806903&perks=839105230,1561002382,2848615171,332733060
dimwishlist:item=2210806903&perks=839105230,1561002382,169755979,557221067
dimwishlist:item=2210806903&perks=839105230,1561002382,169755979,2896748467
dimwishlist:item=2210806903&perks=839105230,1561002382,169755979,3966416502
dimwishlist:item=2210806903&perks=839105230,1561002382,169755979,555281244
dimwishlist:item=2210806903&perks=839105230,1561002382,169755979,332733060
dimwishlist:item=2210806903&perks=839105230,1561002382,3523296417,557221067
dimwishlist:item=2210806903&perks=839105230,1561002382,3523296417,2896748467
dimwishlist:item=2210806903&perks=839105230,1561002382,3523296417,3966416502
dimwishlist:item=2210806903&perks=839105230,1561002382,3523296417,555281244
dimwishlist:item=2210806903&perks=839105230,1561002382,3523296417,332733060
dimwishlist:item=2210806903&perks=839105230,1431678320,2848615171,557221067
dimwishlist:item=2210806903&perks=839105230,1431678320,2848615171,2896748467
dimwishlist:item=2210806903&perks=839105230,1431678320,2848615171,3966416502
dimwishlist:item=2210806903&perks=839105230,1431678320,2848615171,555281244
dimwishlist:item=2210806903&perks=839105230,1431678320,2848615171,332733060
dimwishlist:item=2210806903&perks=839105230,1431678320,169755979,557221067
dimwishlist:item=2210806903&perks=839105230,1431678320,169755979,2896748467
dimwishlist:item=2210806903&perks=839105230,1431678320,169755979,3966416502
dimwishlist:item=2210806903&perks=839105230,1431678320,169755979,555281244
dimwishlist:item=2210806903&perks=839105230,1431678320,169755979,332733060
dimwishlist:item=2210806903&perks=839105230,1431678320,3523296417,557221067
dimwishlist:item=2210806903&perks=839105230,1431678320,3523296417,2896748467
dimwishlist:item=2210806903&perks=839105230,1431678320,3523296417,3966416502
dimwishlist:item=2210806903&perks=839105230,1431678320,3523296417,555281244
dimwishlist:item=2210806903&perks=839105230,1431678320,3523296417,332733060
imwishlist:item=2210806903&perks=1840239774,2420895100,2848615171,557221067
dimwishlist:item=2210806903&perks=1840239774,2420895100,2848615171,2896748467
dimwishlist:item=2210806903&perks=1840239774,2420895100,2848615171,3966416502
dimwishlist:item=2210806903&perks=1840239774,2420895100,2848615171,555281244
dimwishlist:item=2210806903&perks=1840239774,2420895100,2848615171,332733060
dimwishlist:item=2210806903&perks=1840239774,2420895100,169755979,557221067
dimwishlist:item=2210806903&perks=1840239774,2420895100,169755979,2896748467
dimwishlist:item=2210806903&perks=1840239774,2420895100,169755979,3966416502
dimwishlist:item=2210806903&perks=1840239774,2420895100,169755979,555281244
dimwishlist:item=2210806903&perks=1840239774,2420895100,169755979,332733060
dimwishlist:item=2210806903&perks=1840239774,2420895100,3523296417,557221067
dimwishlist:item=2210806903&perks=1840239774,2420895100,3523296417,2896748467
dimwishlist:item=2210806903&perks=1840239774,2420895100,3523296417,3966416502
dimwishlist:item=2210806903&perks=1840239774,2420895100,3523296417,555281244
dimwishlist:item=2210806903&perks=1840239774,2420895100,3523296417,332733060
dimwishlist:item=2210806903&perks=1840239774,1561002382,2848615171,557221067
dimwishlist:item=2210806903&perks=1840239774,1561002382,2848615171,2896748467
dimwishlist:item=2210806903&perks=1840239774,1561002382,2848615171,3966416502
dimwishlist:item=2210806903&perks=1840239774,1561002382,2848615171,555281244
dimwishlist:item=2210806903&perks=1840239774,1561002382,2848615171,332733060
dimwishlist:item=2210806903&perks=1840239774,1561002382,169755979,557221067
dimwishlist:item=2210806903&perks=1840239774,1561002382,169755979,2896748467
dimwishlist:item=2210806903&perks=1840239774,1561002382,169755979,3966416502
dimwishlist:item=2210806903&perks=1840239774,1561002382,169755979,555281244
dimwishlist:item=2210806903&perks=1840239774,1561002382,169755979,332733060
dimwishlist:item=2210806903&perks=1840239774,1561002382,3523296417,557221067
dimwishlist:item=2210806903&perks=1840239774,1561002382,3523296417,2896748467
dimwishlist:item=2210806903&perks=1840239774,1561002382,3523296417,3966416502
dimwishlist:item=2210806903&perks=1840239774,1561002382,3523296417,555281244
dimwishlist:item=2210806903&perks=1840239774,1561002382,3523296417,332733060
dimwishlist:item=2210806903&perks=1840239774,1431678320,2848615171,557221067
dimwishlist:item=2210806903&perks=1840239774,1431678320,2848615171,2896748467
dimwishlist:item=2210806903&perks=1840239774,1431678320,2848615171,3966416502
dimwishlist:item=2210806903&perks=1840239774,1431678320,2848615171,555281244
dimwishlist:item=2210806903&perks=1840239774,1431678320,2848615171,332733060
dimwishlist:item=2210806903&perks=1840239774,1431678320,169755979,557221067
dimwishlist:item=2210806903&perks=1840239774,1431678320,169755979,2896748467
dimwishlist:item=2210806903&perks=1840239774,1431678320,169755979,3966416502
dimwishlist:item=2210806903&perks=1840239774,1431678320,169755979,555281244
dimwishlist:item=2210806903&perks=1840239774,1431678320,169755979,332733060
dimwishlist:item=2210806903&perks=1840239774,1431678320,3523296417,557221067
dimwishlist:item=2210806903&perks=1840239774,1431678320,3523296417,2896748467
dimwishlist:item=2210806903&perks=1840239774,1431678320,3523296417,3966416502
dimwishlist:item=2210806903&perks=1840239774,1431678320,3523296417,555281244
dimwishlist:item=2210806903&perks=1840239774,1431678320,3523296417,332733060

// Unvoiced ()
dimwishlist:item=2213885190&perks=1840239774,791862061,3201496230,1546637391
dimwishlist:item=2213885190&perks=1840239774,791862061,3201496230,3078487919
dimwishlist:item=2213885190&perks=1840239774,791862061,1354429876,1546637391
dimwishlist:item=2213885190&perks=1840239774,791862061,1354429876,3078487919
dimwishlist:item=2213885190&perks=1840239774,1488599449,3201496230,1546637391
dimwishlist:item=2213885190&perks=1840239774,1488599449,3201496230,3078487919
dimwishlist:item=2213885190&perks=1840239774,1488599449,1354429876,1546637391
dimwishlist:item=2213885190&perks=1840239774,1488599449,1354429876,3078487919


// Ouster Engine ()
dimwishlist:item=2223968549&perks=3525010810,2822142346,1421772400,2396489472
dimwishlist:item=2223968549&perks=3525010810,2822142346,1421772400,3764420437
dimwishlist:item=2223968549&perks=3525010810,2822142346,1421772400,2922950962
dimwishlist:item=2223968549&perks=3525010810,2822142346,3300816228,2396489472
dimwishlist:item=2223968549&perks=3525010810,2822142346,3300816228,3764420437
dimwishlist:item=2223968549&perks=3525010810,2822142346,3300816228,2922950962
dimwishlist:item=2223968549&perks=3525010810,2822142346,1955165503,2396489472
dimwishlist:item=2223968549&perks=3525010810,2822142346,1955165503,3764420437
dimwishlist:item=2223968549&perks=3525010810,2822142346,1955165503,2922950962


// The Heron ()
dimwishlist:item=2246386812&perks=580685494,1431678320,776531651,3201496230
dimwishlist:item=2246386812&perks=580685494,1431678320,776531651,1782407750
dimwishlist:item=2246386812&perks=580685494,1431678320,776531651,3108830275
dimwishlist:item=2246386812&perks=580685494,1431678320,1683379515,3201496230
dimwishlist:item=2246386812&perks=580685494,1431678320,1683379515,1782407750
dimwishlist:item=2246386812&perks=580685494,1431678320,1683379515,3108830275
dimwishlist:item=2246386812&perks=580685494,1431678320,3643424744,3201496230
dimwishlist:item=2246386812&perks=580685494,1431678320,3643424744,1782407750
dimwishlist:item=2246386812&perks=580685494,1431678320,3643424744,3108830275
imwishlist:item=2246386812&perks=580685494,3721627275,776531651,3201496230
dimwishlist:item=2246386812&perks=580685494,3721627275,776531651,1782407750
dimwishlist:item=2246386812&perks=580685494,3721627275,776531651,3108830275
dimwishlist:item=2246386812&perks=580685494,3721627275,1683379515,3201496230
dimwishlist:item=2246386812&perks=580685494,3721627275,1683379515,1782407750
dimwishlist:item=2246386812&perks=580685494,3721627275,1683379515,3108830275
dimwishlist:item=2246386812&perks=580685494,3721627275,3643424744,3201496230
dimwishlist:item=2246386812&perks=580685494,3721627275,3643424744,1782407750
dimwishlist:item=2246386812&perks=580685494,3721627275,3643424744,3108830275


// Corundum Hammer ()
dimwishlist:item=2263462407&perks=1840239774,1431678320,3824105627,960997401
dimwishlist:item=2263462407&perks=1840239774,1431678320,3824105627,3244229373
dimwishlist:item=2263462407&perks=1840239774,1431678320,3824105627,3038247973
dimwishlist:item=2263462407&perks=1840239774,1431678320,3824105627,64866129
dimwishlist:item=2263462407&perks=1840239774,1431678320,3700496672,960997401
dimwishlist:item=2263462407&perks=1840239774,1431678320,3700496672,3244229373
dimwishlist:item=2263462407&perks=1840239774,1431678320,3700496672,3038247973
dimwishlist:item=2263462407&perks=1840239774,1431678320,3700496672,64866129
dimwishlist:item=2263462407&perks=1840239774,1431678320,923806249,960997401
dimwishlist:item=2263462407&perks=1840239774,1431678320,923806249,3244229373
dimwishlist:item=2263462407&perks=1840239774,1431678320,923806249,3038247973
dimwishlist:item=2263462407&perks=1840239774,1431678320,923806249,64866129

// Hezen Vengeance ()
dimwishlist:item=2265407516&perks=3525010810,3796465595,3987942396,1439600632
dimwishlist:item=2265407516&perks=3525010810,3796465595,3987942396,1089671869
dimwishlist:item=2265407516&perks=3525010810,3796465595,3987942396,3764420437
dimwishlist:item=2265407516&perks=3525010810,3796465595,1275731761,1439600632
dimwishlist:item=2265407516&perks=3525010810,3796465595,1275731761,1089671869
dimwishlist:item=2265407516&perks=3525010810,3796465595,1275731761,3764420437
dimwishlist:item=2265407516&perks=3525010810,3796465595,2091001077,1439600632
dimwishlist:item=2265407516&perks=3525010810,3796465595,2091001077,1089671869
dimwishlist:item=2265407516&perks=3525010810,3796465595,2091001077,3764420437
dimwishlist:item=2265407516&perks=3525010810,3796465595,3643424744,1439600632
dimwishlist:item=2265407516&perks=3525010810,3796465595,3643424744,1089671869
dimwishlist:item=2265407516&perks=3525010810,3796465595,3643424744,3764420437


// Anamnesis ()
dimwishlist:item=2291392465&perks=2801223209,16392701,776531651,1464081238
dimwishlist:item=2291392465&perks=2801223209,16392701,776531651,2813913866
dimwishlist:item=2291392465&perks=2801223209,16392701,776531651,2048641572
dimwishlist:item=2291392465&perks=2801223209,16392701,776531651,31345821
dimwishlist:item=2291392465&perks=2801223209,16392701,776531651,639190697
dimwishlist:item=2291392465&perks=2801223209,16392701,2848615171,1464081238
dimwishlist:item=2291392465&perks=2801223209,16392701,2848615171,2813913866
dimwishlist:item=2291392465&perks=2801223209,16392701,2848615171,2048641572
dimwishlist:item=2291392465&perks=2801223209,16392701,2848615171,31345821
dimwishlist:item=2291392465&perks=2801223209,16392701,2848615171,639190697
dimwishlist:item=2291392465&perks=2801223209,16392701,169755979,1464081238
dimwishlist:item=2291392465&perks=2801223209,16392701,169755979,2813913866
dimwishlist:item=2291392465&perks=2801223209,16392701,169755979,2048641572
dimwishlist:item=2291392465&perks=2801223209,16392701,169755979,31345821
dimwishlist:item=2291392465&perks=2801223209,16392701,169755979,639190697


// Hollow Denial ()
dimwishlist:item=2323544076&perks=1840239774,2749775325,1556840489,776531651
dimwishlist:item=2323544076&perks=1840239774,2749775325,1048183818,776531651
dimwishlist:item=2323544076&perks=1840239774,2749775325,3431277734,776531651
dimwishlist:item=2323544076&perks=1840239774,2073750249,1556840489,776531651
dimwishlist:item=2323544076&perks=1840239774,2073750249,1048183818,776531651
dimwishlist:item=2323544076&perks=1840239774,2073750249,3431277734,776531651


// The Helmsman ()
dimwishlist:item=2325078119&perks=1840239774,106909392,957782887,654512643
dimwishlist:item=2325078119&perks=1840239774,106909392,957782887,4065965131
dimwishlist:item=2325078119&perks=1840239774,106909392,957782887,1546637391
dimwishlist:item=2325078119&perks=1840239774,106909392,957782887,1089671869
dimwishlist:item=2325078119&perks=1840239774,106909392,4116820839,654512643
dimwishlist:item=2325078119&perks=1840239774,106909392,4116820839,4065965131
dimwishlist:item=2325078119&perks=1840239774,106909392,4116820839,1546637391
dimwishlist:item=2325078119&perks=1840239774,106909392,4116820839,1089671869
dimwishlist:item=2325078119&perks=1840239774,106909392,3978468247,654512643
dimwishlist:item=2325078119&perks=1840239774,106909392,3978468247,4065965131
dimwishlist:item=2325078119&perks=1840239774,106909392,3978468247,1546637391
dimwishlist:item=2325078119&perks=1840239774,106909392,3978468247,1089671869
dimwishlist:item=2325078119&perks=1840239774,106909392,2458610193,654512643
dimwishlist:item=2325078119&perks=1840239774,106909392,2458610193,4065965131
dimwishlist:item=2325078119&perks=1840239774,106909392,2458610193,1546637391
dimwishlist:item=2325078119&perks=1840239774,106909392,2458610193,1089671869
dimwishlist:item=2325078119&perks=1840239774,106909392,2133978453,654512643
dimwishlist:item=2325078119&perks=1840239774,106909392,2133978453,4065965131
dimwishlist:item=2325078119&perks=1840239774,106909392,2133978453,1546637391
dimwishlist:item=2325078119&perks=1840239774,106909392,2133978453,1089671869


// Corrective Measure (Timelost) ()
dimwishlist:item=2334480463&perks=839105230,2420895100,2048641572,557221067
dimwishlist:item=2334480463&perks=839105230,2420895100,2048641572,2896748467
dimwishlist:item=2334480463&perks=839105230,2420895100,2048641572,1464081238
dimwishlist:item=2334480463&perks=839105230,2420895100,2048641572,2813913866
dimwishlist:item=2334480463&perks=839105230,2420895100,2048641572,4049631843
dimwishlist:item=2334480463&perks=839105230,2420895100,2048641572,859780267
dimwishlist:item=2334480463&perks=839105230,2420895100,3201496230,557221067
dimwishlist:item=2334480463&perks=839105230,2420895100,3201496230,2896748467
dimwishlist:item=2334480463&perks=839105230,2420895100,3201496230,1464081238
dimwishlist:item=2334480463&perks=839105230,2420895100,3201496230,2813913866
dimwishlist:item=2334480463&perks=839105230,2420895100,3201496230,4049631843
dimwishlist:item=2334480463&perks=839105230,2420895100,3201496230,859780267
dimwishlist:item=2334480463&perks=839105230,2420895100,3523296417,557221067
dimwishlist:item=2334480463&perks=839105230,2420895100,3523296417,2896748467
dimwishlist:item=2334480463&perks=839105230,2420895100,3523296417,1464081238
dimwishlist:item=2334480463&perks=839105230,2420895100,3523296417,2813913866
dimwishlist:item=2334480463&perks=839105230,2420895100,3523296417,4049631843
dimwishlist:item=2334480463&perks=839105230,2420895100,3523296417,859780267
dimwishlist:item=2334480463&perks=839105230,1431678320,2048641572,557221067
dimwishlist:item=2334480463&perks=839105230,1431678320,2048641572,2896748467
dimwishlist:item=2334480463&perks=839105230,1431678320,2048641572,1464081238
dimwishlist:item=2334480463&perks=839105230,1431678320,2048641572,2813913866
dimwishlist:item=2334480463&perks=839105230,1431678320,2048641572,4049631843
dimwishlist:item=2334480463&perks=839105230,1431678320,2048641572,859780267
dimwishlist:item=2334480463&perks=839105230,1431678320,3201496230,557221067
dimwishlist:item=2334480463&perks=839105230,1431678320,3201496230,2896748467
dimwishlist:item=2334480463&perks=839105230,1431678320,3201496230,1464081238
dimwishlist:item=2334480463&perks=839105230,1431678320,3201496230,2813913866
dimwishlist:item=2334480463&perks=839105230,1431678320,3201496230,4049631843
dimwishlist:item=2334480463&perks=839105230,1431678320,3201496230,859780267
dimwishlist:item=2334480463&perks=839105230,1431678320,3523296417,557221067
dimwishlist:item=2334480463&perks=839105230,1431678320,3523296417,2896748467
dimwishlist:item=2334480463&perks=839105230,1431678320,3523296417,1464081238
dimwishlist:item=2334480463&perks=839105230,1431678320,3523296417,2813913866
dimwishlist:item=2334480463&perks=839105230,1431678320,3523296417,4049631843
dimwishlist:item=2334480463&perks=839105230,1431678320,3523296417,859780267
imwishlist:item=2334480463&perks=1840239774,2420895100,2048641572,557221067
dimwishlist:item=2334480463&perks=1840239774,2420895100,2048641572,2896748467
dimwishlist:item=2334480463&perks=1840239774,2420895100,2048641572,1464081238
dimwishlist:item=2334480463&perks=1840239774,2420895100,2048641572,2813913866
dimwishlist:item=2334480463&perks=1840239774,2420895100,2048641572,4049631843
dimwishlist:item=2334480463&perks=1840239774,2420895100,2048641572,859780267
dimwishlist:item=2334480463&perks=1840239774,2420895100,3201496230,557221067
dimwishlist:item=2334480463&perks=1840239774,2420895100,3201496230,2896748467
dimwishlist:item=2334480463&perks=1840239774,2420895100,3201496230,1464081238
dimwishlist:item=2334480463&perks=1840239774,2420895100,3201496230,2813913866
dimwishlist:item=2334480463&perks=1840239774,2420895100,3201496230,4049631843
dimwishlist:item=2334480463&perks=1840239774,2420895100,3201496230,859780267
dimwishlist:item=2334480463&perks=1840239774,2420895100,3523296417,557221067
dimwishlist:item=2334480463&perks=1840239774,2420895100,3523296417,2896748467
dimwishlist:item=2334480463&perks=1840239774,2420895100,3523296417,1464081238
dimwishlist:item=2334480463&perks=1840239774,2420895100,3523296417,2813913866
dimwishlist:item=2334480463&perks=1840239774,2420895100,3523296417,4049631843
dimwishlist:item=2334480463&perks=1840239774,2420895100,3523296417,859780267
dimwishlist:item=2334480463&perks=1840239774,1431678320,2048641572,557221067
dimwishlist:item=2334480463&perks=1840239774,1431678320,2048641572,2896748467
dimwishlist:item=2334480463&perks=1840239774,1431678320,2048641572,1464081238
dimwishlist:item=2334480463&perks=1840239774,1431678320,2048641572,2813913866
dimwishlist:item=2334480463&perks=1840239774,1431678320,2048641572,4049631843
dimwishlist:item=2334480463&perks=1840239774,1431678320,2048641572,859780267
dimwishlist:item=2334480463&perks=1840239774,1431678320,3201496230,557221067
dimwishlist:item=2334480463&perks=1840239774,1431678320,3201496230,2896748467
dimwishlist:item=2334480463&perks=1840239774,1431678320,3201496230,1464081238
dimwishlist:item=2334480463&perks=1840239774,1431678320,3201496230,2813913866
dimwishlist:item=2334480463&perks=1840239774,1431678320,3201496230,4049631843
dimwishlist:item=2334480463&perks=1840239774,1431678320,3201496230,859780267
dimwishlist:item=2334480463&perks=1840239774,1431678320,3523296417,557221067
dimwishlist:item=2334480463&perks=1840239774,1431678320,3523296417,2896748467
dimwishlist:item=2334480463&perks=1840239774,1431678320,3523296417,1464081238
dimwishlist:item=2334480463&perks=1840239774,1431678320,3523296417,2813913866
dimwishlist:item=2334480463&perks=1840239774,1431678320,3523296417,4049631843
dimwishlist:item=2334480463&perks=1840239774,1431678320,3523296417,859780267

// Eighty-Six ()
dimwishlist:item=2344383760&perks=436053704,269888150,923806249,3201496230
dimwishlist:item=2344383760&perks=436053704,269888150,923806249,243981275
dimwishlist:item=2344383760&perks=436053704,269888150,923806249,1685431615
dimwishlist:item=2344383760&perks=436053704,269888150,923806249,3406782879
dimwishlist:item=2344383760&perks=436053704,269888150,1749209109,3201496230
dimwishlist:item=2344383760&perks=436053704,269888150,1749209109,243981275
dimwishlist:item=2344383760&perks=436053704,269888150,1749209109,1685431615
dimwishlist:item=2344383760&perks=436053704,269888150,1749209109,3406782879
dimwishlist:item=2344383760&perks=436053704,269888150,2244851822,3201496230
dimwishlist:item=2344383760&perks=436053704,269888150,2244851822,243981275
dimwishlist:item=2344383760&perks=436053704,269888150,2244851822,1685431615
dimwishlist:item=2344383760&perks=436053704,269888150,2244851822,3406782879
dimwishlist:item=2344383760&perks=436053704,269888150,2860991074,3201496230
dimwishlist:item=2344383760&perks=436053704,269888150,2860991074,243981275
dimwishlist:item=2344383760&perks=436053704,269888150,2860991074,1685431615
dimwishlist:item=2344383760&perks=436053704,269888150,2860991074,3406782879


// Basso Ostinato ()
dimwishlist:item=2353274446&perks=1300023272,106909392,3523296417,2679249093
dimwishlist:item=2353274446&perks=1300023272,106909392,3523296417,2360754333
dimwishlist:item=2353274446&perks=1300023272,106909392,1631667848,2679249093
dimwishlist:item=2353274446&perks=1300023272,106909392,1631667848,2360754333
dimwishlist:item=2353274446&perks=1300023272,106909392,3978468247,2679249093
dimwishlist:item=2353274446&perks=1300023272,106909392,3978468247,2360754333


// Praedyth's Revenge (Timelost) ()
dimwishlist:item=2362652544&perks=1840239774,106909392,1354429876,1089671869
dimwishlist:item=2362652544&perks=1840239774,106909392,1354429876,555281244
dimwishlist:item=2362652544&perks=1840239774,106909392,1354429876,332733060
dimwishlist:item=2362652544&perks=1840239774,106909392,1354429876,1226351311
dimwishlist:item=2362652544&perks=1840239774,106909392,3978468247,1089671869
dimwishlist:item=2362652544&perks=1840239774,106909392,3978468247,555281244
dimwishlist:item=2362652544&perks=1840239774,106909392,3978468247,332733060
dimwishlist:item=2362652544&perks=1840239774,106909392,3978468247,1226351311
dimwishlist:item=2362652544&perks=1840239774,106909392,3891536761,1089671869
dimwishlist:item=2362652544&perks=1840239774,106909392,3891536761,555281244
dimwishlist:item=2362652544&perks=1840239774,106909392,3891536761,332733060
dimwishlist:item=2362652544&perks=1840239774,106909392,3891536761,1226351311


// Nox Perennial V ()
dimwishlist:item=2366022261&perks=839105230,689005463,968510818,2594592626
dimwishlist:item=2366022261&perks=839105230,689005463,424370782,2594592626
dimwishlist:item=2366022261&perks=1840239774,689005463,968510818,2594592626
dimwishlist:item=2366022261&perks=1840239774,689005463,424370782,2594592626


// Reghusk's Pledge ()
dimwishlist:item=2370525224&perks=839105230,1431678320,2048641572,243981275
dimwishlist:item=2370525224&perks=839105230,1431678320,2048641572,2610012052
dimwishlist:item=2370525224&perks=839105230,1431678320,2048641572,4290541820
dimwishlist:item=2370525224&perks=839105230,1431678320,2048641572,776531651
dimwishlist:item=2370525224&perks=839105230,1431678320,2360347339,243981275
dimwishlist:item=2370525224&perks=839105230,1431678320,2360347339,2610012052
dimwishlist:item=2370525224&perks=839105230,1431678320,2360347339,4290541820
dimwishlist:item=2370525224&perks=839105230,1431678320,2360347339,776531651
dimwishlist:item=2370525224&perks=839105230,1431678320,4096144819,243981275
dimwishlist:item=2370525224&perks=839105230,1431678320,4096144819,2610012052
dimwishlist:item=2370525224&perks=839105230,1431678320,4096144819,4290541820
dimwishlist:item=2370525224&perks=839105230,1431678320,4096144819,776531651
imwishlist:item=2370525224&perks=1840239774,1431678320,2048641572,243981275
dimwishlist:item=2370525224&perks=1840239774,1431678320,2048641572,2610012052
dimwishlist:item=2370525224&perks=1840239774,1431678320,2048641572,4290541820
dimwishlist:item=2370525224&perks=1840239774,1431678320,2048641572,776531651
dimwishlist:item=2370525224&perks=1840239774,1431678320,2360347339,243981275
dimwishlist:item=2370525224&perks=1840239774,1431678320,2360347339,2610012052
dimwishlist:item=2370525224&perks=1840239774,1431678320,2360347339,4290541820
dimwishlist:item=2370525224&perks=1840239774,1431678320,2360347339,776531651
dimwishlist:item=2370525224&perks=1840239774,1431678320,4096144819,243981275
dimwishlist:item=2370525224&perks=1840239774,1431678320,4096144819,2610012052
dimwishlist:item=2370525224&perks=1840239774,1431678320,4096144819,4290541820
dimwishlist:item=2370525224&perks=1840239774,1431678320,4096144819,776531651

// Keraunios ()
dimwishlist:item=2386208942&perks=1840239774,2749775325,1354429876,2396489472
dimwishlist:item=2386208942&perks=1840239774,2749775325,1354429876,4198902903
dimwishlist:item=2386208942&perks=1840239774,2749775325,1354429876,222783511
dimwishlist:item=2386208942&perks=1840239774,2749775325,1354429876,3966416502
dimwishlist:item=2386208942&perks=1840239774,2749775325,3700496672,2396489472
dimwishlist:item=2386208942&perks=1840239774,2749775325,3700496672,4198902903
dimwishlist:item=2386208942&perks=1840239774,2749775325,3700496672,222783511
dimwishlist:item=2386208942&perks=1840239774,2749775325,3700496672,3966416502
dimwishlist:item=2386208942&perks=1840239774,2073750249,1354429876,2396489472
dimwishlist:item=2386208942&perks=1840239774,2073750249,1354429876,4198902903
dimwishlist:item=2386208942&perks=1840239774,2073750249,1354429876,222783511
dimwishlist:item=2386208942&perks=1840239774,2073750249,1354429876,3966416502
dimwishlist:item=2386208942&perks=1840239774,2073750249,3700496672,2396489472
dimwishlist:item=2386208942&perks=1840239774,2073750249,3700496672,4198902903
dimwishlist:item=2386208942&perks=1840239774,2073750249,3700496672,222783511
dimwishlist:item=2386208942&perks=1840239774,2073750249,3700496672,3966416502


// Line in the Sand ()
dimwishlist:item=2450049485&perks=1840239774,689005463,3523296417,1771339417
dimwishlist:item=2450049485&perks=1840239774,689005463,3523296417,3078487919
dimwishlist:item=2450049485&perks=1840239774,689005463,3993379141,1771339417
dimwishlist:item=2450049485&perks=1840239774,689005463,3993379141,3078487919
dimwishlist:item=2450049485&perks=1840239774,689005463,2284787283,1771339417
dimwishlist:item=2450049485&perks=1840239774,689005463,2284787283,3078487919


// VS Velocity Baton ()
dimwishlist:item=2452936816&perks=3525010810,2822142346,776531651,2048641572
dimwishlist:item=2452936816&perks=3525010810,2822142346,776531651,2396489472
dimwishlist:item=2452936816&perks=3525010810,2822142346,776531651,243981275
dimwishlist:item=2452936816&perks=3525010810,2822142346,3987942396,2048641572
dimwishlist:item=2452936816&perks=3525010810,2822142346,3987942396,2396489472
dimwishlist:item=2452936816&perks=3525010810,2822142346,3987942396,243981275
dimwishlist:item=2452936816&perks=3525010810,2822142346,3108830275,2048641572
dimwishlist:item=2452936816&perks=3525010810,2822142346,3108830275,2396489472
dimwishlist:item=2452936816&perks=3525010810,2822142346,3108830275,243981275


// VS Chill Inhibitor ()
dimwishlist:item=2452936817&perks=3525010810,3301904089,3751912585,3764420437
dimwishlist:item=2452936817&perks=3525010810,3301904089,3751912585,3708227201
dimwishlist:item=2452936817&perks=3525010810,3301904089,3751912585,3194351027
dimwishlist:item=2452936817&perks=3525010810,3301904089,3987942396,3764420437
dimwishlist:item=2452936817&perks=3525010810,3301904089,3987942396,3708227201
dimwishlist:item=2452936817&perks=3525010810,3301904089,3987942396,3194351027


// VS Pyroelectric Propellant ()
dimwishlist:item=2460368549&perks=839105230,1431678320,243981275,3966416502
dimwishlist:item=2460368549&perks=839105230,1431678320,243981275,654512643
dimwishlist:item=2460368549&perks=839105230,1431678320,243981275,4065965131
imwishlist:item=2460368549&perks=839105230,1561002382,243981275,3966416502
dimwishlist:item=2460368549&perks=839105230,1561002382,243981275,654512643
dimwishlist:item=2460368549&perks=839105230,1561002382,243981275,4065965131
dimwishlist:item=2460368549&perks=1840239774,1431678320,243981275,3966416502
dimwishlist:item=2460368549&perks=1840239774,1431678320,243981275,654512643
dimwishlist:item=2460368549&perks=1840239774,1431678320,243981275,4065965131
imwishlist:item=2460368549&perks=1840239774,1561002382,243981275,3966416502
dimwishlist:item=2460368549&perks=1840239774,1561002382,243981275,654512643
dimwishlist:item=2460368549&perks=1840239774,1561002382,243981275,4065965131


// The Slammer ()
dimwishlist:item=2466028274&perks=938542991,2349202967,2077819806,3650930298
dimwishlist:item=2466028274&perks=938542991,2349202967,2077819806,405677814
dimwishlist:item=2466028274&perks=938542991,2349202967,2077819806,3640170453
dimwishlist:item=2466028274&perks=938542991,2349202967,2077819806,3708227201
dimwishlist:item=2466028274&perks=938542991,269888150,2077819806,3650930298
dimwishlist:item=2466028274&perks=938542991,269888150,2077819806,405677814
dimwishlist:item=2466028274&perks=938542991,269888150,2077819806,3640170453
dimwishlist:item=2466028274&perks=938542991,269888150,2077819806,3708227201


// Falling Guillotine ()
dimwishlist:item=2480871539&perks=436053704,269888150,243981275,1089671869
dimwishlist:item=2480871539&perks=436053704,269888150,243981275,31345821
dimwishlist:item=2480871539&perks=436053704,269888150,243981275,639190697
dimwishlist:item=2480871539&perks=436053704,269888150,243981275,2077819806
dimwishlist:item=2480871539&perks=436053704,269888150,1749209109,1089671869
dimwishlist:item=2480871539&perks=436053704,269888150,1749209109,31345821
dimwishlist:item=2480871539&perks=436053704,269888150,1749209109,639190697
dimwishlist:item=2480871539&perks=436053704,269888150,1749209109,2077819806
dimwishlist:item=2480871539&perks=436053704,269888150,4104185692,1089671869
dimwishlist:item=2480871539&perks=436053704,269888150,4104185692,31345821
dimwishlist:item=2480871539&perks=436053704,269888150,4104185692,639190697
dimwishlist:item=2480871539&perks=436053704,269888150,4104185692,2077819806
dimwishlist:item=2480871539&perks=436053704,269888150,3007133316,1089671869
dimwishlist:item=2480871539&perks=436053704,269888150,3007133316,31345821
dimwishlist:item=2480871539&perks=436053704,269888150,3007133316,639190697
dimwishlist:item=2480871539&perks=436053704,269888150,3007133316,2077819806
dimwishlist:item=2480871539&perks=436053704,2349202967,243981275,1089671869
dimwishlist:item=2480871539&perks=436053704,2349202967,243981275,31345821
dimwishlist:item=2480871539&perks=436053704,2349202967,243981275,639190697
dimwishlist:item=2480871539&perks=436053704,2349202967,243981275,2077819806
dimwishlist:item=2480871539&perks=436053704,2349202967,1749209109,1089671869
dimwishlist:item=2480871539&perks=436053704,2349202967,1749209109,31345821
dimwishlist:item=2480871539&perks=436053704,2349202967,1749209109,639190697
dimwishlist:item=2480871539&perks=436053704,2349202967,1749209109,2077819806
dimwishlist:item=2480871539&perks=436053704,2349202967,4104185692,1089671869
dimwishlist:item=2480871539&perks=436053704,2349202967,4104185692,31345821
dimwishlist:item=2480871539&perks=436053704,2349202967,4104185692,639190697
dimwishlist:item=2480871539&perks=436053704,2349202967,4104185692,2077819806
dimwishlist:item=2480871539&perks=436053704,2349202967,3007133316,1089671869
dimwishlist:item=2480871539&perks=436053704,2349202967,3007133316,31345821
dimwishlist:item=2480871539&perks=436053704,2349202967,3007133316,639190697
dimwishlist:item=2480871539&perks=436053704,2349202967,3007133316,2077819806
dimwishlist:item=2480871539&perks=3666208348,269888150,243981275,1089671869
dimwishlist:item=2480871539&perks=3666208348,269888150,243981275,31345821
dimwishlist:item=2480871539&perks=3666208348,269888150,243981275,639190697
dimwishlist:item=2480871539&perks=3666208348,269888150,243981275,2077819806
dimwishlist:item=2480871539&perks=3666208348,269888150,1749209109,1089671869
dimwishlist:item=2480871539&perks=3666208348,269888150,1749209109,31345821
dimwishlist:item=2480871539&perks=3666208348,269888150,1749209109,639190697
dimwishlist:item=2480871539&perks=3666208348,269888150,1749209109,2077819806
dimwishlist:item=2480871539&perks=3666208348,269888150,4104185692,1089671869
dimwishlist:item=2480871539&perks=3666208348,269888150,4104185692,31345821
dimwishlist:item=2480871539&perks=3666208348,269888150,4104185692,639190697
dimwishlist:item=2480871539&perks=3666208348,269888150,4104185692,2077819806
dimwishlist:item=2480871539&perks=3666208348,269888150,3007133316,1089671869
dimwishlist:item=2480871539&perks=3666208348,269888150,3007133316,31345821
dimwishlist:item=2480871539&perks=3666208348,269888150,3007133316,639190697
dimwishlist:item=2480871539&perks=3666208348,269888150,3007133316,2077819806
dimwishlist:item=2480871539&perks=3666208348,2349202967,243981275,1089671869
dimwishlist:item=2480871539&perks=3666208348,2349202967,243981275,31345821
dimwishlist:item=2480871539&perks=3666208348,2349202967,243981275,639190697
dimwishlist:item=2480871539&perks=3666208348,2349202967,243981275,2077819806
dimwishlist:item=2480871539&perks=3666208348,2349202967,1749209109,1089671869
dimwishlist:item=2480871539&perks=3666208348,2349202967,1749209109,31345821
dimwishlist:item=2480871539&perks=3666208348,2349202967,1749209109,639190697
dimwishlist:item=2480871539&perks=3666208348,2349202967,1749209109,2077819806
dimwishlist:item=2480871539&perks=3666208348,2349202967,4104185692,1089671869
dimwishlist:item=2480871539&perks=3666208348,2349202967,4104185692,31345821
dimwishlist:item=2480871539&perks=3666208348,2349202967,4104185692,639190697
dimwishlist:item=2480871539&perks=3666208348,2349202967,4104185692,2077819806
dimwishlist:item=2480871539&perks=3666208348,2349202967,3007133316,1089671869
dimwishlist:item=2480871539&perks=3666208348,2349202967,3007133316,31345821
dimwishlist:item=2480871539&perks=3666208348,2349202967,3007133316,639190697
dimwishlist:item=2480871539&perks=3666208348,2349202967,3007133316,2077819806


// Biting Winds ()
dimwishlist:item=2485400469&perks=2801223209,16392701,2289534249,3891536761
dimwishlist:item=2485400469&perks=2801223209,16392701,2360347339,3891536761
dimwishlist:item=2485400469&perks=2801223209,16392701,4096144819,3891536761


// Unloved ()
dimwishlist:item=2485881870&perks=1840239774,1561002382,2848615171,960997401
dimwishlist:item=2485881870&perks=1840239774,1561002382,2848615171,3244229373
dimwishlist:item=2485881870&perks=1840239774,1561002382,2848615171,4104185692
dimwishlist:item=2485881870&perks=1840239774,1561002382,2848615171,3007133316
dimwishlist:item=2485881870&perks=1840239774,1561002382,169755979,960997401
dimwishlist:item=2485881870&perks=1840239774,1561002382,169755979,3244229373
dimwishlist:item=2485881870&perks=1840239774,1561002382,169755979,4104185692
dimwishlist:item=2485881870&perks=1840239774,1561002382,169755979,3007133316
dimwishlist:item=2485881870&perks=1840239774,1561002382,831391274,960997401
dimwishlist:item=2485881870&perks=1840239774,1561002382,831391274,3244229373
dimwishlist:item=2485881870&perks=1840239774,1561002382,831391274,4104185692
dimwishlist:item=2485881870&perks=1840239774,1561002382,831391274,3007133316
dimwishlist:item=2485881870&perks=1840239774,1431678320,2848615171,960997401
dimwishlist:item=2485881870&perks=1840239774,1431678320,2848615171,3244229373
dimwishlist:item=2485881870&perks=1840239774,1431678320,2848615171,4104185692
dimwishlist:item=2485881870&perks=1840239774,1431678320,2848615171,3007133316
dimwishlist:item=2485881870&perks=1840239774,1431678320,169755979,960997401
dimwishlist:item=2485881870&perks=1840239774,1431678320,169755979,3244229373
dimwishlist:item=2485881870&perks=1840239774,1431678320,169755979,4104185692
dimwishlist:item=2485881870&perks=1840239774,1431678320,169755979,3007133316
dimwishlist:item=2485881870&perks=1840239774,1431678320,831391274,960997401
dimwishlist:item=2485881870&perks=1840239774,1431678320,831391274,3244229373
dimwishlist:item=2485881870&perks=1840239774,1431678320,831391274,4104185692
dimwishlist:item=2485881870&perks=1840239774,1431678320,831391274,3007133316

// A Sudden Death ()
dimwishlist:item=2489016648&perks=1300023272,791862061,2679249093,2360754333
dimwishlist:item=2489016648&perks=1300023272,791862061,1523832109,2360754333
dimwishlist:item=2489016648&perks=1300023272,791862061,3978468247,2360754333
dimwishlist:item=2489016648&perks=1300023272,1488599449,2679249093,2360754333
dimwishlist:item=2489016648&perks=1300023272,1488599449,1523832109,2360754333
dimwishlist:item=2489016648&perks=1300023272,1488599449,3978468247,2360754333


// Stryker's Sure-Hand ()
dimwishlist:item=2490460292&perks=436053704,2349202967,776531651,3708227201
dimwishlist:item=2490460292&perks=436053704,2349202967,776531651,3201496230
dimwishlist:item=2490460292&perks=436053704,2349202967,776531651,3913600130
dimwishlist:item=2490460292&perks=436053704,2349202967,3425386926,3708227201
dimwishlist:item=2490460292&perks=436053704,2349202967,3425386926,3201496230
dimwishlist:item=2490460292&perks=436053704,2349202967,3425386926,3913600130
dimwishlist:item=2490460292&perks=436053704,2349202967,1749209109,3708227201
dimwishlist:item=2490460292&perks=436053704,2349202967,1749209109,3201496230
dimwishlist:item=2490460292&perks=436053704,2349202967,1749209109,3913600130
dimwishlist:item=2490460292&perks=436053704,269888150,776531651,3708227201
dimwishlist:item=2490460292&perks=436053704,269888150,776531651,3201496230
dimwishlist:item=2490460292&perks=436053704,269888150,776531651,3913600130
dimwishlist:item=2490460292&perks=436053704,269888150,3425386926,3708227201
dimwishlist:item=2490460292&perks=436053704,269888150,3425386926,3201496230
dimwishlist:item=2490460292&perks=436053704,269888150,3425386926,3913600130
dimwishlist:item=2490460292&perks=436053704,269888150,1749209109,3708227201
dimwishlist:item=2490460292&perks=436053704,269888150,1749209109,3201496230
dimwishlist:item=2490460292&perks=436053704,269888150,1749209109,3913600130
dimwishlist:item=2490460292&perks=3666208348,2349202967,776531651,3708227201
dimwishlist:item=2490460292&perks=3666208348,2349202967,776531651,3201496230
dimwishlist:item=2490460292&perks=3666208348,2349202967,776531651,3913600130
dimwishlist:item=2490460292&perks=3666208348,2349202967,3425386926,3708227201
dimwishlist:item=2490460292&perks=3666208348,2349202967,3425386926,3201496230
dimwishlist:item=2490460292&perks=3666208348,2349202967,3425386926,3913600130
dimwishlist:item=2490460292&perks=3666208348,2349202967,1749209109,3708227201
dimwishlist:item=2490460292&perks=3666208348,2349202967,1749209109,3201496230
dimwishlist:item=2490460292&perks=3666208348,2349202967,1749209109,3913600130
dimwishlist:item=2490460292&perks=3666208348,269888150,776531651,3708227201
dimwishlist:item=2490460292&perks=3666208348,269888150,776531651,3201496230
dimwishlist:item=2490460292&perks=3666208348,269888150,776531651,3913600130
dimwishlist:item=2490460292&perks=3666208348,269888150,3425386926,3708227201
dimwishlist:item=2490460292&perks=3666208348,269888150,3425386926,3201496230
dimwishlist:item=2490460292&perks=3666208348,269888150,3425386926,3913600130
dimwishlist:item=2490460292&perks=3666208348,269888150,1749209109,3708227201
dimwishlist:item=2490460292&perks=3666208348,269888150,1749209109,3201496230
dimwishlist:item=2490460292&perks=3666208348,269888150,1749209109,3913600130


// Cynosure ()
dimwishlist:item=2511482352&perks=3525010810,3796465595,1523832109,1439600632,2697390518
dimwishlist:item=2511482352&perks=3525010810,3796465595,1523832109,1439600632,1847323754
dimwishlist:item=2511482352&perks=3525010810,3796465595,1523832109,3764420437,2697390518
dimwishlist:item=2511482352&perks=3525010810,3796465595,1523832109,3764420437,1847323754
dimwishlist:item=2511482352&perks=3525010810,3796465595,1523832109,3078487919,2697390518
dimwishlist:item=2511482352&perks=3525010810,3796465595,1523832109,3078487919,1847323754
dimwishlist:item=2511482352&perks=3525010810,3796465595,3987942396,1439600632,2697390518
dimwishlist:item=2511482352&perks=3525010810,3796465595,3987942396,1439600632,1847323754
dimwishlist:item=2511482352&perks=3525010810,3796465595,3987942396,3764420437,2697390518
dimwishlist:item=2511482352&perks=3525010810,3796465595,3987942396,3764420437,1847323754
dimwishlist:item=2511482352&perks=3525010810,3796465595,3987942396,3078487919,2697390518
dimwishlist:item=2511482352&perks=3525010810,3796465595,3987942396,3078487919,1847323754


// One Small Step ()
dimwishlist:item=2527058296&perks=1300023272,106909392,1631667848,2679249093
dimwishlist:item=2527058296&perks=1300023272,106909392,1631667848,2360754333
dimwishlist:item=2527058296&perks=1300023272,106909392,1556840489,2679249093
dimwishlist:item=2527058296&perks=1300023272,106909392,1556840489,2360754333


// Circular Logic ()
dimwishlist:item=2528793321&perks=839105230,1431678320,3824105627,2305480722
dimwishlist:item=2528793321&perks=839105230,1431678320,3824105627,2109543898
dimwishlist:item=2528793321&perks=839105230,1431678320,3824105627,831391274
dimwishlist:item=2528793321&perks=839105230,1431678320,3523296417,2305480722
dimwishlist:item=2528793321&perks=839105230,1431678320,3523296417,2109543898
dimwishlist:item=2528793321&perks=839105230,1431678320,3523296417,831391274
imwishlist:item=2528793321&perks=839105230,1561002382,3824105627,2305480722
dimwishlist:item=2528793321&perks=839105230,1561002382,3824105627,2109543898
dimwishlist:item=2528793321&perks=839105230,1561002382,3824105627,831391274
dimwishlist:item=2528793321&perks=839105230,1561002382,3523296417,2305480722
dimwishlist:item=2528793321&perks=839105230,1561002382,3523296417,2109543898
dimwishlist:item=2528793321&perks=839105230,1561002382,3523296417,831391274
dimwishlist:item=2528793321&perks=839105230,2420895100,3824105627,2305480722
dimwishlist:item=2528793321&perks=839105230,2420895100,3824105627,2109543898
dimwishlist:item=2528793321&perks=839105230,2420895100,3824105627,831391274
dimwishlist:item=2528793321&perks=839105230,2420895100,3523296417,2305480722
dimwishlist:item=2528793321&perks=839105230,2420895100,3523296417,2109543898
dimwishlist:item=2528793321&perks=839105230,2420895100,3523296417,831391274
dimwishlist:item=2528793321&perks=1840239774,1431678320,3824105627,2305480722
dimwishlist:item=2528793321&perks=1840239774,1431678320,3824105627,2109543898
dimwishlist:item=2528793321&perks=1840239774,1431678320,3824105627,831391274
dimwishlist:item=2528793321&perks=1840239774,1431678320,3523296417,2305480722
dimwishlist:item=2528793321&perks=1840239774,1431678320,3523296417,2109543898
dimwishlist:item=2528793321&perks=1840239774,1431678320,3523296417,831391274
imwishlist:item=2528793321&perks=1840239774,1561002382,3824105627,2305480722
dimwishlist:item=2528793321&perks=1840239774,1561002382,3824105627,2109543898
dimwishlist:item=2528793321&perks=1840239774,1561002382,3824105627,831391274
dimwishlist:item=2528793321&perks=1840239774,1561002382,3523296417,2305480722
dimwishlist:item=2528793321&perks=1840239774,1561002382,3523296417,2109543898
dimwishlist:item=2528793321&perks=1840239774,1561002382,3523296417,831391274
dimwishlist:item=2528793321&perks=1840239774,2420895100,3824105627,2305480722
dimwishlist:item=2528793321&perks=1840239774,2420895100,3824105627,2109543898
dimwishlist:item=2528793321&perks=1840239774,2420895100,3824105627,831391274
dimwishlist:item=2528793321&perks=1840239774,2420895100,3523296417,2305480722
dimwishlist:item=2528793321&perks=1840239774,2420895100,3523296417,2109543898
dimwishlist:item=2528793321&perks=1840239774,2420895100,3523296417,831391274


// Lubrae's Ruin ()
dimwishlist:item=2534546147&perks=580685494,1431678320,3800201097,3108830275
dimwishlist:item=2534546147&perks=580685494,1431678320,3800201097,3708227201
dimwishlist:item=2534546147&perks=580685494,1431678320,3800201097,3640170453
dimwishlist:item=2534546147&perks=580685494,1431678320,3674673997,3108830275
dimwishlist:item=2534546147&perks=580685494,1431678320,3674673997,3708227201
dimwishlist:item=2534546147&perks=580685494,1431678320,3674673997,3640170453
dimwishlist:item=2534546147&perks=580685494,1431678320,4104185692,3108830275
dimwishlist:item=2534546147&perks=580685494,1431678320,4104185692,3708227201
dimwishlist:item=2534546147&perks=580685494,1431678320,4104185692,3640170453
dimwishlist:item=2534546147&perks=580685494,1431678320,3007133316,3108830275
dimwishlist:item=2534546147&perks=580685494,1431678320,3007133316,3708227201
dimwishlist:item=2534546147&perks=580685494,1431678320,3007133316,3640170453
dimwishlist:item=2534546147&perks=580685494,1431678320,1782407750,3108830275
dimwishlist:item=2534546147&perks=580685494,1431678320,1782407750,3708227201
dimwishlist:item=2534546147&perks=580685494,1431678320,1782407750,3640170453
imwishlist:item=2534546147&perks=580685494,3721627275,3800201097,3108830275
dimwishlist:item=2534546147&perks=580685494,3721627275,3800201097,3708227201
dimwishlist:item=2534546147&perks=580685494,3721627275,3800201097,3640170453
dimwishlist:item=2534546147&perks=580685494,3721627275,3674673997,3108830275
dimwishlist:item=2534546147&perks=580685494,3721627275,3674673997,3708227201
dimwishlist:item=2534546147&perks=580685494,3721627275,3674673997,3640170453
dimwishlist:item=2534546147&perks=580685494,3721627275,4104185692,3108830275
dimwishlist:item=2534546147&perks=580685494,3721627275,4104185692,3708227201
dimwishlist:item=2534546147&perks=580685494,3721627275,4104185692,3640170453
dimwishlist:item=2534546147&perks=580685494,3721627275,3007133316,3108830275
dimwishlist:item=2534546147&perks=580685494,3721627275,3007133316,3708227201
dimwishlist:item=2534546147&perks=580685494,3721627275,3007133316,3640170453
dimwishlist:item=2534546147&perks=580685494,3721627275,1782407750,3108830275
dimwishlist:item=2534546147&perks=580685494,3721627275,1782407750,3708227201
dimwishlist:item=2534546147&perks=580685494,3721627275,1782407750,3640170453


// Indebted Kindness ()
dimwishlist:item=2554513694&perks=1478423395,106909392,1421772400,243981275
dimwishlist:item=2554513694&perks=1478423395,106909392,1421772400,2396489472
dimwishlist:item=2554513694&perks=1478423395,106909392,1421772400,2173046394
dimwishlist:item=2554513694&perks=1478423395,106909392,3993379141,243981275
dimwishlist:item=2554513694&perks=1478423395,106909392,3993379141,2396489472
dimwishlist:item=2554513694&perks=1478423395,106909392,3993379141,2173046394
dimwishlist:item=2554513694&perks=1478423395,106909392,960810156,243981275
dimwishlist:item=2554513694&perks=1478423395,106909392,960810156,2396489472
dimwishlist:item=2554513694&perks=1478423395,106909392,960810156,2173046394
dimwishlist:item=2554513694&perks=1478423395,106909392,1077019636,243981275
dimwishlist:item=2554513694&perks=1478423395,106909392,1077019636,2396489472
dimwishlist:item=2554513694&perks=1478423395,106909392,1077019636,2173046394
dimwishlist:item=2554513694&perks=3525010810,106909392,1421772400,243981275
dimwishlist:item=2554513694&perks=3525010810,106909392,1421772400,2396489472
dimwishlist:item=2554513694&perks=3525010810,106909392,1421772400,2173046394
dimwishlist:item=2554513694&perks=3525010810,106909392,3993379141,243981275
dimwishlist:item=2554513694&perks=3525010810,106909392,3993379141,2396489472
dimwishlist:item=2554513694&perks=3525010810,106909392,3993379141,2173046394
dimwishlist:item=2554513694&perks=3525010810,106909392,960810156,243981275
dimwishlist:item=2554513694&perks=3525010810,106909392,960810156,2396489472
dimwishlist:item=2554513694&perks=3525010810,106909392,960810156,2173046394
dimwishlist:item=2554513694&perks=3525010810,106909392,1077019636,243981275
dimwishlist:item=2554513694&perks=3525010810,106909392,1077019636,2396489472
dimwishlist:item=2554513694&perks=3525010810,106909392,1077019636,2173046394


// Seventh Seraph Carbine ()
dimwishlist:item=2560370239&perks=1840239774,1140096971,1517798362,3891536761
dimwishlist:item=2560370239&perks=1840239774,1140096971,1517798362,1202584452
dimwishlist:item=2560370239&perks=1840239774,1140096971,1517798362,2138673996
dimwishlist:item=2560370239&perks=1840239774,1140096971,243981275,3891536761
dimwishlist:item=2560370239&perks=1840239774,1140096971,243981275,1202584452
dimwishlist:item=2560370239&perks=1840239774,1140096971,243981275,2138673996
dimwishlist:item=2560370239&perks=1840239774,463405747,1517798362,3891536761
dimwishlist:item=2560370239&perks=1840239774,463405747,1517798362,1202584452
dimwishlist:item=2560370239&perks=1840239774,463405747,1517798362,2138673996
dimwishlist:item=2560370239&perks=1840239774,463405747,243981275,3891536761
dimwishlist:item=2560370239&perks=1840239774,463405747,243981275,1202584452
dimwishlist:item=2560370239&perks=1840239774,463405747,243981275,2138673996
dimwishlist:item=2560370239&perks=839105230,1140096971,1517798362,3891536761
dimwishlist:item=2560370239&perks=839105230,1140096971,1517798362,1202584452
dimwishlist:item=2560370239&perks=839105230,1140096971,1517798362,2138673996
dimwishlist:item=2560370239&perks=839105230,1140096971,243981275,3891536761
dimwishlist:item=2560370239&perks=839105230,1140096971,243981275,1202584452
dimwishlist:item=2560370239&perks=839105230,1140096971,243981275,2138673996
dimwishlist:item=2560370239&perks=839105230,463405747,1517798362,3891536761
dimwishlist:item=2560370239&perks=839105230,463405747,1517798362,1202584452
dimwishlist:item=2560370239&perks=839105230,463405747,1517798362,2138673996
dimwishlist:item=2560370239&perks=839105230,463405747,243981275,3891536761
dimwishlist:item=2560370239&perks=839105230,463405747,243981275,1202584452
dimwishlist:item=2560370239&perks=839105230,463405747,243981275,2138673996


// Out of Bounds ()
dimwishlist:item=2579239008&perks=1840239774,1431678320,2173046394,3966416502
dimwishlist:item=2579239008&perks=1840239774,1431678320,3523296417,3966416502
imwishlist:item=2579239008&perks=1840239774,1561002382,2173046394,3966416502
dimwishlist:item=2579239008&perks=1840239774,1561002382,3523296417,3966416502


// Unending Tempest ()
dimwishlist:item=2579239009&perks=839105230,1431678320,243981275,124408337
dimwishlist:item=2579239009&perks=839105230,1431678320,243981275,3640170453
dimwishlist:item=2579239009&perks=839105230,1431678320,243981275,2922950962
imwishlist:item=2579239009&perks=1840239774,1431678320,243981275,124408337
dimwishlist:item=2579239009&perks=1840239774,1431678320,243981275,3640170453
dimwishlist:item=2579239009&perks=1840239774,1431678320,243981275,2922950962

// Cusp Sempiternal ()
dimwishlist:item=2579693381&perks=202670084,3142289711,692399809,1134488199
dimwishlist:item=2579693381&perks=202670084,3142289711,692399809,2048641572
dimwishlist:item=2579693381&perks=202670084,3142289711,692399809,3081867624
dimwishlist:item=2579693381&perks=202670084,3142289711,4070834277,1134488199
dimwishlist:item=2579693381&perks=202670084,3142289711,4070834277,2048641572
dimwishlist:item=2579693381&perks=202670084,3142289711,4070834277,3081867624
dimwishlist:item=2579693381&perks=202670084,3142289711,776531651,1134488199
dimwishlist:item=2579693381&perks=202670084,3142289711,776531651,2048641572
dimwishlist:item=2579693381&perks=202670084,3142289711,776531651,3081867624
dimwishlist:item=2579693381&perks=202670084,3142289711,243981275,1134488199
dimwishlist:item=2579693381&perks=202670084,3142289711,243981275,2048641572
dimwishlist:item=2579693381&perks=202670084,3142289711,243981275,3081867624
dimwishlist:item=2579693381&perks=202670084,3267421167,692399809,1134488199
dimwishlist:item=2579693381&perks=202670084,3267421167,692399809,2048641572
dimwishlist:item=2579693381&perks=202670084,3267421167,692399809,3081867624
dimwishlist:item=2579693381&perks=202670084,3267421167,4070834277,1134488199
dimwishlist:item=2579693381&perks=202670084,3267421167,4070834277,2048641572
dimwishlist:item=2579693381&perks=202670084,3267421167,4070834277,3081867624
dimwishlist:item=2579693381&perks=202670084,3267421167,776531651,1134488199
dimwishlist:item=2579693381&perks=202670084,3267421167,776531651,2048641572
dimwishlist:item=2579693381&perks=202670084,3267421167,776531651,3081867624
dimwishlist:item=2579693381&perks=202670084,3267421167,243981275,1134488199
dimwishlist:item=2579693381&perks=202670084,3267421167,243981275,2048641572
dimwishlist:item=2579693381&perks=202670084,3267421167,243981275,3081867624
dimwishlist:item=2579693381&perks=1871180748,3142289711,692399809,1134488199
dimwishlist:item=2579693381&perks=1871180748,3142289711,692399809,2048641572
dimwishlist:item=2579693381&perks=1871180748,3142289711,692399809,3081867624
dimwishlist:item=2579693381&perks=1871180748,3142289711,4070834277,1134488199
dimwishlist:item=2579693381&perks=1871180748,3142289711,4070834277,2048641572
dimwishlist:item=2579693381&perks=1871180748,3142289711,4070834277,3081867624
dimwishlist:item=2579693381&perks=1871180748,3142289711,776531651,1134488199
dimwishlist:item=2579693381&perks=1871180748,3142289711,776531651,2048641572
dimwishlist:item=2579693381&perks=1871180748,3142289711,776531651,3081867624
dimwishlist:item=2579693381&perks=1871180748,3142289711,243981275,1134488199
dimwishlist:item=2579693381&perks=1871180748,3142289711,243981275,2048641572
dimwishlist:item=2579693381&perks=1871180748,3142289711,243981275,3081867624
dimwishlist:item=2579693381&perks=1871180748,3267421167,692399809,1134488199
dimwishlist:item=2579693381&perks=1871180748,3267421167,692399809,2048641572
dimwishlist:item=2579693381&perks=1871180748,3267421167,692399809,3081867624
dimwishlist:item=2579693381&perks=1871180748,3267421167,4070834277,1134488199
dimwishlist:item=2579693381&perks=1871180748,3267421167,4070834277,2048641572
dimwishlist:item=2579693381&perks=1871180748,3267421167,4070834277,3081867624
dimwishlist:item=2579693381&perks=1871180748,3267421167,776531651,1134488199
dimwishlist:item=2579693381&perks=1871180748,3267421167,776531651,2048641572
dimwishlist:item=2579693381&perks=1871180748,3267421167,776531651,3081867624
dimwishlist:item=2579693381&perks=1871180748,3267421167,243981275,1134488199
dimwishlist:item=2579693381&perks=1871180748,3267421167,243981275,2048641572
dimwishlist:item=2579693381&perks=1871180748,3267421167,243981275,3081867624


// Seventh Seraph SAW ()
dimwishlist:item=2584201248&perks=839105230,1140096971,1511100135,3966416502
dimwishlist:item=2584201248&perks=839105230,1140096971,1511100135,2305480722
dimwishlist:item=2584201248&perks=839105230,1140096971,1511100135,657025441
dimwishlist:item=2584201248&perks=839105230,1140096971,1511100135,4196156997
dimwishlist:item=2584201248&perks=839105230,1140096971,65604327,3966416502
dimwishlist:item=2584201248&perks=839105230,1140096971,65604327,2305480722
dimwishlist:item=2584201248&perks=839105230,1140096971,65604327,657025441
dimwishlist:item=2584201248&perks=839105230,1140096971,65604327,4196156997
dimwishlist:item=2584201248&perks=839105230,1140096971,1115162408,3966416502
dimwishlist:item=2584201248&perks=839105230,1140096971,1115162408,2305480722
dimwishlist:item=2584201248&perks=839105230,1140096971,1115162408,657025441
dimwishlist:item=2584201248&perks=839105230,1140096971,1115162408,4196156997
dimwishlist:item=2584201248&perks=839105230,1140096971,511499160,3966416502
dimwishlist:item=2584201248&perks=839105230,1140096971,511499160,2305480722
dimwishlist:item=2584201248&perks=839105230,1140096971,511499160,657025441
dimwishlist:item=2584201248&perks=839105230,1140096971,511499160,4196156997
dimwishlist:item=2584201248&perks=839105230,1140096971,4019266109,3966416502
dimwishlist:item=2584201248&perks=839105230,1140096971,4019266109,2305480722
dimwishlist:item=2584201248&perks=839105230,1140096971,4019266109,657025441
dimwishlist:item=2584201248&perks=839105230,1140096971,4019266109,4196156997
dimwishlist:item=2584201248&perks=839105230,463405747,1511100135,3966416502
dimwishlist:item=2584201248&perks=839105230,463405747,1511100135,2305480722
dimwishlist:item=2584201248&perks=839105230,463405747,1511100135,657025441
dimwishlist:item=2584201248&perks=839105230,463405747,1511100135,4196156997
dimwishlist:item=2584201248&perks=839105230,463405747,65604327,3966416502
dimwishlist:item=2584201248&perks=839105230,463405747,65604327,2305480722
dimwishlist:item=2584201248&perks=839105230,463405747,65604327,657025441
dimwishlist:item=2584201248&perks=839105230,463405747,65604327,4196156997
dimwishlist:item=2584201248&perks=839105230,463405747,1115162408,3966416502
dimwishlist:item=2584201248&perks=839105230,463405747,1115162408,2305480722
dimwishlist:item=2584201248&perks=839105230,463405747,1115162408,657025441
dimwishlist:item=2584201248&perks=839105230,463405747,1115162408,4196156997
dimwishlist:item=2584201248&perks=839105230,463405747,511499160,3966416502
dimwishlist:item=2584201248&perks=839105230,463405747,511499160,2305480722
dimwishlist:item=2584201248&perks=839105230,463405747,511499160,657025441
dimwishlist:item=2584201248&perks=839105230,463405747,511499160,4196156997
dimwishlist:item=2584201248&perks=839105230,463405747,4019266109,3966416502
dimwishlist:item=2584201248&perks=839105230,463405747,4019266109,2305480722
dimwishlist:item=2584201248&perks=839105230,463405747,4019266109,657025441
dimwishlist:item=2584201248&perks=839105230,463405747,4019266109,4196156997
dimwishlist:item=2584201248&perks=1840239774,1140096971,1511100135,3966416502
dimwishlist:item=2584201248&perks=1840239774,1140096971,1511100135,2305480722
dimwishlist:item=2584201248&perks=1840239774,1140096971,1511100135,657025441
dimwishlist:item=2584201248&perks=1840239774,1140096971,1511100135,4196156997
dimwishlist:item=2584201248&perks=1840239774,1140096971,65604327,3966416502
dimwishlist:item=2584201248&perks=1840239774,1140096971,65604327,2305480722
dimwishlist:item=2584201248&perks=1840239774,1140096971,65604327,657025441
dimwishlist:item=2584201248&perks=1840239774,1140096971,65604327,4196156997
dimwishlist:item=2584201248&perks=1840239774,1140096971,1115162408,3966416502
dimwishlist:item=2584201248&perks=1840239774,1140096971,1115162408,2305480722
dimwishlist:item=2584201248&perks=1840239774,1140096971,1115162408,657025441
dimwishlist:item=2584201248&perks=1840239774,1140096971,1115162408,4196156997
dimwishlist:item=2584201248&perks=1840239774,1140096971,511499160,3966416502
dimwishlist:item=2584201248&perks=1840239774,1140096971,511499160,2305480722
dimwishlist:item=2584201248&perks=1840239774,1140096971,511499160,657025441
dimwishlist:item=2584201248&perks=1840239774,1140096971,511499160,4196156997
dimwishlist:item=2584201248&perks=1840239774,1140096971,4019266109,3966416502
dimwishlist:item=2584201248&perks=1840239774,1140096971,4019266109,2305480722
dimwishlist:item=2584201248&perks=1840239774,1140096971,4019266109,657025441
dimwishlist:item=2584201248&perks=1840239774,1140096971,4019266109,4196156997
dimwishlist:item=2584201248&perks=1840239774,463405747,1511100135,3966416502
dimwishlist:item=2584201248&perks=1840239774,463405747,1511100135,2305480722
dimwishlist:item=2584201248&perks=1840239774,463405747,1511100135,657025441
dimwishlist:item=2584201248&perks=1840239774,463405747,1511100135,4196156997
dimwishlist:item=2584201248&perks=1840239774,463405747,65604327,3966416502
dimwishlist:item=2584201248&perks=1840239774,463405747,65604327,2305480722
dimwishlist:item=2584201248&perks=1840239774,463405747,65604327,657025441
dimwishlist:item=2584201248&perks=1840239774,463405747,65604327,4196156997
dimwishlist:item=2584201248&perks=1840239774,463405747,1115162408,3966416502
dimwishlist:item=2584201248&perks=1840239774,463405747,1115162408,2305480722
dimwishlist:item=2584201248&perks=1840239774,463405747,1115162408,657025441
dimwishlist:item=2584201248&perks=1840239774,463405747,1115162408,4196156997
dimwishlist:item=2584201248&perks=1840239774,463405747,511499160,3966416502
dimwishlist:item=2584201248&perks=1840239774,463405747,511499160,2305480722
dimwishlist:item=2584201248&perks=1840239774,463405747,511499160,657025441
dimwishlist:item=2584201248&perks=1840239774,463405747,511499160,4196156997
dimwishlist:item=2584201248&perks=1840239774,463405747,4019266109,3966416502
dimwishlist:item=2584201248&perks=1840239774,463405747,4019266109,2305480722
dimwishlist:item=2584201248&perks=1840239774,463405747,4019266109,657025441
dimwishlist:item=2584201248&perks=1840239774,463405747,4019266109,4196156997


// Snipehunt Mk. 47 ()
dimwishlist:item=2587567543&perks=839105230,1431678320,3966416502,2173046394
dimwishlist:item=2587567543&perks=839105230,1431678320,3966416502,243981275
dimwishlist:item=2587567543&perks=839105230,1431678320,3966416502,3640170453
imwishlist:item=2587567543&perks=839105230,1561002382,3966416502,2173046394
dimwishlist:item=2587567543&perks=839105230,1561002382,3966416502,243981275
dimwishlist:item=2587567543&perks=839105230,1561002382,3966416502,3640170453
dimwishlist:item=2587567543&perks=1840239774,1431678320,3966416502,2173046394
dimwishlist:item=2587567543&perks=1840239774,1431678320,3966416502,243981275
dimwishlist:item=2587567543&perks=1840239774,1431678320,3966416502,3640170453
imwishlist:item=2587567543&perks=1840239774,1561002382,3966416502,2173046394
dimwishlist:item=2587567543&perks=1840239774,1561002382,3966416502,243981275
dimwishlist:item=2587567543&perks=1840239774,1561002382,3966416502,3640170453


// The Enigma ()
dimwishlist:item=2595497736&perks=580685494,1431678320,1631667848,3108830275
dimwishlist:item=2595497736&perks=580685494,1431678320,1631667848,1782407750
dimwishlist:item=2595497736&perks=580685494,1431678320,1556840489,3108830275
dimwishlist:item=2595497736&perks=580685494,1431678320,1556840489,1782407750
imwishlist:item=2595497736&perks=580685494,3721627275,1631667848,3108830275
dimwishlist:item=2595497736&perks=580685494,3721627275,1631667848,1782407750
dimwishlist:item=2595497736&perks=580685494,3721627275,1556840489,3108830275
dimwishlist:item=2595497736&perks=580685494,3721627275,1556840489,1782407750


// Insurmountable ()
dimwishlist:item=2596736862&perks=1840239774,1431678320,776531651,2048641572
dimwishlist:item=2596736862&perks=1840239774,1431678320,776531651,2109543898
dimwishlist:item=2596736862&perks=1840239774,1431678320,776531651,3708227201
dimwishlist:item=2596736862&perks=1840239774,1431678320,243981275,2048641572
dimwishlist:item=2596736862&perks=1840239774,1431678320,243981275,2109543898
dimwishlist:item=2596736862&perks=1840239774,1431678320,243981275,3708227201
dimwishlist:item=2596736862&perks=1840239774,1431678320,1421772400,2048641572
dimwishlist:item=2596736862&perks=1840239774,1431678320,1421772400,2109543898
dimwishlist:item=2596736862&perks=1840239774,1431678320,1421772400,3708227201

// Bitter/Sweet ()
dimwishlist:item=2599338625&perks=3525010810,3301904089,3987942396,3078487919
dimwishlist:item=2599338625&perks=3525010810,3301904089,3987942396,3194351027
dimwishlist:item=2599338625&perks=3525010810,3301904089,243981275,3078487919
dimwishlist:item=2599338625&perks=3525010810,3301904089,243981275,3194351027


// Abyssal Edge ()
dimwishlist:item=2599520828&perks=3666208348,2349202967,1749209109,1089671869
dimwishlist:item=2599520828&perks=3666208348,2349202967,1749209109,3201496230
dimwishlist:item=2599520828&perks=3666208348,2349202967,1749209109,3708227201
dimwishlist:item=2599520828&perks=3666208348,2349202967,923806249,1089671869
dimwishlist:item=2599520828&perks=3666208348,2349202967,923806249,3201496230
dimwishlist:item=2599520828&perks=3666208348,2349202967,923806249,3708227201
dimwishlist:item=2599520828&perks=3666208348,2349202967,2244851822,1089671869
dimwishlist:item=2599520828&perks=3666208348,2349202967,2244851822,3201496230
dimwishlist:item=2599520828&perks=3666208348,2349202967,2244851822,3708227201
dimwishlist:item=2599520828&perks=3666208348,2349202967,2860991074,1089671869
dimwishlist:item=2599520828&perks=3666208348,2349202967,2860991074,3201496230
dimwishlist:item=2599520828&perks=3666208348,2349202967,2860991074,3708227201
dimwishlist:item=2599520828&perks=3666208348,269888150,1749209109,1089671869
dimwishlist:item=2599520828&perks=3666208348,269888150,1749209109,3201496230
dimwishlist:item=2599520828&perks=3666208348,269888150,1749209109,3708227201
dimwishlist:item=2599520828&perks=3666208348,269888150,923806249,1089671869
dimwishlist:item=2599520828&perks=3666208348,269888150,923806249,3201496230
dimwishlist:item=2599520828&perks=3666208348,269888150,923806249,3708227201
dimwishlist:item=2599520828&perks=3666208348,269888150,2244851822,1089671869
dimwishlist:item=2599520828&perks=3666208348,269888150,2244851822,3201496230
dimwishlist:item=2599520828&perks=3666208348,269888150,2244851822,3708227201
dimwishlist:item=2599520828&perks=3666208348,269888150,2860991074,1089671869
dimwishlist:item=2599520828&perks=3666208348,269888150,2860991074,3201496230
dimwishlist:item=2599520828&perks=3666208348,269888150,2860991074,3708227201
dimwishlist:item=2599520828&perks=938542991,2349202967,1749209109,1089671869
dimwishlist:item=2599520828&perks=938542991,2349202967,1749209109,3201496230
dimwishlist:item=2599520828&perks=938542991,2349202967,1749209109,3708227201
dimwishlist:item=2599520828&perks=938542991,2349202967,923806249,1089671869
dimwishlist:item=2599520828&perks=938542991,2349202967,923806249,3201496230
dimwishlist:item=2599520828&perks=938542991,2349202967,923806249,3708227201
dimwishlist:item=2599520828&perks=938542991,2349202967,2244851822,1089671869
dimwishlist:item=2599520828&perks=938542991,2349202967,2244851822,3201496230
dimwishlist:item=2599520828&perks=938542991,2349202967,2244851822,3708227201
dimwishlist:item=2599520828&perks=938542991,2349202967,2860991074,1089671869
dimwishlist:item=2599520828&perks=938542991,2349202967,2860991074,3201496230
dimwishlist:item=2599520828&perks=938542991,2349202967,2860991074,3708227201
dimwishlist:item=2599520828&perks=938542991,269888150,1749209109,1089671869
dimwishlist:item=2599520828&perks=938542991,269888150,1749209109,3201496230
dimwishlist:item=2599520828&perks=938542991,269888150,1749209109,3708227201
dimwishlist:item=2599520828&perks=938542991,269888150,923806249,1089671869
dimwishlist:item=2599520828&perks=938542991,269888150,923806249,3201496230
dimwishlist:item=2599520828&perks=938542991,269888150,923806249,3708227201
dimwishlist:item=2599520828&perks=938542991,269888150,2244851822,1089671869
dimwishlist:item=2599520828&perks=938542991,269888150,2244851822,3201496230
dimwishlist:item=2599520828&perks=938542991,269888150,2244851822,3708227201
dimwishlist:item=2599520828&perks=938542991,269888150,2860991074,1089671869
dimwishlist:item=2599520828&perks=938542991,269888150,2860991074,3201496230
dimwishlist:item=2599520828&perks=938542991,269888150,2860991074,3708227201


// Bane of Sorrow ()
dimwishlist:item=2601084711&perks=839105230,1431678320,2048641572,2305480722
dimwishlist:item=2601084711&perks=839105230,1431678320,2048641572,557221067
dimwishlist:item=2601084711&perks=839105230,1431678320,2048641572,2896748467
dimwishlist:item=2601084711&perks=839105230,1431678320,2048641572,657025441
dimwishlist:item=2601084711&perks=839105230,1431678320,2048641572,4196156997
dimwishlist:item=2601084711&perks=839105230,1431678320,1464081238,2305480722
dimwishlist:item=2601084711&perks=839105230,1431678320,1464081238,557221067
dimwishlist:item=2601084711&perks=839105230,1431678320,1464081238,2896748467
dimwishlist:item=2601084711&perks=839105230,1431678320,1464081238,657025441
dimwishlist:item=2601084711&perks=839105230,1431678320,1464081238,4196156997
dimwishlist:item=2601084711&perks=839105230,1431678320,2813913866,2305480722
dimwishlist:item=2601084711&perks=839105230,1431678320,2813913866,557221067
dimwishlist:item=2601084711&perks=839105230,1431678320,2813913866,2896748467
dimwishlist:item=2601084711&perks=839105230,1431678320,2813913866,657025441
dimwishlist:item=2601084711&perks=839105230,1431678320,2813913866,4196156997
dimwishlist:item=2601084711&perks=839105230,1431678320,3182497402,2305480722
dimwishlist:item=2601084711&perks=839105230,1431678320,3182497402,557221067
dimwishlist:item=2601084711&perks=839105230,1431678320,3182497402,2896748467
dimwishlist:item=2601084711&perks=839105230,1431678320,3182497402,657025441
dimwishlist:item=2601084711&perks=839105230,1431678320,3182497402,4196156997
imwishlist:item=2601084711&perks=839105230,1561002382,2048641572,2305480722
dimwishlist:item=2601084711&perks=839105230,1561002382,2048641572,557221067
dimwishlist:item=2601084711&perks=839105230,1561002382,2048641572,2896748467
dimwishlist:item=2601084711&perks=839105230,1561002382,2048641572,657025441
dimwishlist:item=2601084711&perks=839105230,1561002382,2048641572,4196156997
dimwishlist:item=2601084711&perks=839105230,1561002382,1464081238,2305480722
dimwishlist:item=2601084711&perks=839105230,1561002382,1464081238,557221067
dimwishlist:item=2601084711&perks=839105230,1561002382,1464081238,2896748467
dimwishlist:item=2601084711&perks=839105230,1561002382,1464081238,657025441
dimwishlist:item=2601084711&perks=839105230,1561002382,1464081238,4196156997
dimwishlist:item=2601084711&perks=839105230,1561002382,2813913866,2305480722
dimwishlist:item=2601084711&perks=839105230,1561002382,2813913866,557221067
dimwishlist:item=2601084711&perks=839105230,1561002382,2813913866,2896748467
dimwishlist:item=2601084711&perks=839105230,1561002382,2813913866,657025441
dimwishlist:item=2601084711&perks=839105230,1561002382,2813913866,4196156997
dimwishlist:item=2601084711&perks=839105230,1561002382,3182497402,2305480722
dimwishlist:item=2601084711&perks=839105230,1561002382,3182497402,557221067
dimwishlist:item=2601084711&perks=839105230,1561002382,3182497402,2896748467
dimwishlist:item=2601084711&perks=839105230,1561002382,3182497402,657025441
dimwishlist:item=2601084711&perks=839105230,1561002382,3182497402,4196156997
dimwishlist:item=2601084711&perks=1840239774,1431678320,2048641572,2305480722
dimwishlist:item=2601084711&perks=1840239774,1431678320,2048641572,557221067
dimwishlist:item=2601084711&perks=1840239774,1431678320,2048641572,2896748467
dimwishlist:item=2601084711&perks=1840239774,1431678320,2048641572,657025441
dimwishlist:item=2601084711&perks=1840239774,1431678320,2048641572,4196156997
dimwishlist:item=2601084711&perks=1840239774,1431678320,1464081238,2305480722
dimwishlist:item=2601084711&perks=1840239774,1431678320,1464081238,557221067
dimwishlist:item=2601084711&perks=1840239774,1431678320,1464081238,2896748467
dimwishlist:item=2601084711&perks=1840239774,1431678320,1464081238,657025441
dimwishlist:item=2601084711&perks=1840239774,1431678320,1464081238,4196156997
dimwishlist:item=2601084711&perks=1840239774,1431678320,2813913866,2305480722
dimwishlist:item=2601084711&perks=1840239774,1431678320,2813913866,557221067
dimwishlist:item=2601084711&perks=1840239774,1431678320,2813913866,2896748467
dimwishlist:item=2601084711&perks=1840239774,1431678320,2813913866,657025441
dimwishlist:item=2601084711&perks=1840239774,1431678320,2813913866,4196156997
dimwishlist:item=2601084711&perks=1840239774,1431678320,3182497402,2305480722
dimwishlist:item=2601084711&perks=1840239774,1431678320,3182497402,557221067
dimwishlist:item=2601084711&perks=1840239774,1431678320,3182497402,2896748467
dimwishlist:item=2601084711&perks=1840239774,1431678320,3182497402,657025441
dimwishlist:item=2601084711&perks=1840239774,1431678320,3182497402,4196156997
imwishlist:item=2601084711&perks=1840239774,1561002382,2048641572,2305480722
dimwishlist:item=2601084711&perks=1840239774,1561002382,2048641572,557221067
dimwishlist:item=2601084711&perks=1840239774,1561002382,2048641572,2896748467
dimwishlist:item=2601084711&perks=1840239774,1561002382,2048641572,657025441
dimwishlist:item=2601084711&perks=1840239774,1561002382,2048641572,4196156997
dimwishlist:item=2601084711&perks=1840239774,1561002382,1464081238,2305480722
dimwishlist:item=2601084711&perks=1840239774,1561002382,1464081238,557221067
dimwishlist:item=2601084711&perks=1840239774,1561002382,1464081238,2896748467
dimwishlist:item=2601084711&perks=1840239774,1561002382,1464081238,657025441
dimwishlist:item=2601084711&perks=1840239774,1561002382,1464081238,4196156997
dimwishlist:item=2601084711&perks=1840239774,1561002382,2813913866,2305480722
dimwishlist:item=2601084711&perks=1840239774,1561002382,2813913866,557221067
dimwishlist:item=2601084711&perks=1840239774,1561002382,2813913866,2896748467
dimwishlist:item=2601084711&perks=1840239774,1561002382,2813913866,657025441
dimwishlist:item=2601084711&perks=1840239774,1561002382,2813913866,4196156997
dimwishlist:item=2601084711&perks=1840239774,1561002382,3182497402,2305480722
dimwishlist:item=2601084711&perks=1840239774,1561002382,3182497402,557221067
dimwishlist:item=2601084711&perks=1840239774,1561002382,3182497402,2896748467
dimwishlist:item=2601084711&perks=1840239774,1561002382,3182497402,657025441
dimwishlist:item=2601084711&perks=1840239774,1561002382,3182497402,4196156997


// Empirical Evidence ()
dimwishlist:item=2607304614&perks=1840239774,1431678320,3828510309,3891536761
dimwishlist:item=2607304614&perks=1840239774,1431678320,1771736209,3891536761
imwishlist:item=2607304614&perks=1840239774,1561002382,3828510309,3891536761
dimwishlist:item=2607304614&perks=1840239774,1561002382,1771736209,3891536761


// Fortunate Star ()
dimwishlist:item=2631466936&perks=2801223209,16392701,2360347339,2048641572
dimwishlist:item=2631466936&perks=2801223209,16392701,2360347339,1464081238
dimwishlist:item=2631466936&perks=2801223209,16392701,2360347339,2813913866
dimwishlist:item=2631466936&perks=2801223209,16392701,2360347339,3414324643
dimwishlist:item=2631466936&perks=2801223209,16392701,2360347339,2662236651
dimwishlist:item=2631466936&perks=2801223209,16392701,4096144819,2048641572
dimwishlist:item=2631466936&perks=2801223209,16392701,4096144819,1464081238
dimwishlist:item=2631466936&perks=2801223209,16392701,4096144819,2813913866
dimwishlist:item=2631466936&perks=2801223209,16392701,4096144819,3414324643
dimwishlist:item=2631466936&perks=2801223209,16392701,4096144819,2662236651
dimwishlist:item=2631466936&perks=2801223209,16392701,2848615171,2048641572
dimwishlist:item=2631466936&perks=2801223209,16392701,2848615171,1464081238
dimwishlist:item=2631466936&perks=2801223209,16392701,2848615171,2813913866
dimwishlist:item=2631466936&perks=2801223209,16392701,2848615171,3414324643
dimwishlist:item=2631466936&perks=2801223209,16392701,2848615171,2662236651
dimwishlist:item=2631466936&perks=2801223209,16392701,169755979,2048641572
dimwishlist:item=2631466936&perks=2801223209,16392701,169755979,1464081238
dimwishlist:item=2631466936&perks=2801223209,16392701,169755979,2813913866
dimwishlist:item=2631466936&perks=2801223209,16392701,169755979,3414324643
dimwishlist:item=2631466936&perks=2801223209,16392701,169755979,2662236651
dimwishlist:item=2631466936&perks=2801223209,16392701,776531651,2048641572
dimwishlist:item=2631466936&perks=2801223209,16392701,776531651,1464081238
dimwishlist:item=2631466936&perks=2801223209,16392701,776531651,2813913866
dimwishlist:item=2631466936&perks=2801223209,16392701,776531651,3414324643
dimwishlist:item=2631466936&perks=2801223209,16392701,776531651,2662236651


// Nature Reclaimed ()
dimwishlist:item=2639921391&perks=1840239774,1431678320,3017780555,3038247973
dimwishlist:item=2639921391&perks=1840239774,1431678320,3017780555,64866129
dimwishlist:item=2639921391&perks=1840239774,1431678320,3017780555,4293542123
dimwishlist:item=2639921391&perks=1840239774,1431678320,3700496672,3038247973
dimwishlist:item=2639921391&perks=1840239774,1431678320,3700496672,64866129
dimwishlist:item=2639921391&perks=1840239774,1431678320,3700496672,4293542123

// Compact Defender ()
dimwishlist:item=2659286158&perks=1840239774,1080094173,2048641572,776531651,3713579091
dimwishlist:item=2659286158&perks=1840239774,1080094173,2048641572,776531651,2671305723
dimwishlist:item=2659286158&perks=1840239774,2126519017,2048641572,776531651,3713579091
dimwishlist:item=2659286158&perks=1840239774,2126519017,2048641572,776531651,2671305723


// High Albedo ()
dimwishlist:item=2662459958&perks=1478423395,106909392,2289534249,3891536761
dimwishlist:item=2662459958&perks=1478423395,106909392,2289534249,1202584452
dimwishlist:item=2662459958&perks=1478423395,106909392,2289534249,2138673996
dimwishlist:item=2662459958&perks=1478423395,106909392,2289534249,1226351311
dimwishlist:item=2662459958&perks=1478423395,106909392,1556840489,3891536761
dimwishlist:item=2662459958&perks=1478423395,106909392,1556840489,1202584452
dimwishlist:item=2662459958&perks=1478423395,106909392,1556840489,2138673996
dimwishlist:item=2662459958&perks=1478423395,106909392,1556840489,1226351311
dimwishlist:item=2662459958&perks=1478423395,106909392,1517798362,3891536761
dimwishlist:item=2662459958&perks=1478423395,106909392,1517798362,1202584452
dimwishlist:item=2662459958&perks=1478423395,106909392,1517798362,2138673996
dimwishlist:item=2662459958&perks=1478423395,106909392,1517798362,1226351311
dimwishlist:item=2662459958&perks=3525010810,106909392,2289534249,3891536761
dimwishlist:item=2662459958&perks=3525010810,106909392,2289534249,1202584452
dimwishlist:item=2662459958&perks=3525010810,106909392,2289534249,2138673996
dimwishlist:item=2662459958&perks=3525010810,106909392,2289534249,1226351311
dimwishlist:item=2662459958&perks=3525010810,106909392,1556840489,3891536761
dimwishlist:item=2662459958&perks=3525010810,106909392,1556840489,1202584452
dimwishlist:item=2662459958&perks=3525010810,106909392,1556840489,2138673996
dimwishlist:item=2662459958&perks=3525010810,106909392,1556840489,1226351311
dimwishlist:item=2662459958&perks=3525010810,106909392,1517798362,3891536761
dimwishlist:item=2662459958&perks=3525010810,106909392,1517798362,1202584452
dimwishlist:item=2662459958&perks=3525010810,106909392,1517798362,2138673996
dimwishlist:item=2662459958&perks=3525010810,106909392,1517798362,1226351311


// Lotus-Eater (Adept) ()
dimwishlist:item=2697143634&perks=1478423395,1431678320,776531651,2048641572
dimwishlist:item=2697143634&perks=1478423395,1431678320,776531651,1134488199
dimwishlist:item=2697143634&perks=1478423395,1431678320,3700496672,2048641572
dimwishlist:item=2697143634&perks=1478423395,1431678320,3700496672,1134488199
imwishlist:item=2697143634&perks=3525010810,1431678320,776531651,2048641572
dimwishlist:item=2697143634&perks=3525010810,1431678320,776531651,1134488199
dimwishlist:item=2697143634&perks=3525010810,1431678320,3700496672,2048641572
dimwishlist:item=2697143634&perks=3525010810,1431678320,3700496672,1134488199

// Night Terror ()
dimwishlist:item=2729232863&perks=3666208348,2349202967,2077819806,654512643
dimwishlist:item=2729232863&perks=3666208348,2349202967,2077819806,4065965131
dimwishlist:item=2729232863&perks=3666208348,2349202967,2077819806,3764420437
dimwishlist:item=2729232863&perks=3666208348,2349202967,2077819806,1089671869
dimwishlist:item=2729232863&perks=3666208348,2349202967,1749209109,654512643
dimwishlist:item=2729232863&perks=3666208348,2349202967,1749209109,4065965131
dimwishlist:item=2729232863&perks=3666208348,2349202967,1749209109,3764420437
dimwishlist:item=2729232863&perks=3666208348,2349202967,1749209109,1089671869
dimwishlist:item=2729232863&perks=3666208348,2349202967,2244851822,654512643
dimwishlist:item=2729232863&perks=3666208348,2349202967,2244851822,4065965131
dimwishlist:item=2729232863&perks=3666208348,2349202967,2244851822,3764420437
dimwishlist:item=2729232863&perks=3666208348,2349202967,2244851822,1089671869
dimwishlist:item=2729232863&perks=3666208348,2349202967,2860991074,654512643
dimwishlist:item=2729232863&perks=3666208348,2349202967,2860991074,4065965131
dimwishlist:item=2729232863&perks=3666208348,2349202967,2860991074,3764420437
dimwishlist:item=2729232863&perks=3666208348,2349202967,2860991074,1089671869
dimwishlist:item=2729232863&perks=3666208348,269888150,2077819806,654512643
dimwishlist:item=2729232863&perks=3666208348,269888150,2077819806,4065965131
dimwishlist:item=2729232863&perks=3666208348,269888150,2077819806,3764420437
dimwishlist:item=2729232863&perks=3666208348,269888150,2077819806,1089671869
dimwishlist:item=2729232863&perks=3666208348,269888150,1749209109,654512643
dimwishlist:item=2729232863&perks=3666208348,269888150,1749209109,4065965131
dimwishlist:item=2729232863&perks=3666208348,269888150,1749209109,3764420437
dimwishlist:item=2729232863&perks=3666208348,269888150,1749209109,1089671869
dimwishlist:item=2729232863&perks=3666208348,269888150,2244851822,654512643
dimwishlist:item=2729232863&perks=3666208348,269888150,2244851822,4065965131
dimwishlist:item=2729232863&perks=3666208348,269888150,2244851822,3764420437
dimwishlist:item=2729232863&perks=3666208348,269888150,2244851822,1089671869
dimwishlist:item=2729232863&perks=3666208348,269888150,2860991074,654512643
dimwishlist:item=2729232863&perks=3666208348,269888150,2860991074,4065965131
dimwishlist:item=2729232863&perks=3666208348,269888150,2860991074,3764420437
dimwishlist:item=2729232863&perks=3666208348,269888150,2860991074,1089671869
dimwishlist:item=2729232863&perks=938542991,2349202967,2077819806,654512643
dimwishlist:item=2729232863&perks=938542991,2349202967,2077819806,4065965131
dimwishlist:item=2729232863&perks=938542991,2349202967,2077819806,3764420437
dimwishlist:item=2729232863&perks=938542991,2349202967,2077819806,1089671869
dimwishlist:item=2729232863&perks=938542991,2349202967,1749209109,654512643
dimwishlist:item=2729232863&perks=938542991,2349202967,1749209109,4065965131
dimwishlist:item=2729232863&perks=938542991,2349202967,1749209109,3764420437
dimwishlist:item=2729232863&perks=938542991,2349202967,1749209109,1089671869
dimwishlist:item=2729232863&perks=938542991,2349202967,2244851822,654512643
dimwishlist:item=2729232863&perks=938542991,2349202967,2244851822,4065965131
dimwishlist:item=2729232863&perks=938542991,2349202967,2244851822,3764420437
dimwishlist:item=2729232863&perks=938542991,2349202967,2244851822,1089671869
dimwishlist:item=2729232863&perks=938542991,2349202967,2860991074,654512643
dimwishlist:item=2729232863&perks=938542991,2349202967,2860991074,4065965131
dimwishlist:item=2729232863&perks=938542991,2349202967,2860991074,3764420437
dimwishlist:item=2729232863&perks=938542991,2349202967,2860991074,1089671869
dimwishlist:item=2729232863&perks=938542991,269888150,2077819806,654512643
dimwishlist:item=2729232863&perks=938542991,269888150,2077819806,4065965131
dimwishlist:item=2729232863&perks=938542991,269888150,2077819806,3764420437
dimwishlist:item=2729232863&perks=938542991,269888150,2077819806,1089671869
dimwishlist:item=2729232863&perks=938542991,269888150,1749209109,654512643
dimwishlist:item=2729232863&perks=938542991,269888150,1749209109,4065965131
dimwishlist:item=2729232863&perks=938542991,269888150,1749209109,3764420437
dimwishlist:item=2729232863&perks=938542991,269888150,1749209109,1089671869
dimwishlist:item=2729232863&perks=938542991,269888150,2244851822,654512643
dimwishlist:item=2729232863&perks=938542991,269888150,2244851822,4065965131
dimwishlist:item=2729232863&perks=938542991,269888150,2244851822,3764420437
dimwishlist:item=2729232863&perks=938542991,269888150,2244851822,1089671869
dimwishlist:item=2729232863&perks=938542991,269888150,2860991074,654512643
dimwishlist:item=2729232863&perks=938542991,269888150,2860991074,4065965131
dimwishlist:item=2729232863&perks=938542991,269888150,2860991074,3764420437
dimwishlist:item=2729232863&perks=938542991,269888150,2860991074,1089671869


// Terminus Horizon ()
dimwishlist:item=2730671571&perks=839105230,2420895100,3523296417,557221067
dimwishlist:item=2730671571&perks=839105230,2420895100,3523296417,2896748467
dimwishlist:item=2730671571&perks=839105230,2420895100,3523296417,555281244
dimwishlist:item=2730671571&perks=839105230,2420895100,3523296417,332733060
dimwishlist:item=2730671571&perks=839105230,2420895100,3523296417,3966416502
dimwishlist:item=2730671571&perks=839105230,2420895100,2848615171,557221067
dimwishlist:item=2730671571&perks=839105230,2420895100,2848615171,2896748467
dimwishlist:item=2730671571&perks=839105230,2420895100,2848615171,555281244
dimwishlist:item=2730671571&perks=839105230,2420895100,2848615171,332733060
dimwishlist:item=2730671571&perks=839105230,2420895100,2848615171,3966416502
dimwishlist:item=2730671571&perks=839105230,2420895100,169755979,557221067
dimwishlist:item=2730671571&perks=839105230,2420895100,169755979,2896748467
dimwishlist:item=2730671571&perks=839105230,2420895100,169755979,555281244
dimwishlist:item=2730671571&perks=839105230,2420895100,169755979,332733060
dimwishlist:item=2730671571&perks=839105230,2420895100,169755979,3966416502
dimwishlist:item=2730671571&perks=839105230,1431678320,3523296417,557221067
dimwishlist:item=2730671571&perks=839105230,1431678320,3523296417,2896748467
dimwishlist:item=2730671571&perks=839105230,1431678320,3523296417,555281244
dimwishlist:item=2730671571&perks=839105230,1431678320,3523296417,332733060
dimwishlist:item=2730671571&perks=839105230,1431678320,3523296417,3966416502
dimwishlist:item=2730671571&perks=839105230,1431678320,2848615171,557221067
dimwishlist:item=2730671571&perks=839105230,1431678320,2848615171,2896748467
dimwishlist:item=2730671571&perks=839105230,1431678320,2848615171,555281244
dimwishlist:item=2730671571&perks=839105230,1431678320,2848615171,332733060
dimwishlist:item=2730671571&perks=839105230,1431678320,2848615171,3966416502
dimwishlist:item=2730671571&perks=839105230,1431678320,169755979,557221067
dimwishlist:item=2730671571&perks=839105230,1431678320,169755979,2896748467
dimwishlist:item=2730671571&perks=839105230,1431678320,169755979,555281244
dimwishlist:item=2730671571&perks=839105230,1431678320,169755979,332733060
dimwishlist:item=2730671571&perks=839105230,1431678320,169755979,3966416502
imwishlist:item=2730671571&perks=839105230,1561002382,3523296417,557221067
dimwishlist:item=2730671571&perks=839105230,1561002382,3523296417,2896748467
dimwishlist:item=2730671571&perks=839105230,1561002382,3523296417,555281244
dimwishlist:item=2730671571&perks=839105230,1561002382,3523296417,332733060
dimwishlist:item=2730671571&perks=839105230,1561002382,3523296417,3966416502
dimwishlist:item=2730671571&perks=839105230,1561002382,2848615171,557221067
dimwishlist:item=2730671571&perks=839105230,1561002382,2848615171,2896748467
dimwishlist:item=2730671571&perks=839105230,1561002382,2848615171,555281244
dimwishlist:item=2730671571&perks=839105230,1561002382,2848615171,332733060
dimwishlist:item=2730671571&perks=839105230,1561002382,2848615171,3966416502
dimwishlist:item=2730671571&perks=839105230,1561002382,169755979,557221067
dimwishlist:item=2730671571&perks=839105230,1561002382,169755979,2896748467
dimwishlist:item=2730671571&perks=839105230,1561002382,169755979,555281244
dimwishlist:item=2730671571&perks=839105230,1561002382,169755979,332733060
dimwishlist:item=2730671571&perks=839105230,1561002382,169755979,3966416502
dimwishlist:item=2730671571&perks=1840239774,2420895100,3523296417,557221067
dimwishlist:item=2730671571&perks=1840239774,2420895100,3523296417,2896748467
dimwishlist:item=2730671571&perks=1840239774,2420895100,3523296417,555281244
dimwishlist:item=2730671571&perks=1840239774,2420895100,3523296417,332733060
dimwishlist:item=2730671571&perks=1840239774,2420895100,3523296417,3966416502
dimwishlist:item=2730671571&perks=1840239774,2420895100,2848615171,557221067
dimwishlist:item=2730671571&perks=1840239774,2420895100,2848615171,2896748467
dimwishlist:item=2730671571&perks=1840239774,2420895100,2848615171,555281244
dimwishlist:item=2730671571&perks=1840239774,2420895100,2848615171,332733060
dimwishlist:item=2730671571&perks=1840239774,2420895100,2848615171,3966416502
dimwishlist:item=2730671571&perks=1840239774,2420895100,169755979,557221067
dimwishlist:item=2730671571&perks=1840239774,2420895100,169755979,2896748467
dimwishlist:item=2730671571&perks=1840239774,2420895100,169755979,555281244
dimwishlist:item=2730671571&perks=1840239774,2420895100,169755979,332733060
dimwishlist:item=2730671571&perks=1840239774,2420895100,169755979,3966416502
dimwishlist:item=2730671571&perks=1840239774,1431678320,3523296417,557221067
dimwishlist:item=2730671571&perks=1840239774,1431678320,3523296417,2896748467
dimwishlist:item=2730671571&perks=1840239774,1431678320,3523296417,555281244
dimwishlist:item=2730671571&perks=1840239774,1431678320,3523296417,332733060
dimwishlist:item=2730671571&perks=1840239774,1431678320,3523296417,3966416502
dimwishlist:item=2730671571&perks=1840239774,1431678320,2848615171,557221067
dimwishlist:item=2730671571&perks=1840239774,1431678320,2848615171,2896748467
dimwishlist:item=2730671571&perks=1840239774,1431678320,2848615171,555281244
dimwishlist:item=2730671571&perks=1840239774,1431678320,2848615171,332733060
dimwishlist:item=2730671571&perks=1840239774,1431678320,2848615171,3966416502
dimwishlist:item=2730671571&perks=1840239774,1431678320,169755979,557221067
dimwishlist:item=2730671571&perks=1840239774,1431678320,169755979,2896748467
dimwishlist:item=2730671571&perks=1840239774,1431678320,169755979,555281244
dimwishlist:item=2730671571&perks=1840239774,1431678320,169755979,332733060
dimwishlist:item=2730671571&perks=1840239774,1431678320,169755979,3966416502
imwishlist:item=2730671571&perks=1840239774,1561002382,3523296417,557221067
dimwishlist:item=2730671571&perks=1840239774,1561002382,3523296417,2896748467
dimwishlist:item=2730671571&perks=1840239774,1561002382,3523296417,555281244
dimwishlist:item=2730671571&perks=1840239774,1561002382,3523296417,332733060
dimwishlist:item=2730671571&perks=1840239774,1561002382,3523296417,3966416502
dimwishlist:item=2730671571&perks=1840239774,1561002382,2848615171,557221067
dimwishlist:item=2730671571&perks=1840239774,1561002382,2848615171,2896748467
dimwishlist:item=2730671571&perks=1840239774,1561002382,2848615171,555281244
dimwishlist:item=2730671571&perks=1840239774,1561002382,2848615171,332733060
dimwishlist:item=2730671571&perks=1840239774,1561002382,2848615171,3966416502
dimwishlist:item=2730671571&perks=1840239774,1561002382,169755979,557221067
dimwishlist:item=2730671571&perks=1840239774,1561002382,169755979,2896748467
dimwishlist:item=2730671571&perks=1840239774,1561002382,169755979,555281244
dimwishlist:item=2730671571&perks=1840239774,1561002382,169755979,332733060
dimwishlist:item=2730671571&perks=1840239774,1561002382,169755979,3966416502


// Succession ()
dimwishlist:item=2731922624&perks=1840239774,2420895100,3891536761,2305480722
dimwishlist:item=2731922624&perks=1840239774,2420895100,3891536761,469285294
dimwishlist:item=2731922624&perks=1840239774,2420895100,3891536761,3335686050
dimwishlist:item=2731922624&perks=1840239774,2420895100,3891536761,3764420437
dimwishlist:item=2731922624&perks=1840239774,2420895100,438098033,2305480722
dimwishlist:item=2731922624&perks=1840239774,2420895100,438098033,469285294
dimwishlist:item=2731922624&perks=1840239774,2420895100,438098033,3335686050
dimwishlist:item=2731922624&perks=1840239774,2420895100,438098033,3764420437
dimwishlist:item=2731922624&perks=1840239774,2420895100,2748801589,2305480722
dimwishlist:item=2731922624&perks=1840239774,2420895100,2748801589,469285294
dimwishlist:item=2731922624&perks=1840239774,2420895100,2748801589,3335686050
dimwishlist:item=2731922624&perks=1840239774,2420895100,2748801589,3764420437
dimwishlist:item=2731922624&perks=1840239774,2420895100,3523296417,2305480722
dimwishlist:item=2731922624&perks=1840239774,2420895100,3523296417,469285294
dimwishlist:item=2731922624&perks=1840239774,2420895100,3523296417,3335686050
dimwishlist:item=2731922624&perks=1840239774,2420895100,3523296417,3764420437


// Cold Comfort ()
dimwishlist:item=2760833884&perks=3525010810,3796465595,3987942396,3078487919
dimwishlist:item=2760833884&perks=3525010810,3796465595,3987942396,1439600632
dimwishlist:item=2760833884&perks=3525010810,3796465595,3987942396,1089671869


// A Sudden Death (Adept) ()
dimwishlist:item=2764074355&perks=1300023272,791862061,2679249093,3201496230
dimwishlist:item=2764074355&perks=1300023272,791862061,2679249093,2360754333
dimwishlist:item=2764074355&perks=1300023272,791862061,3978468247,3201496230
dimwishlist:item=2764074355&perks=1300023272,791862061,3978468247,2360754333
dimwishlist:item=2764074355&perks=1300023272,1488599449,2679249093,3201496230
dimwishlist:item=2764074355&perks=1300023272,1488599449,2679249093,2360754333
dimwishlist:item=2764074355&perks=1300023272,1488599449,3978468247,3201496230
dimwishlist:item=2764074355&perks=1300023272,1488599449,3978468247,2360754333


// M-17 "Fast Talker" ()
dimwishlist:item=2770035786&perks=839105230,1080094173,243981275,2922950962,3713579091
dimwishlist:item=2770035786&perks=839105230,1080094173,243981275,2922950962,2671305723
dimwishlist:item=2770035786&perks=839105230,2126519017,243981275,2922950962,3713579091
dimwishlist:item=2770035786&perks=839105230,2126519017,243981275,2922950962,2671305723
dimwishlist:item=2770035786&perks=1840239774,1080094173,243981275,2922950962,3713579091
dimwishlist:item=2770035786&perks=1840239774,1080094173,243981275,2922950962,2671305723
dimwishlist:item=2770035786&perks=1840239774,2126519017,243981275,2922950962,3713579091
dimwishlist:item=2770035786&perks=1840239774,2126519017,243981275,2922950962,2671305723


// Dawn Far Off ()
dimwishlist:item=2770617440&perks=839105230,1561002382,2890807135,4293542123
dimwishlist:item=2770617440&perks=839105230,1561002382,2890807135,657025441
dimwishlist:item=2770617440&perks=839105230,1561002382,2890807135,4196156997
dimwishlist:item=2770617440&perks=839105230,1561002382,2890807135,3201496230
dimwishlist:item=2770617440&perks=839105230,1561002382,1820235745,4293542123
dimwishlist:item=2770617440&perks=839105230,1561002382,1820235745,657025441
dimwishlist:item=2770617440&perks=839105230,1561002382,1820235745,4196156997
dimwishlist:item=2770617440&perks=839105230,1561002382,1820235745,3201496230
dimwishlist:item=2770617440&perks=839105230,1561002382,4245865861,4293542123
dimwishlist:item=2770617440&perks=839105230,1561002382,4245865861,657025441
dimwishlist:item=2770617440&perks=839105230,1561002382,4245865861,4196156997
dimwishlist:item=2770617440&perks=839105230,1561002382,4245865861,3201496230
dimwishlist:item=2770617440&perks=839105230,1561002382,2360347339,4293542123
dimwishlist:item=2770617440&perks=839105230,1561002382,2360347339,657025441
dimwishlist:item=2770617440&perks=839105230,1561002382,2360347339,4196156997
dimwishlist:item=2770617440&perks=839105230,1561002382,2360347339,3201496230
dimwishlist:item=2770617440&perks=839105230,1561002382,4096144819,4293542123
dimwishlist:item=2770617440&perks=839105230,1561002382,4096144819,657025441
dimwishlist:item=2770617440&perks=839105230,1561002382,4096144819,4196156997
dimwishlist:item=2770617440&perks=839105230,1561002382,4096144819,3201496230
dimwishlist:item=2770617440&perks=839105230,1431678320,2890807135,4293542123
dimwishlist:item=2770617440&perks=839105230,1431678320,2890807135,657025441
dimwishlist:item=2770617440&perks=839105230,1431678320,2890807135,4196156997
dimwishlist:item=2770617440&perks=839105230,1431678320,2890807135,3201496230
dimwishlist:item=2770617440&perks=839105230,1431678320,1820235745,4293542123
dimwishlist:item=2770617440&perks=839105230,1431678320,1820235745,657025441
dimwishlist:item=2770617440&perks=839105230,1431678320,1820235745,4196156997
dimwishlist:item=2770617440&perks=839105230,1431678320,1820235745,3201496230
dimwishlist:item=2770617440&perks=839105230,1431678320,4245865861,4293542123
dimwishlist:item=2770617440&perks=839105230,1431678320,4245865861,657025441
dimwishlist:item=2770617440&perks=839105230,1431678320,4245865861,4196156997
dimwishlist:item=2770617440&perks=839105230,1431678320,4245865861,3201496230
dimwishlist:item=2770617440&perks=839105230,1431678320,2360347339,4293542123
dimwishlist:item=2770617440&perks=839105230,1431678320,2360347339,657025441
dimwishlist:item=2770617440&perks=839105230,1431678320,2360347339,4196156997
dimwishlist:item=2770617440&perks=839105230,1431678320,2360347339,3201496230
dimwishlist:item=2770617440&perks=839105230,1431678320,4096144819,4293542123
dimwishlist:item=2770617440&perks=839105230,1431678320,4096144819,657025441
dimwishlist:item=2770617440&perks=839105230,1431678320,4096144819,4196156997
dimwishlist:item=2770617440&perks=839105230,1431678320,4096144819,3201496230
imwishlist:item=2770617440&perks=1840239774,1561002382,2890807135,4293542123
dimwishlist:item=2770617440&perks=1840239774,1561002382,2890807135,657025441
dimwishlist:item=2770617440&perks=1840239774,1561002382,2890807135,4196156997
dimwishlist:item=2770617440&perks=1840239774,1561002382,2890807135,3201496230
dimwishlist:item=2770617440&perks=1840239774,1561002382,1820235745,4293542123
dimwishlist:item=2770617440&perks=1840239774,1561002382,1820235745,657025441
dimwishlist:item=2770617440&perks=1840239774,1561002382,1820235745,4196156997
dimwishlist:item=2770617440&perks=1840239774,1561002382,1820235745,3201496230
dimwishlist:item=2770617440&perks=1840239774,1561002382,4245865861,4293542123
dimwishlist:item=2770617440&perks=1840239774,1561002382,4245865861,657025441
dimwishlist:item=2770617440&perks=1840239774,1561002382,4245865861,4196156997
dimwishlist:item=2770617440&perks=1840239774,1561002382,4245865861,3201496230
dimwishlist:item=2770617440&perks=1840239774,1561002382,2360347339,4293542123
dimwishlist:item=2770617440&perks=1840239774,1561002382,2360347339,657025441
dimwishlist:item=2770617440&perks=1840239774,1561002382,2360347339,4196156997
dimwishlist:item=2770617440&perks=1840239774,1561002382,2360347339,3201496230
dimwishlist:item=2770617440&perks=1840239774,1561002382,4096144819,4293542123
dimwishlist:item=2770617440&perks=1840239774,1561002382,4096144819,657025441
dimwishlist:item=2770617440&perks=1840239774,1561002382,4096144819,4196156997
dimwishlist:item=2770617440&perks=1840239774,1561002382,4096144819,3201496230
dimwishlist:item=2770617440&perks=1840239774,1431678320,2890807135,4293542123
dimwishlist:item=2770617440&perks=1840239774,1431678320,2890807135,657025441
dimwishlist:item=2770617440&perks=1840239774,1431678320,2890807135,4196156997
dimwishlist:item=2770617440&perks=1840239774,1431678320,2890807135,3201496230
dimwishlist:item=2770617440&perks=1840239774,1431678320,1820235745,4293542123
dimwishlist:item=2770617440&perks=1840239774,1431678320,1820235745,657025441
dimwishlist:item=2770617440&perks=1840239774,1431678320,1820235745,4196156997
dimwishlist:item=2770617440&perks=1840239774,1431678320,1820235745,3201496230
dimwishlist:item=2770617440&perks=1840239774,1431678320,4245865861,4293542123
dimwishlist:item=2770617440&perks=1840239774,1431678320,4245865861,657025441
dimwishlist:item=2770617440&perks=1840239774,1431678320,4245865861,4196156997
dimwishlist:item=2770617440&perks=1840239774,1431678320,4245865861,3201496230
dimwishlist:item=2770617440&perks=1840239774,1431678320,2360347339,4293542123
dimwishlist:item=2770617440&perks=1840239774,1431678320,2360347339,657025441
dimwishlist:item=2770617440&perks=1840239774,1431678320,2360347339,4196156997
dimwishlist:item=2770617440&perks=1840239774,1431678320,2360347339,3201496230
dimwishlist:item=2770617440&perks=1840239774,1431678320,4096144819,4293542123
dimwishlist:item=2770617440&perks=1840239774,1431678320,4096144819,657025441
dimwishlist:item=2770617440&perks=1840239774,1431678320,4096144819,4196156997
dimwishlist:item=2770617440&perks=1840239774,1431678320,4096144819,3201496230

// Terciopelo-4bl ()
dimwishlist:item=2775462168&perks=2827049491,2349202967,2077819806,3640170453
dimwishlist:item=2775462168&perks=2827049491,2349202967,2077819806,3913600130
dimwishlist:item=2775462168&perks=2827049491,2349202967,2077819806,4293542123
dimwishlist:item=2775462168&perks=2827049491,2349202967,2890807135,3640170453
dimwishlist:item=2775462168&perks=2827049491,2349202967,2890807135,3913600130
dimwishlist:item=2775462168&perks=2827049491,2349202967,2890807135,4293542123
dimwishlist:item=2775462168&perks=2827049491,269888150,2077819806,3640170453
dimwishlist:item=2775462168&perks=2827049491,269888150,2077819806,3913600130
dimwishlist:item=2775462168&perks=2827049491,269888150,2077819806,4293542123
dimwishlist:item=2775462168&perks=2827049491,269888150,2890807135,3640170453
dimwishlist:item=2775462168&perks=2827049491,269888150,2890807135,3913600130
dimwishlist:item=2775462168&perks=2827049491,269888150,2890807135,4293542123


// Exalted Truth ()
dimwishlist:item=2776092653&perks=1840239774,1431678320,2048641572,776531651
dimwishlist:item=2776092653&perks=1840239774,1431678320,1134488199,776531651

// Compact Defender ()
dimwishlist:item=2819552809&perks=1840239774,1080094173,2048641572,776531651
dimwishlist:item=2819552809&perks=1840239774,2126519017,2048641572,776531651


// Cynosure ()
dimwishlist:item=2827141087&perks=3525010810,3796465595,1523832109,1439600632
dimwishlist:item=2827141087&perks=3525010810,3796465595,1523832109,3764420437
dimwishlist:item=2827141087&perks=3525010810,3796465595,1523832109,3078487919
dimwishlist:item=2827141087&perks=3525010810,3796465595,3987942396,1439600632
dimwishlist:item=2827141087&perks=3525010810,3796465595,3987942396,3764420437
dimwishlist:item=2827141087&perks=3525010810,3796465595,3987942396,3078487919


// Path of Least Resistance ()
dimwishlist:item=2827764482&perks=1840239774,2749775325,3700496672,2173046394
dimwishlist:item=2827764482&perks=1840239774,2749775325,1048183818,2173046394
dimwishlist:item=2827764482&perks=1840239774,2749775325,3431277734,2173046394
dimwishlist:item=2827764482&perks=1840239774,2073750249,3700496672,2173046394
dimwishlist:item=2827764482&perks=1840239774,2073750249,1048183818,2173046394
dimwishlist:item=2827764482&perks=1840239774,2073750249,3431277734,2173046394


// Song of Ir Yût ()
dimwishlist:item=2828278545&perks=839105230,1431678320,3523296417,3751912585
dimwishlist:item=2828278545&perks=839105230,1431678320,3523296417,2305480722
dimwishlist:item=2828278545&perks=839105230,1431678320,3523296417,3081867624
dimwishlist:item=2828278545&perks=839105230,1431678320,3108830275,3751912585
dimwishlist:item=2828278545&perks=839105230,1431678320,3108830275,2305480722
dimwishlist:item=2828278545&perks=839105230,1431678320,3108830275,3081867624
dimwishlist:item=2828278545&perks=839105230,1431678320,3966416502,3751912585
dimwishlist:item=2828278545&perks=839105230,1431678320,3966416502,2305480722
dimwishlist:item=2828278545&perks=839105230,1431678320,3966416502,3081867624
imwishlist:item=2828278545&perks=839105230,2420895100,3523296417,3751912585
dimwishlist:item=2828278545&perks=839105230,2420895100,3523296417,2305480722
dimwishlist:item=2828278545&perks=839105230,2420895100,3523296417,3081867624
dimwishlist:item=2828278545&perks=839105230,2420895100,3108830275,3751912585
dimwishlist:item=2828278545&perks=839105230,2420895100,3108830275,2305480722
dimwishlist:item=2828278545&perks=839105230,2420895100,3108830275,3081867624
dimwishlist:item=2828278545&perks=839105230,2420895100,3966416502,3751912585
dimwishlist:item=2828278545&perks=839105230,2420895100,3966416502,2305480722
dimwishlist:item=2828278545&perks=839105230,2420895100,3966416502,3081867624
dimwishlist:item=2828278545&perks=1840239774,1431678320,3523296417,3751912585
dimwishlist:item=2828278545&perks=1840239774,1431678320,3523296417,2305480722
dimwishlist:item=2828278545&perks=1840239774,1431678320,3523296417,3081867624
dimwishlist:item=2828278545&perks=1840239774,1431678320,3108830275,3751912585
dimwishlist:item=2828278545&perks=1840239774,1431678320,3108830275,2305480722
dimwishlist:item=2828278545&perks=1840239774,1431678320,3108830275,3081867624
dimwishlist:item=2828278545&perks=1840239774,1431678320,3966416502,3751912585
dimwishlist:item=2828278545&perks=1840239774,1431678320,3966416502,2305480722
dimwishlist:item=2828278545&perks=1840239774,1431678320,3966416502,3081867624
imwishlist:item=2828278545&perks=1840239774,2420895100,3523296417,3751912585
dimwishlist:item=2828278545&perks=1840239774,2420895100,3523296417,2305480722
dimwishlist:item=2828278545&perks=1840239774,2420895100,3523296417,3081867624
dimwishlist:item=2828278545&perks=1840239774,2420895100,3108830275,3751912585
dimwishlist:item=2828278545&perks=1840239774,2420895100,3108830275,2305480722
dimwishlist:item=2828278545&perks=1840239774,2420895100,3108830275,3081867624
dimwishlist:item=2828278545&perks=1840239774,2420895100,3966416502,3751912585
dimwishlist:item=2828278545&perks=1840239774,2420895100,3966416502,2305480722
dimwishlist:item=2828278545&perks=1840239774,2420895100,3966416502,3081867624


// Darkest Before ()
dimwishlist:item=2831259642&perks=839105230,1561002382,3017780555,4293542123
dimwishlist:item=2831259642&perks=839105230,1561002382,3017780555,2890807135
dimwishlist:item=2831259642&perks=839105230,1431678320,3017780555,4293542123
dimwishlist:item=2831259642&perks=839105230,1431678320,3017780555,2890807135
imwishlist:item=2831259642&perks=1840239774,1561002382,3017780555,4293542123
dimwishlist:item=2831259642&perks=1840239774,1561002382,3017780555,2890807135
dimwishlist:item=2831259642&perks=1840239774,1431678320,3017780555,4293542123
dimwishlist:item=2831259642&perks=1840239774,1431678320,3017780555,2890807135

// Relentless ()
dimwishlist:item=2831259643&perks=839105230,1431678320,3824105627,831391274
dimwishlist:item=2831259643&perks=839105230,1431678320,960997401,831391274
dimwishlist:item=2831259643&perks=839105230,1431678320,3244229373,831391274
dimwishlist:item=2831259643&perks=839105230,1431678320,923806249,831391274
imwishlist:item=2831259643&perks=839105230,1561002382,3824105627,831391274
dimwishlist:item=2831259643&perks=839105230,1561002382,960997401,831391274
dimwishlist:item=2831259643&perks=839105230,1561002382,3244229373,831391274
dimwishlist:item=2831259643&perks=839105230,1561002382,923806249,831391274
dimwishlist:item=2831259643&perks=1840239774,1431678320,3824105627,831391274
dimwishlist:item=2831259643&perks=1840239774,1431678320,960997401,831391274
dimwishlist:item=2831259643&perks=1840239774,1431678320,3244229373,831391274
dimwishlist:item=2831259643&perks=1840239774,1431678320,923806249,831391274
imwishlist:item=2831259643&perks=1840239774,1561002382,3824105627,831391274
dimwishlist:item=2831259643&perks=1840239774,1561002382,960997401,831391274
dimwishlist:item=2831259643&perks=1840239774,1561002382,3244229373,831391274
dimwishlist:item=2831259643&perks=1840239774,1561002382,923806249,831391274


// The Keening ()
dimwishlist:item=2839128618&perks=1840239774,1431678320,2173046394,2848615171,3713579091
dimwishlist:item=2839128618&perks=1840239774,1431678320,2173046394,2848615171,2671305723
dimwishlist:item=2839128618&perks=1840239774,1431678320,2173046394,169755979,3713579091
dimwishlist:item=2839128618&perks=1840239774,1431678320,2173046394,169755979,2671305723
dimwishlist:item=2839128618&perks=1840239774,1431678320,2173046394,3966416502,3713579091
dimwishlist:item=2839128618&perks=1840239774,1431678320,2173046394,3966416502,2671305723
imwishlist:item=2839128618&perks=1840239774,1561002382,2173046394,2848615171,3713579091
dimwishlist:item=2839128618&perks=1840239774,1561002382,2173046394,2848615171,2671305723
dimwishlist:item=2839128618&perks=1840239774,1561002382,2173046394,169755979,3713579091
dimwishlist:item=2839128618&perks=1840239774,1561002382,2173046394,169755979,2671305723
dimwishlist:item=2839128618&perks=1840239774,1561002382,2173046394,3966416502,3713579091
dimwishlist:item=2839128618&perks=1840239774,1561002382,2173046394,3966416502,2671305723


// Everburning Glitz ()
dimwishlist:item=2857870254&perks=839105230,1431678320,243981275,3891536761
dimwishlist:item=2857870254&perks=839105230,1431678320,243981275,1202584452
dimwishlist:item=2857870254&perks=839105230,1431678320,243981275,2138673996
dimwishlist:item=2857870254&perks=839105230,1431678320,2289534249,3891536761
dimwishlist:item=2857870254&perks=839105230,1431678320,2289534249,1202584452
dimwishlist:item=2857870254&perks=839105230,1431678320,2289534249,2138673996
imwishlist:item=2857870254&perks=839105230,1561002382,243981275,3891536761
dimwishlist:item=2857870254&perks=839105230,1561002382,243981275,1202584452
dimwishlist:item=2857870254&perks=839105230,1561002382,243981275,2138673996
dimwishlist:item=2857870254&perks=839105230,1561002382,2289534249,3891536761
dimwishlist:item=2857870254&perks=839105230,1561002382,2289534249,1202584452
dimwishlist:item=2857870254&perks=839105230,1561002382,2289534249,2138673996
dimwishlist:item=2857870254&perks=1840239774,1431678320,243981275,3891536761
dimwishlist:item=2857870254&perks=1840239774,1431678320,243981275,1202584452
dimwishlist:item=2857870254&perks=1840239774,1431678320,243981275,2138673996
dimwishlist:item=2857870254&perks=1840239774,1431678320,2289534249,3891536761
dimwishlist:item=2857870254&perks=1840239774,1431678320,2289534249,1202584452
dimwishlist:item=2857870254&perks=1840239774,1431678320,2289534249,2138673996
imwishlist:item=2857870254&perks=1840239774,1561002382,243981275,3891536761
dimwishlist:item=2857870254&perks=1840239774,1561002382,243981275,1202584452
dimwishlist:item=2857870254&perks=1840239774,1561002382,243981275,2138673996
dimwishlist:item=2857870254&perks=1840239774,1561002382,2289534249,3891536761
dimwishlist:item=2857870254&perks=1840239774,1561002382,2289534249,1202584452
dimwishlist:item=2857870254&perks=1840239774,1561002382,2289534249,2138673996


// High Tyrant ()
dimwishlist:item=2873508409&perks=839105230,1080094173,776531651,1134488199
dimwishlist:item=2873508409&perks=839105230,1080094173,776531651,657025441
dimwishlist:item=2873508409&perks=839105230,1080094173,776531651,4196156997
dimwishlist:item=2873508409&perks=839105230,1080094173,776531651,1464081238
dimwishlist:item=2873508409&perks=839105230,1080094173,776531651,2813913866
dimwishlist:item=2873508409&perks=839105230,1080094173,2048641572,1134488199
dimwishlist:item=2873508409&perks=839105230,1080094173,2048641572,657025441
dimwishlist:item=2873508409&perks=839105230,1080094173,2048641572,4196156997
dimwishlist:item=2873508409&perks=839105230,1080094173,2048641572,1464081238
dimwishlist:item=2873508409&perks=839105230,1080094173,2048641572,2813913866
dimwishlist:item=2873508409&perks=839105230,2126519017,776531651,1134488199
dimwishlist:item=2873508409&perks=839105230,2126519017,776531651,657025441
dimwishlist:item=2873508409&perks=839105230,2126519017,776531651,4196156997
dimwishlist:item=2873508409&perks=839105230,2126519017,776531651,1464081238
dimwishlist:item=2873508409&perks=839105230,2126519017,776531651,2813913866
dimwishlist:item=2873508409&perks=839105230,2126519017,2048641572,1134488199
dimwishlist:item=2873508409&perks=839105230,2126519017,2048641572,657025441
dimwishlist:item=2873508409&perks=839105230,2126519017,2048641572,4196156997
dimwishlist:item=2873508409&perks=839105230,2126519017,2048641572,1464081238
dimwishlist:item=2873508409&perks=839105230,2126519017,2048641572,2813913866
dimwishlist:item=2873508409&perks=1840239774,1080094173,776531651,1134488199
dimwishlist:item=2873508409&perks=1840239774,1080094173,776531651,657025441
dimwishlist:item=2873508409&perks=1840239774,1080094173,776531651,4196156997
dimwishlist:item=2873508409&perks=1840239774,1080094173,776531651,1464081238
dimwishlist:item=2873508409&perks=1840239774,1080094173,776531651,2813913866
dimwishlist:item=2873508409&perks=1840239774,1080094173,2048641572,1134488199
dimwishlist:item=2873508409&perks=1840239774,1080094173,2048641572,657025441
dimwishlist:item=2873508409&perks=1840239774,1080094173,2048641572,4196156997
dimwishlist:item=2873508409&perks=1840239774,1080094173,2048641572,1464081238
dimwishlist:item=2873508409&perks=1840239774,1080094173,2048641572,2813913866
dimwishlist:item=2873508409&perks=1840239774,2126519017,776531651,1134488199
dimwishlist:item=2873508409&perks=1840239774,2126519017,776531651,657025441
dimwishlist:item=2873508409&perks=1840239774,2126519017,776531651,4196156997
dimwishlist:item=2873508409&perks=1840239774,2126519017,776531651,1464081238
dimwishlist:item=2873508409&perks=1840239774,2126519017,776531651,2813913866
dimwishlist:item=2873508409&perks=1840239774,2126519017,2048641572,1134488199
dimwishlist:item=2873508409&perks=1840239774,2126519017,2048641572,657025441
dimwishlist:item=2873508409&perks=1840239774,2126519017,2048641572,4196156997
dimwishlist:item=2873508409&perks=1840239774,2126519017,2048641572,1464081238
dimwishlist:item=2873508409&perks=1840239774,2126519017,2048641572,2813913866


// Roar of the Bear ()
dimwishlist:item=2881109029&perks=3525010810,3796465595,3194351027,1439600632
dimwishlist:item=2881109029&perks=3525010810,3796465595,3194351027,113508675
dimwishlist:item=2881109029&perks=3525010810,3796465595,3194351027,177189259


// Until Its Return ()
dimwishlist:item=2883484461&perks=1300023272,106909392,3300816228,3708227201
dimwishlist:item=2883484461&perks=1300023272,106909392,3300816228,3751912585
dimwishlist:item=2883484461&perks=1300023272,106909392,3300816228,2360754333
dimwishlist:item=2883484461&perks=1300023272,106909392,3643424744,3708227201
dimwishlist:item=2883484461&perks=1300023272,106909392,3643424744,3751912585
dimwishlist:item=2883484461&perks=1300023272,106909392,3643424744,2360754333


// The Summoner ()
dimwishlist:item=2884908760&perks=839105230,1431678320,3017780555,4293542123
dimwishlist:item=2884908760&perks=839105230,1431678320,3017780555,2890807135
imwishlist:item=2884908760&perks=839105230,1561002382,3017780555,4293542123
dimwishlist:item=2884908760&perks=839105230,1561002382,3017780555,2890807135
dimwishlist:item=2884908760&perks=1840239774,1431678320,3017780555,4293542123
dimwishlist:item=2884908760&perks=1840239774,1431678320,3017780555,2890807135
imwishlist:item=2884908760&perks=1840239774,1561002382,3017780555,4293542123
dimwishlist:item=2884908760&perks=1840239774,1561002382,3017780555,2890807135


// Cataclysmic (Adept) ()
dimwishlist:item=2886339027&perks=1840239774,689005463,1354429876,3078487919
dimwishlist:item=2886339027&perks=1840239774,689005463,1354429876,1089671869
dimwishlist:item=2886339027&perks=1840239774,689005463,1354429876,3764420437


// Triple Laureate ()
dimwishlist:item=2908653246&perks=1300023272,1431678320,2922950962,3640170453
dimwishlist:item=2908653246&perks=1300023272,1431678320,2922950962,2360754333

// Permafrost ()
dimwishlist:item=2922964484&perks=3525010810,2822142346,243981275,2922950962
dimwishlist:item=2922964484&perks=3525010810,2822142346,243981275,113508675
dimwishlist:item=2922964484&perks=3525010810,2822142346,243981275,177189259
dimwishlist:item=2922964484&perks=3525010810,2822142346,1955165503,2922950962
dimwishlist:item=2922964484&perks=3525010810,2822142346,1955165503,113508675
dimwishlist:item=2922964484&perks=3525010810,2822142346,1955165503,177189259
dimwishlist:item=2922964484&perks=3525010810,2822142346,2360347339,2922950962
dimwishlist:item=2922964484&perks=3525010810,2822142346,2360347339,113508675
dimwishlist:item=2922964484&perks=3525010810,2822142346,2360347339,177189259
dimwishlist:item=2922964484&perks=3525010810,2822142346,4096144819,2922950962
dimwishlist:item=2922964484&perks=3525010810,2822142346,4096144819,113508675
dimwishlist:item=2922964484&perks=3525010810,2822142346,4096144819,177189259


// Greasy Luck ()
dimwishlist:item=2934305134&perks=580685494,1431678320,3017780555,1782407750
dimwishlist:item=2934305134&perks=580685494,1431678320,3017780555,3201496230
dimwishlist:item=2934305134&perks=580685494,1431678320,3017780555,4293542123
dimwishlist:item=2934305134&perks=580685494,1431678320,1523832109,1782407750
dimwishlist:item=2934305134&perks=580685494,1431678320,1523832109,3201496230
dimwishlist:item=2934305134&perks=580685494,1431678320,1523832109,4293542123
dimwishlist:item=2934305134&perks=580685494,1431678320,1556840489,1782407750
dimwishlist:item=2934305134&perks=580685494,1431678320,1556840489,3201496230
dimwishlist:item=2934305134&perks=580685494,1431678320,1556840489,4293542123
imwishlist:item=2934305134&perks=580685494,3721627275,3017780555,1782407750
dimwishlist:item=2934305134&perks=580685494,3721627275,3017780555,3201496230
dimwishlist:item=2934305134&perks=580685494,3721627275,3017780555,4293542123
dimwishlist:item=2934305134&perks=580685494,3721627275,1523832109,1782407750
dimwishlist:item=2934305134&perks=580685494,3721627275,1523832109,3201496230
dimwishlist:item=2934305134&perks=580685494,3721627275,1523832109,4293542123
dimwishlist:item=2934305134&perks=580685494,3721627275,1556840489,1782407750
dimwishlist:item=2934305134&perks=580685494,3721627275,1556840489,3201496230
dimwishlist:item=2934305134&perks=580685494,3721627275,1556840489,4293542123


// Yeartide Apex ()
dimwishlist:item=2965080304&perks=1840239774,1431678320,3017780555,2890807135
dimwishlist:item=2965080304&perks=1840239774,1431678320,3017780555,4293542123
dimwishlist:item=2965080304&perks=1840239774,1431678320,3017780555,3640170453
dimwishlist:item=2965080304&perks=1840239774,1431678320,243981275,2890807135
dimwishlist:item=2965080304&perks=1840239774,1431678320,243981275,4293542123
dimwishlist:item=2965080304&perks=1840239774,1431678320,243981275,3640170453
imwishlist:item=2965080304&perks=1840239774,1561002382,3017780555,2890807135
dimwishlist:item=2965080304&perks=1840239774,1561002382,3017780555,4293542123
dimwishlist:item=2965080304&perks=1840239774,1561002382,3017780555,3640170453
dimwishlist:item=2965080304&perks=1840239774,1561002382,243981275,2890807135
dimwishlist:item=2965080304&perks=1840239774,1561002382,243981275,4293542123
dimwishlist:item=2965080304&perks=1840239774,1561002382,243981275,3640170453


// Canis Major ()
dimwishlist:item=2966714447&perks=3525010810,3301904089,4293542123,2396489472
dimwishlist:item=2966714447&perks=3525010810,3301904089,4293542123,3764420437
dimwishlist:item=2966714447&perks=3525010810,3301904089,4293542123,3078487919
dimwishlist:item=2966714447&perks=3525010810,3301904089,1523832109,2396489472
dimwishlist:item=2966714447&perks=3525010810,3301904089,1523832109,3764420437
dimwishlist:item=2966714447&perks=3525010810,3301904089,1523832109,3078487919
dimwishlist:item=2966714447&perks=3525010810,3301904089,3425386926,2396489472
dimwishlist:item=2966714447&perks=3525010810,3301904089,3425386926,3764420437
dimwishlist:item=2966714447&perks=3525010810,3301904089,3425386926,3078487919
dimwishlist:item=2966714447&perks=3525010810,332133599,4293542123,2396489472
dimwishlist:item=2966714447&perks=3525010810,332133599,4293542123,3764420437
dimwishlist:item=2966714447&perks=3525010810,332133599,4293542123,3078487919
dimwishlist:item=2966714447&perks=3525010810,332133599,1523832109,2396489472
dimwishlist:item=2966714447&perks=3525010810,332133599,1523832109,3764420437
dimwishlist:item=2966714447&perks=3525010810,332133599,1523832109,3078487919
dimwishlist:item=2966714447&perks=3525010810,332133599,3425386926,2396489472
dimwishlist:item=2966714447&perks=3525010810,332133599,3425386926,3764420437
dimwishlist:item=2966714447&perks=3525010810,332133599,3425386926,3078487919
dimwishlist:item=2966714447&perks=3525010810,3156458303,4293542123,2396489472
dimwishlist:item=2966714447&perks=3525010810,3156458303,4293542123,3764420437
dimwishlist:item=2966714447&perks=3525010810,3156458303,4293542123,3078487919
dimwishlist:item=2966714447&perks=3525010810,3156458303,1523832109,2396489472
dimwishlist:item=2966714447&perks=3525010810,3156458303,1523832109,3764420437
dimwishlist:item=2966714447&perks=3525010810,3156458303,1523832109,3078487919
dimwishlist:item=2966714447&perks=3525010810,3156458303,3425386926,2396489472
dimwishlist:item=2966714447&perks=3525010810,3156458303,3425386926,3764420437
dimwishlist:item=2966714447&perks=3525010810,3156458303,3425386926,3078487919


// Koraxis's Distress ()
dimwishlist:item=2972949637&perks=3525010810,3301904089,1523832109,3708227201
dimwishlist:item=2972949637&perks=3525010810,3301904089,1523832109,3640170453
dimwishlist:item=2972949637&perks=3525010810,3301904089,1523832109,3078487919
dimwishlist:item=2972949637&perks=3525010810,3301904089,3987942396,3708227201
dimwishlist:item=2972949637&perks=3525010810,3301904089,3987942396,3640170453
dimwishlist:item=2972949637&perks=3525010810,3301904089,3987942396,3078487919
dimwishlist:item=2972949637&perks=3525010810,3301904089,2396489472,3708227201
dimwishlist:item=2972949637&perks=3525010810,3301904089,2396489472,3640170453
dimwishlist:item=2972949637&perks=3525010810,3301904089,2396489472,3078487919
dimwishlist:item=2972949637&perks=3525010810,332133599,1523832109,3708227201
dimwishlist:item=2972949637&perks=3525010810,332133599,1523832109,3640170453
dimwishlist:item=2972949637&perks=3525010810,332133599,1523832109,3078487919
dimwishlist:item=2972949637&perks=3525010810,332133599,3987942396,3708227201
dimwishlist:item=2972949637&perks=3525010810,332133599,3987942396,3640170453
dimwishlist:item=2972949637&perks=3525010810,332133599,3987942396,3078487919
dimwishlist:item=2972949637&perks=3525010810,332133599,2396489472,3708227201
dimwishlist:item=2972949637&perks=3525010810,332133599,2396489472,3640170453
dimwishlist:item=2972949637&perks=3525010810,332133599,2396489472,3078487919
dimwishlist:item=2972949637&perks=3525010810,3156458303,1523832109,3708227201
dimwishlist:item=2972949637&perks=3525010810,3156458303,1523832109,3640170453
dimwishlist:item=2972949637&perks=3525010810,3156458303,1523832109,3078487919
dimwishlist:item=2972949637&perks=3525010810,3156458303,3987942396,3708227201
dimwishlist:item=2972949637&perks=3525010810,3156458303,3987942396,3640170453
dimwishlist:item=2972949637&perks=3525010810,3156458303,3987942396,3078487919
dimwishlist:item=2972949637&perks=3525010810,3156458303,2396489472,3708227201
dimwishlist:item=2972949637&perks=3525010810,3156458303,2396489472,3640170453
dimwishlist:item=2972949637&perks=3525010810,3156458303,2396489472,3078487919


// Judgment of Kelgorath ()
dimwishlist:item=2978226043&perks=580685494,1431678320,3643424744,3708227201
dimwishlist:item=2978226043&perks=580685494,1431678320,3643424744,1782407750
dimwishlist:item=2978226043&perks=580685494,1431678320,3643424744,3592538738
dimwishlist:item=2978226043&perks=580685494,1431678320,3643424744,2675361166
dimwishlist:item=2978226043&perks=580685494,1431678320,3523296417,3708227201
dimwishlist:item=2978226043&perks=580685494,1431678320,3523296417,1782407750
dimwishlist:item=2978226043&perks=580685494,1431678320,3523296417,3592538738
dimwishlist:item=2978226043&perks=580685494,1431678320,3523296417,2675361166
dimwishlist:item=2978226043&perks=580685494,1431678320,691659142,3708227201
dimwishlist:item=2978226043&perks=580685494,1431678320,691659142,1782407750
dimwishlist:item=2978226043&perks=580685494,1431678320,691659142,3592538738
dimwishlist:item=2978226043&perks=580685494,1431678320,691659142,2675361166
imwishlist:item=2978226043&perks=580685494,3721627275,3643424744,3708227201
dimwishlist:item=2978226043&perks=580685494,3721627275,3643424744,1782407750
dimwishlist:item=2978226043&perks=580685494,3721627275,3643424744,3592538738
dimwishlist:item=2978226043&perks=580685494,3721627275,3643424744,2675361166
dimwishlist:item=2978226043&perks=580685494,3721627275,3523296417,3708227201
dimwishlist:item=2978226043&perks=580685494,3721627275,3523296417,1782407750
dimwishlist:item=2978226043&perks=580685494,3721627275,3523296417,3592538738
dimwishlist:item=2978226043&perks=580685494,3721627275,3523296417,2675361166
dimwishlist:item=2978226043&perks=580685494,3721627275,691659142,3708227201
dimwishlist:item=2978226043&perks=580685494,3721627275,691659142,1782407750
dimwishlist:item=2978226043&perks=580685494,3721627275,691659142,3592538738
dimwishlist:item=2978226043&perks=580685494,3721627275,691659142,2675361166


// No Feelings ()
dimwishlist:item=2979764077&perks=1840239774,1431678320,2173046394,657025441
dimwishlist:item=2979764077&perks=1840239774,1431678320,2173046394,4196156997
dimwishlist:item=2979764077&perks=1840239774,1431678320,2173046394,3038247973
dimwishlist:item=2979764077&perks=1840239774,1431678320,2173046394,64866129
dimwishlist:item=2979764077&perks=1840239774,1431678320,2173046394,654512643
dimwishlist:item=2979764077&perks=1840239774,1431678320,2173046394,4065965131

// New Pacific Epitaph ()
dimwishlist:item=2988180391&perks=3525010810,2822142346,2396489472,3201496230
dimwishlist:item=2988180391&perks=3525010810,2822142346,2396489472,113508675
dimwishlist:item=2988180391&perks=3525010810,2822142346,2396489472,177189259
dimwishlist:item=2988180391&perks=3525010810,2822142346,2396489472,2922950962
dimwishlist:item=2988180391&perks=3525010810,2822142346,3108830275,3201496230
dimwishlist:item=2988180391&perks=3525010810,2822142346,3108830275,113508675
dimwishlist:item=2988180391&perks=3525010810,2822142346,3108830275,177189259
dimwishlist:item=2988180391&perks=3525010810,2822142346,3108830275,2922950962
dimwishlist:item=2988180391&perks=3525010810,2822142346,1421772400,3201496230
dimwishlist:item=2988180391&perks=3525010810,2822142346,1421772400,113508675
dimwishlist:item=2988180391&perks=3525010810,2822142346,1421772400,177189259
dimwishlist:item=2988180391&perks=3525010810,2822142346,1421772400,2922950962


// Succession ()
dimwishlist:item=2990047042&perks=1840239774,2420895100,1523832109,469285294
dimwishlist:item=2990047042&perks=1840239774,2420895100,1523832109,3335686050
dimwishlist:item=2990047042&perks=1840239774,2420895100,1523832109,3201496230
dimwishlist:item=2990047042&perks=1840239774,2420895100,1523832109,1089671869
dimwishlist:item=2990047042&perks=1840239774,2420895100,3978468247,469285294
dimwishlist:item=2990047042&perks=1840239774,2420895100,3978468247,3335686050
dimwishlist:item=2990047042&perks=1840239774,2420895100,3978468247,3201496230
dimwishlist:item=2990047042&perks=1840239774,2420895100,3978468247,1089671869


// Adhortative ()
dimwishlist:item=2993554824&perks=839105230,1561002382,3017780555,4293542123
dimwishlist:item=2993554824&perks=839105230,1561002382,3700496672,4293542123
dimwishlist:item=2993554824&perks=839105230,1431678320,3017780555,4293542123
dimwishlist:item=2993554824&perks=839105230,1431678320,3700496672,4293542123
imwishlist:item=2993554824&perks=1840239774,1561002382,3017780555,4293542123
dimwishlist:item=2993554824&perks=1840239774,1561002382,3700496672,4293542123
dimwishlist:item=2993554824&perks=1840239774,1431678320,3017780555,4293542123
dimwishlist:item=2993554824&perks=1840239774,1431678320,3700496672,4293542123

// Zephyr ()
dimwishlist:item=3003492238&perks=3666208348,2349202967,1749209109,3650930298
dimwishlist:item=3003492238&perks=3666208348,2349202967,1749209109,405677814
dimwishlist:item=3003492238&perks=3666208348,2349202967,1749209109,3913600130
dimwishlist:item=3003492238&perks=3666208348,2349202967,1749209109,3708227201
dimwishlist:item=3003492238&perks=3666208348,2349202967,1955165503,3650930298
dimwishlist:item=3003492238&perks=3666208348,2349202967,1955165503,405677814
dimwishlist:item=3003492238&perks=3666208348,2349202967,1955165503,3913600130
dimwishlist:item=3003492238&perks=3666208348,2349202967,1955165503,3708227201
dimwishlist:item=3003492238&perks=3666208348,2349202967,243981275,3650930298
dimwishlist:item=3003492238&perks=3666208348,2349202967,243981275,405677814
dimwishlist:item=3003492238&perks=3666208348,2349202967,243981275,3913600130
dimwishlist:item=3003492238&perks=3666208348,2349202967,243981275,3708227201
dimwishlist:item=3003492238&perks=3666208348,269888150,1749209109,3650930298
dimwishlist:item=3003492238&perks=3666208348,269888150,1749209109,405677814
dimwishlist:item=3003492238&perks=3666208348,269888150,1749209109,3913600130
dimwishlist:item=3003492238&perks=3666208348,269888150,1749209109,3708227201
dimwishlist:item=3003492238&perks=3666208348,269888150,1955165503,3650930298
dimwishlist:item=3003492238&perks=3666208348,269888150,1955165503,405677814
dimwishlist:item=3003492238&perks=3666208348,269888150,1955165503,3913600130
dimwishlist:item=3003492238&perks=3666208348,269888150,1955165503,3708227201
dimwishlist:item=3003492238&perks=3666208348,269888150,243981275,3650930298
dimwishlist:item=3003492238&perks=3666208348,269888150,243981275,405677814
dimwishlist:item=3003492238&perks=3666208348,269888150,243981275,3913600130
dimwishlist:item=3003492238&perks=3666208348,269888150,243981275,3708227201
dimwishlist:item=3003492238&perks=938542991,2349202967,1749209109,3650930298
dimwishlist:item=3003492238&perks=938542991,2349202967,1749209109,405677814
dimwishlist:item=3003492238&perks=938542991,2349202967,1749209109,3913600130
dimwishlist:item=3003492238&perks=938542991,2349202967,1749209109,3708227201
dimwishlist:item=3003492238&perks=938542991,2349202967,1955165503,3650930298
dimwishlist:item=3003492238&perks=938542991,2349202967,1955165503,405677814
dimwishlist:item=3003492238&perks=938542991,2349202967,1955165503,3913600130
dimwishlist:item=3003492238&perks=938542991,2349202967,1955165503,3708227201
dimwishlist:item=3003492238&perks=938542991,2349202967,243981275,3650930298
dimwishlist:item=3003492238&perks=938542991,2349202967,243981275,405677814
dimwishlist:item=3003492238&perks=938542991,2349202967,243981275,3913600130
dimwishlist:item=3003492238&perks=938542991,2349202967,243981275,3708227201
dimwishlist:item=3003492238&perks=938542991,269888150,1749209109,3650930298
dimwishlist:item=3003492238&perks=938542991,269888150,1749209109,405677814
dimwishlist:item=3003492238&perks=938542991,269888150,1749209109,3913600130
dimwishlist:item=3003492238&perks=938542991,269888150,1749209109,3708227201
dimwishlist:item=3003492238&perks=938542991,269888150,1955165503,3650930298
dimwishlist:item=3003492238&perks=938542991,269888150,1955165503,405677814
dimwishlist:item=3003492238&perks=938542991,269888150,1955165503,3913600130
dimwishlist:item=3003492238&perks=938542991,269888150,1955165503,3708227201
dimwishlist:item=3003492238&perks=938542991,269888150,243981275,3650930298
dimwishlist:item=3003492238&perks=938542991,269888150,243981275,405677814
dimwishlist:item=3003492238&perks=938542991,269888150,243981275,3913600130
dimwishlist:item=3003492238&perks=938542991,269888150,243981275,3708227201


// Out of Bounds ()
dimwishlist:item=3021407779&perks=1840239774,1431678320,2173046394,3966416502
dimwishlist:item=3021407779&perks=1840239774,1431678320,3523296417,3966416502
imwishlist:item=3021407779&perks=1840239774,1561002382,2173046394,3966416502
dimwishlist:item=3021407779&perks=1840239774,1561002382,3523296417,3966416502


// Multimach CCX ()
dimwishlist:item=3026836571&perks=1840239774,1431678320,243981275,3891536761
dimwishlist:item=3026836571&perks=1840239774,1431678320,1517798362,3891536761
dimwishlist:item=3026836571&perks=1840239774,1431678320,2289534249,3891536761

// Zaouli's Bane ()
dimwishlist:item=3066945855&perks=1840239774,1431678320,3038247973,4293542123
dimwishlist:item=3066945855&perks=1840239774,1431678320,3038247973,657025441
dimwishlist:item=3066945855&perks=1840239774,1431678320,3038247973,4196156997
dimwishlist:item=3066945855&perks=1840239774,1431678320,3038247973,3640170453
dimwishlist:item=3066945855&perks=1840239774,1431678320,64866129,4293542123
dimwishlist:item=3066945855&perks=1840239774,1431678320,64866129,657025441
dimwishlist:item=3066945855&perks=1840239774,1431678320,64866129,4196156997
dimwishlist:item=3066945855&perks=1840239774,1431678320,64866129,3640170453
dimwishlist:item=3066945855&perks=1840239774,1431678320,2890807135,4293542123
dimwishlist:item=3066945855&perks=1840239774,1431678320,2890807135,657025441
dimwishlist:item=3066945855&perks=1840239774,1431678320,2890807135,4196156997
dimwishlist:item=3066945855&perks=1840239774,1431678320,2890807135,3640170453
dimwishlist:item=3066945855&perks=1840239774,1431678320,3824105627,4293542123
dimwishlist:item=3066945855&perks=1840239774,1431678320,3824105627,657025441
dimwishlist:item=3066945855&perks=1840239774,1431678320,3824105627,4196156997
dimwishlist:item=3066945855&perks=1840239774,1431678320,3824105627,3640170453

// Jurassic Green ()
dimwishlist:item=3103255595&perks=839105230,1431678320,3017780555,4293542123
imwishlist:item=3103255595&perks=1840239774,1431678320,3017780555,4293542123

// Forthcoming Deviance (Adept) ()
dimwishlist:item=3123651616&perks=580685494,1431678320,1683379515,3640170453
dimwishlist:item=3123651616&perks=580685494,1431678320,1683379515,1782407750
dimwishlist:item=3123651616&perks=580685494,1431678320,1683379515,2048641572
dimwishlist:item=3123651616&perks=580685494,1431678320,1523832109,3640170453
dimwishlist:item=3123651616&perks=580685494,1431678320,1523832109,1782407750
dimwishlist:item=3123651616&perks=580685494,1431678320,1523832109,2048641572
dimwishlist:item=3123651616&perks=580685494,1431678320,776531651,3640170453
dimwishlist:item=3123651616&perks=580685494,1431678320,776531651,1782407750
dimwishlist:item=3123651616&perks=580685494,1431678320,776531651,2048641572
imwishlist:item=3123651616&perks=580685494,3721627275,1683379515,3640170453
dimwishlist:item=3123651616&perks=580685494,3721627275,1683379515,1782407750
dimwishlist:item=3123651616&perks=580685494,3721627275,1683379515,2048641572
dimwishlist:item=3123651616&perks=580685494,3721627275,1523832109,3640170453
dimwishlist:item=3123651616&perks=580685494,3721627275,1523832109,1782407750
dimwishlist:item=3123651616&perks=580685494,3721627275,1523832109,2048641572
dimwishlist:item=3123651616&perks=580685494,3721627275,776531651,3640170453
dimwishlist:item=3123651616&perks=580685494,3721627275,776531651,1782407750
dimwishlist:item=3123651616&perks=580685494,3721627275,776531651,2048641572


// Temporal Clause ()
dimwishlist:item=3132669561&perks=839105230,1431678320,657025441,557221067
dimwishlist:item=3132669561&perks=839105230,1431678320,657025441,2896748467
dimwishlist:item=3132669561&perks=839105230,1431678320,657025441,2305480722
dimwishlist:item=3132669561&perks=839105230,1431678320,657025441,2890807135
dimwishlist:item=3132669561&perks=839105230,1431678320,4196156997,557221067
dimwishlist:item=3132669561&perks=839105230,1431678320,4196156997,2896748467
dimwishlist:item=3132669561&perks=839105230,1431678320,4196156997,2305480722
dimwishlist:item=3132669561&perks=839105230,1431678320,4196156997,2890807135
dimwishlist:item=3132669561&perks=839105230,1431678320,4293542123,557221067
dimwishlist:item=3132669561&perks=839105230,1431678320,4293542123,2896748467
dimwishlist:item=3132669561&perks=839105230,1431678320,4293542123,2305480722
dimwishlist:item=3132669561&perks=839105230,1431678320,4293542123,2890807135
dimwishlist:item=3132669561&perks=839105230,1431678320,3523296417,557221067
dimwishlist:item=3132669561&perks=839105230,1431678320,3523296417,2896748467
dimwishlist:item=3132669561&perks=839105230,1431678320,3523296417,2305480722
dimwishlist:item=3132669561&perks=839105230,1431678320,3523296417,2890807135
imwishlist:item=3132669561&perks=839105230,1561002382,657025441,557221067
dimwishlist:item=3132669561&perks=839105230,1561002382,657025441,2896748467
dimwishlist:item=3132669561&perks=839105230,1561002382,657025441,2305480722
dimwishlist:item=3132669561&perks=839105230,1561002382,657025441,2890807135
dimwishlist:item=3132669561&perks=839105230,1561002382,4196156997,557221067
dimwishlist:item=3132669561&perks=839105230,1561002382,4196156997,2896748467
dimwishlist:item=3132669561&perks=839105230,1561002382,4196156997,2305480722
dimwishlist:item=3132669561&perks=839105230,1561002382,4196156997,2890807135
dimwishlist:item=3132669561&perks=839105230,1561002382,4293542123,557221067
dimwishlist:item=3132669561&perks=839105230,1561002382,4293542123,2896748467
dimwishlist:item=3132669561&perks=839105230,1561002382,4293542123,2305480722
dimwishlist:item=3132669561&perks=839105230,1561002382,4293542123,2890807135
dimwishlist:item=3132669561&perks=839105230,1561002382,3523296417,557221067
dimwishlist:item=3132669561&perks=839105230,1561002382,3523296417,2896748467
dimwishlist:item=3132669561&perks=839105230,1561002382,3523296417,2305480722
dimwishlist:item=3132669561&perks=839105230,1561002382,3523296417,2890807135
dimwishlist:item=3132669561&perks=839105230,2420895100,657025441,557221067
dimwishlist:item=3132669561&perks=839105230,2420895100,657025441,2896748467
dimwishlist:item=3132669561&perks=839105230,2420895100,657025441,2305480722
dimwishlist:item=3132669561&perks=839105230,2420895100,657025441,2890807135
dimwishlist:item=3132669561&perks=839105230,2420895100,4196156997,557221067
dimwishlist:item=3132669561&perks=839105230,2420895100,4196156997,2896748467
dimwishlist:item=3132669561&perks=839105230,2420895100,4196156997,2305480722
dimwishlist:item=3132669561&perks=839105230,2420895100,4196156997,2890807135
dimwishlist:item=3132669561&perks=839105230,2420895100,4293542123,557221067
dimwishlist:item=3132669561&perks=839105230,2420895100,4293542123,2896748467
dimwishlist:item=3132669561&perks=839105230,2420895100,4293542123,2305480722
dimwishlist:item=3132669561&perks=839105230,2420895100,4293542123,2890807135
dimwishlist:item=3132669561&perks=839105230,2420895100,3523296417,557221067
dimwishlist:item=3132669561&perks=839105230,2420895100,3523296417,2896748467
dimwishlist:item=3132669561&perks=839105230,2420895100,3523296417,2305480722
dimwishlist:item=3132669561&perks=839105230,2420895100,3523296417,2890807135
dimwishlist:item=3132669561&perks=1840239774,1431678320,657025441,557221067
dimwishlist:item=3132669561&perks=1840239774,1431678320,657025441,2896748467
dimwishlist:item=3132669561&perks=1840239774,1431678320,657025441,2305480722
dimwishlist:item=3132669561&perks=1840239774,1431678320,657025441,2890807135
dimwishlist:item=3132669561&perks=1840239774,1431678320,4196156997,557221067
dimwishlist:item=3132669561&perks=1840239774,1431678320,4196156997,2896748467
dimwishlist:item=3132669561&perks=1840239774,1431678320,4196156997,2305480722
dimwishlist:item=3132669561&perks=1840239774,1431678320,4196156997,2890807135
dimwishlist:item=3132669561&perks=1840239774,1431678320,4293542123,557221067
dimwishlist:item=3132669561&perks=1840239774,1431678320,4293542123,2896748467
dimwishlist:item=3132669561&perks=1840239774,1431678320,4293542123,2305480722
dimwishlist:item=3132669561&perks=1840239774,1431678320,4293542123,2890807135
dimwishlist:item=3132669561&perks=1840239774,1431678320,3523296417,557221067
dimwishlist:item=3132669561&perks=1840239774,1431678320,3523296417,2896748467
dimwishlist:item=3132669561&perks=1840239774,1431678320,3523296417,2305480722
dimwishlist:item=3132669561&perks=1840239774,1431678320,3523296417,2890807135
imwishlist:item=3132669561&perks=1840239774,1561002382,657025441,557221067
dimwishlist:item=3132669561&perks=1840239774,1561002382,657025441,2896748467
dimwishlist:item=3132669561&perks=1840239774,1561002382,657025441,2305480722
dimwishlist:item=3132669561&perks=1840239774,1561002382,657025441,2890807135
dimwishlist:item=3132669561&perks=1840239774,1561002382,4196156997,557221067
dimwishlist:item=3132669561&perks=1840239774,1561002382,4196156997,2896748467
dimwishlist:item=3132669561&perks=1840239774,1561002382,4196156997,2305480722
dimwishlist:item=3132669561&perks=1840239774,1561002382,4196156997,2890807135
dimwishlist:item=3132669561&perks=1840239774,1561002382,4293542123,557221067
dimwishlist:item=3132669561&perks=1840239774,1561002382,4293542123,2896748467
dimwishlist:item=3132669561&perks=1840239774,1561002382,4293542123,2305480722
dimwishlist:item=3132669561&perks=1840239774,1561002382,4293542123,2890807135
dimwishlist:item=3132669561&perks=1840239774,1561002382,3523296417,557221067
dimwishlist:item=3132669561&perks=1840239774,1561002382,3523296417,2896748467
dimwishlist:item=3132669561&perks=1840239774,1561002382,3523296417,2305480722
dimwishlist:item=3132669561&perks=1840239774,1561002382,3523296417,2890807135
dimwishlist:item=3132669561&perks=1840239774,2420895100,657025441,557221067
dimwishlist:item=3132669561&perks=1840239774,2420895100,657025441,2896748467
dimwishlist:item=3132669561&perks=1840239774,2420895100,657025441,2305480722
dimwishlist:item=3132669561&perks=1840239774,2420895100,657025441,2890807135
dimwishlist:item=3132669561&perks=1840239774,2420895100,4196156997,557221067
dimwishlist:item=3132669561&perks=1840239774,2420895100,4196156997,2896748467
dimwishlist:item=3132669561&perks=1840239774,2420895100,4196156997,2305480722
dimwishlist:item=3132669561&perks=1840239774,2420895100,4196156997,2890807135
dimwishlist:item=3132669561&perks=1840239774,2420895100,4293542123,557221067
dimwishlist:item=3132669561&perks=1840239774,2420895100,4293542123,2896748467
dimwishlist:item=3132669561&perks=1840239774,2420895100,4293542123,2305480722
dimwishlist:item=3132669561&perks=1840239774,2420895100,4293542123,2890807135
dimwishlist:item=3132669561&perks=1840239774,2420895100,3523296417,557221067
dimwishlist:item=3132669561&perks=1840239774,2420895100,3523296417,2896748467
dimwishlist:item=3132669561&perks=1840239774,2420895100,3523296417,2305480722
dimwishlist:item=3132669561&perks=1840239774,2420895100,3523296417,2890807135


// Modified B-7 Pistol ()
dimwishlist:item=3146657388&perks=1840239774,1080094173,3824105627,124408337
dimwishlist:item=3146657388&perks=1840239774,1080094173,3824105627,2922950962
dimwishlist:item=3146657388&perks=1840239774,2126519017,3824105627,124408337
dimwishlist:item=3146657388&perks=1840239774,2126519017,3824105627,2922950962


// Infinite Paths 8 ()
dimwishlist:item=3176697588&perks=839105230,1431678320,2848615171,2173046394
dimwishlist:item=3176697588&perks=839105230,1431678320,169755979,2173046394
imwishlist:item=3176697588&perks=1840239774,1431678320,2848615171,2173046394
dimwishlist:item=3176697588&perks=1840239774,1431678320,169755979,2173046394

// Gridskipper ()
dimwishlist:item=3176697589&perks=839105230,1431678320,776531651,2048641572
dimwishlist:item=3176697589&perks=839105230,1431678320,776531651,2109543898
dimwishlist:item=3176697589&perks=839105230,1431678320,1464081238,2048641572
dimwishlist:item=3176697589&perks=839105230,1431678320,1464081238,2109543898
dimwishlist:item=3176697589&perks=839105230,1431678320,2813913866,2048641572
dimwishlist:item=3176697589&perks=839105230,1431678320,2813913866,2109543898
imwishlist:item=3176697589&perks=839105230,1561002382,776531651,2048641572
dimwishlist:item=3176697589&perks=839105230,1561002382,776531651,2109543898
dimwishlist:item=3176697589&perks=839105230,1561002382,1464081238,2048641572
dimwishlist:item=3176697589&perks=839105230,1561002382,1464081238,2109543898
dimwishlist:item=3176697589&perks=839105230,1561002382,2813913866,2048641572
dimwishlist:item=3176697589&perks=839105230,1561002382,2813913866,2109543898
dimwishlist:item=3176697589&perks=1840239774,1431678320,776531651,2048641572
dimwishlist:item=3176697589&perks=1840239774,1431678320,776531651,2109543898
dimwishlist:item=3176697589&perks=1840239774,1431678320,1464081238,2048641572
dimwishlist:item=3176697589&perks=1840239774,1431678320,1464081238,2109543898
dimwishlist:item=3176697589&perks=1840239774,1431678320,2813913866,2048641572
dimwishlist:item=3176697589&perks=1840239774,1431678320,2813913866,2109543898
imwishlist:item=3176697589&perks=1840239774,1561002382,776531651,2048641572
dimwishlist:item=3176697589&perks=1840239774,1561002382,776531651,2109543898
dimwishlist:item=3176697589&perks=1840239774,1561002382,1464081238,2048641572
dimwishlist:item=3176697589&perks=1840239774,1561002382,1464081238,2109543898
dimwishlist:item=3176697589&perks=1840239774,1561002382,2813913866,2048641572
dimwishlist:item=3176697589&perks=1840239774,1561002382,2813913866,2109543898


// The Ever-Present ()
dimwishlist:item=3177074192&perks=3525010810,3301904089,3987942396,1089671869
dimwishlist:item=3177074192&perks=3525010810,3301904089,3987942396,3078487919
dimwishlist:item=3177074192&perks=3525010810,3301904089,3987942396,3764420437
dimwishlist:item=3177074192&perks=3525010810,332133599,3987942396,1089671869
dimwishlist:item=3177074192&perks=3525010810,332133599,3987942396,3078487919
dimwishlist:item=3177074192&perks=3525010810,332133599,3987942396,3764420437
dimwishlist:item=3177074192&perks=3525010810,3156458303,3987942396,1089671869
dimwishlist:item=3177074192&perks=3525010810,3156458303,3987942396,3078487919
dimwishlist:item=3177074192&perks=3525010810,3156458303,3987942396,3764420437


// Monody-44 ()
dimwishlist:item=3201200906&perks=839105230,689005463,3978468247,2048641572
dimwishlist:item=3201200906&perks=839105230,689005463,3978468247,1134488199
dimwishlist:item=3201200906&perks=1840239774,689005463,3978468247,2048641572
dimwishlist:item=3201200906&perks=1840239774,689005463,3978468247,1134488199


// Greasy Luck (Adept) ()
dimwishlist:item=3210739171&perks=580685494,3721627275,1523832109,1782407750
dimwishlist:item=3210739171&perks=580685494,3721627275,1523832109,3201496230
dimwishlist:item=3210739171&perks=580685494,3721627275,1523832109,4293542123
dimwishlist:item=3210739171&perks=580685494,3721627275,3017780555,1782407750
dimwishlist:item=3210739171&perks=580685494,3721627275,3017780555,3201496230
dimwishlist:item=3210739171&perks=580685494,3721627275,3017780555,4293542123
dimwishlist:item=3210739171&perks=580685494,3721627275,1556840489,1782407750
dimwishlist:item=3210739171&perks=580685494,3721627275,1556840489,3201496230
dimwishlist:item=3210739171&perks=580685494,3721627275,1556840489,4293542123
dimwishlist:item=3210739171&perks=580685494,1431678320,1523832109,1782407750
dimwishlist:item=3210739171&perks=580685494,1431678320,1523832109,3201496230
dimwishlist:item=3210739171&perks=580685494,1431678320,1523832109,4293542123
dimwishlist:item=3210739171&perks=580685494,1431678320,3017780555,1782407750
dimwishlist:item=3210739171&perks=580685494,1431678320,3017780555,3201496230
dimwishlist:item=3210739171&perks=580685494,1431678320,3017780555,4293542123
dimwishlist:item=3210739171&perks=580685494,1431678320,1556840489,1782407750
dimwishlist:item=3210739171&perks=580685494,1431678320,1556840489,3201496230
dimwishlist:item=3210739171&perks=580685494,1431678320,1556840489,4293542123

// Vikala SMG4 ()
dimwishlist:item=3210792817&perks=839105230,1080094173,3182497402,2048641572
dimwishlist:item=3210792817&perks=839105230,1080094173,3182497402,243981275
dimwishlist:item=3210792817&perks=839105230,1080094173,3182497402,3640170453
dimwishlist:item=3210792817&perks=839105230,2126519017,3182497402,2048641572
dimwishlist:item=3210792817&perks=839105230,2126519017,3182497402,243981275
dimwishlist:item=3210792817&perks=839105230,2126519017,3182497402,3640170453
dimwishlist:item=3210792817&perks=1840239774,1080094173,3182497402,2048641572
dimwishlist:item=3210792817&perks=1840239774,1080094173,3182497402,243981275
dimwishlist:item=3210792817&perks=1840239774,1080094173,3182497402,3640170453
dimwishlist:item=3210792817&perks=1840239774,2126519017,3182497402,2048641572
dimwishlist:item=3210792817&perks=1840239774,2126519017,3182497402,243981275
dimwishlist:item=3210792817&perks=1840239774,2126519017,3182497402,3640170453


// The Helmsman ()
dimwishlist:item=3215649176&perks=1840239774,106909392,2458610193,654512643,2697390518
dimwishlist:item=3215649176&perks=1840239774,106909392,2458610193,654512643,1847323754
dimwishlist:item=3215649176&perks=1840239774,106909392,2458610193,4065965131,2697390518
dimwishlist:item=3215649176&perks=1840239774,106909392,2458610193,4065965131,1847323754
dimwishlist:item=3215649176&perks=1840239774,106909392,2458610193,1546637391,2697390518
dimwishlist:item=3215649176&perks=1840239774,106909392,2458610193,1546637391,1847323754
dimwishlist:item=3215649176&perks=1840239774,106909392,2458610193,1089671869,2697390518
dimwishlist:item=3215649176&perks=1840239774,106909392,2458610193,1089671869,1847323754
dimwishlist:item=3215649176&perks=1840239774,106909392,2133978453,654512643,2697390518
dimwishlist:item=3215649176&perks=1840239774,106909392,2133978453,654512643,1847323754
dimwishlist:item=3215649176&perks=1840239774,106909392,2133978453,4065965131,2697390518
dimwishlist:item=3215649176&perks=1840239774,106909392,2133978453,4065965131,1847323754
dimwishlist:item=3215649176&perks=1840239774,106909392,2133978453,1546637391,2697390518
dimwishlist:item=3215649176&perks=1840239774,106909392,2133978453,1546637391,1847323754
dimwishlist:item=3215649176&perks=1840239774,106909392,2133978453,1089671869,2697390518
dimwishlist:item=3215649176&perks=1840239774,106909392,2133978453,1089671869,1847323754
dimwishlist:item=3215649176&perks=1840239774,106909392,957782887,654512643,2697390518
dimwishlist:item=3215649176&perks=1840239774,106909392,957782887,654512643,1847323754
dimwishlist:item=3215649176&perks=1840239774,106909392,957782887,4065965131,2697390518
dimwishlist:item=3215649176&perks=1840239774,106909392,957782887,4065965131,1847323754
dimwishlist:item=3215649176&perks=1840239774,106909392,957782887,1546637391,2697390518
dimwishlist:item=3215649176&perks=1840239774,106909392,957782887,1546637391,1847323754
dimwishlist:item=3215649176&perks=1840239774,106909392,957782887,1089671869,2697390518
dimwishlist:item=3215649176&perks=1840239774,106909392,957782887,1089671869,1847323754
dimwishlist:item=3215649176&perks=1840239774,106909392,4116820839,654512643,2697390518
dimwishlist:item=3215649176&perks=1840239774,106909392,4116820839,654512643,1847323754
dimwishlist:item=3215649176&perks=1840239774,106909392,4116820839,4065965131,2697390518
dimwishlist:item=3215649176&perks=1840239774,106909392,4116820839,4065965131,1847323754
dimwishlist:item=3215649176&perks=1840239774,106909392,4116820839,1546637391,2697390518
dimwishlist:item=3215649176&perks=1840239774,106909392,4116820839,1546637391,1847323754
dimwishlist:item=3215649176&perks=1840239774,106909392,4116820839,1089671869,2697390518
dimwishlist:item=3215649176&perks=1840239774,106909392,4116820839,1089671869,1847323754
dimwishlist:item=3215649176&perks=1840239774,106909392,3978468247,654512643,2697390518
dimwishlist:item=3215649176&perks=1840239774,106909392,3978468247,654512643,1847323754
dimwishlist:item=3215649176&perks=1840239774,106909392,3978468247,4065965131,2697390518
dimwishlist:item=3215649176&perks=1840239774,106909392,3978468247,4065965131,1847323754
dimwishlist:item=3215649176&perks=1840239774,106909392,3978468247,1546637391,2697390518
dimwishlist:item=3215649176&perks=1840239774,106909392,3978468247,1546637391,1847323754
dimwishlist:item=3215649176&perks=1840239774,106909392,3978468247,1089671869,2697390518
dimwishlist:item=3215649176&perks=1840239774,106909392,3978468247,1089671869,1847323754


// Vouchsafe ()
dimwishlist:item=3218302023&perks=1840239774,1431678320,776531651,2048641572
dimwishlist:item=3218302023&perks=1840239774,1431678320,776531651,3038247973
dimwishlist:item=3218302023&perks=1840239774,1431678320,776531651,64866129
dimwishlist:item=3218302023&perks=1840239774,1431678320,776531651,1134488199
dimwishlist:item=3218302023&perks=1840239774,1431678320,3182497402,2048641572
dimwishlist:item=3218302023&perks=1840239774,1431678320,3182497402,3038247973
dimwishlist:item=3218302023&perks=1840239774,1431678320,3182497402,64866129
dimwishlist:item=3218302023&perks=1840239774,1431678320,3182497402,1134488199
dimwishlist:item=3218302023&perks=1840239774,1431678320,3700496672,2048641572
dimwishlist:item=3218302023&perks=1840239774,1431678320,3700496672,3038247973
dimwishlist:item=3218302023&perks=1840239774,1431678320,3700496672,64866129
dimwishlist:item=3218302023&perks=1840239774,1431678320,3700496672,1134488199

// Vulpecula ()
dimwishlist:item=3245446311&perks=1840239774,1431678320,3700496672,3038247973
dimwishlist:item=3245446311&perks=1840239774,1431678320,3700496672,64866129
dimwishlist:item=3245446311&perks=1840239774,1431678320,3700496672,2922950962
dimwishlist:item=3245446311&perks=1840239774,1431678320,124408337,3038247973
dimwishlist:item=3245446311&perks=1840239774,1431678320,124408337,64866129
dimwishlist:item=3245446311&perks=1840239774,1431678320,124408337,2922950962

// Qullim's Terminus (Harrowed) ()
dimwishlist:item=3248429089&perks=839105230,2420895100,3108830275,124408337
dimwishlist:item=3248429089&perks=839105230,2420895100,3108830275,2922950962
dimwishlist:item=3248429089&perks=839105230,2420895100,3108830275,2305480722
dimwishlist:item=3248429089&perks=839105230,2420895100,3523296417,124408337
dimwishlist:item=3248429089&perks=839105230,2420895100,3523296417,2922950962
dimwishlist:item=3248429089&perks=839105230,2420895100,3523296417,2305480722
dimwishlist:item=3248429089&perks=839105230,1431678320,3108830275,124408337
dimwishlist:item=3248429089&perks=839105230,1431678320,3108830275,2922950962
dimwishlist:item=3248429089&perks=839105230,1431678320,3108830275,2305480722
dimwishlist:item=3248429089&perks=839105230,1431678320,3523296417,124408337
dimwishlist:item=3248429089&perks=839105230,1431678320,3523296417,2922950962
dimwishlist:item=3248429089&perks=839105230,1431678320,3523296417,2305480722
imwishlist:item=3248429089&perks=1840239774,2420895100,3108830275,124408337
dimwishlist:item=3248429089&perks=1840239774,2420895100,3108830275,2922950962
dimwishlist:item=3248429089&perks=1840239774,2420895100,3108830275,2305480722
dimwishlist:item=3248429089&perks=1840239774,2420895100,3523296417,124408337
dimwishlist:item=3248429089&perks=1840239774,2420895100,3523296417,2922950962
dimwishlist:item=3248429089&perks=1840239774,2420895100,3523296417,2305480722
dimwishlist:item=3248429089&perks=1840239774,1431678320,3108830275,124408337
dimwishlist:item=3248429089&perks=1840239774,1431678320,3108830275,2922950962
dimwishlist:item=3248429089&perks=1840239774,1431678320,3108830275,2305480722
dimwishlist:item=3248429089&perks=1840239774,1431678320,3523296417,124408337
dimwishlist:item=3248429089&perks=1840239774,1431678320,3523296417,2922950962
dimwishlist:item=3248429089&perks=1840239774,1431678320,3523296417,2305480722

// The Recluse ()
dimwishlist:item=3257283337&perks=1840239774,1561002382,776531651,2048641572
dimwishlist:item=3257283337&perks=1840239774,1561002382,776531651,3640170453
dimwishlist:item=3257283337&perks=1840239774,1561002382,3182497402,2048641572
dimwishlist:item=3257283337&perks=1840239774,1561002382,3182497402,3640170453
dimwishlist:item=3257283337&perks=1840239774,1431678320,776531651,2048641572
dimwishlist:item=3257283337&perks=1840239774,1431678320,776531651,3640170453
dimwishlist:item=3257283337&perks=1840239774,1431678320,3182497402,2048641572
dimwishlist:item=3257283337&perks=1840239774,1431678320,3182497402,3640170453

// Reed's Regret ()
dimwishlist:item=3267997292&perks=1840239774,689005463,3400784728,2896038713
dimwishlist:item=3267997292&perks=1840239774,689005463,3400784728,2402480669
dimwishlist:item=3267997292&perks=1840239774,689005463,3400784728,1771339417
dimwishlist:item=3267997292&perks=1840239774,689005463,573122728,2896038713
dimwishlist:item=3267997292&perks=1840239774,689005463,573122728,2402480669
dimwishlist:item=3267997292&perks=1840239774,689005463,573122728,1771339417


// Posterity ()
dimwishlist:item=3281285075&perks=1840239774,1431678320,2173046394,3201496230
dimwishlist:item=3281285075&perks=1840239774,1431678320,2173046394,3038247973
dimwishlist:item=3281285075&perks=1840239774,1431678320,2173046394,64866129

// Mint Retrograde ()
dimwishlist:item=3285784871&perks=1478423395,106909392,2859149211,2396489472
dimwishlist:item=3285784871&perks=1478423395,106909392,2859149211,3081867624
dimwishlist:item=3285784871&perks=1478423395,106909392,831391274,2396489472
dimwishlist:item=3285784871&perks=1478423395,106909392,831391274,3081867624
dimwishlist:item=3285784871&perks=1478423395,106909392,2869569095,2396489472
dimwishlist:item=3285784871&perks=1478423395,106909392,2869569095,3081867624
dimwishlist:item=3285784871&perks=1478423395,2420895100,2859149211,2396489472
dimwishlist:item=3285784871&perks=1478423395,2420895100,2859149211,3081867624
dimwishlist:item=3285784871&perks=1478423395,2420895100,831391274,2396489472
dimwishlist:item=3285784871&perks=1478423395,2420895100,831391274,3081867624
dimwishlist:item=3285784871&perks=1478423395,2420895100,2869569095,2396489472
dimwishlist:item=3285784871&perks=1478423395,2420895100,2869569095,3081867624
dimwishlist:item=3285784871&perks=3525010810,106909392,2859149211,2396489472
dimwishlist:item=3285784871&perks=3525010810,106909392,2859149211,3081867624
dimwishlist:item=3285784871&perks=3525010810,106909392,831391274,2396489472
dimwishlist:item=3285784871&perks=3525010810,106909392,831391274,3081867624
dimwishlist:item=3285784871&perks=3525010810,106909392,2869569095,2396489472
dimwishlist:item=3285784871&perks=3525010810,106909392,2869569095,3081867624
dimwishlist:item=3285784871&perks=3525010810,2420895100,2859149211,2396489472
dimwishlist:item=3285784871&perks=3525010810,2420895100,2859149211,3081867624
dimwishlist:item=3285784871&perks=3525010810,2420895100,831391274,2396489472
dimwishlist:item=3285784871&perks=3525010810,2420895100,831391274,3081867624
dimwishlist:item=3285784871&perks=3525010810,2420895100,2869569095,2396489472
dimwishlist:item=3285784871&perks=3525010810,2420895100,2869569095,3081867624


// Yeartide Apex ()
dimwishlist:item=3293207827&perks=1840239774,1561002382,3017780555,4293542123
dimwishlist:item=3293207827&perks=1840239774,1561002382,3017780555,2890807135
dimwishlist:item=3293207827&perks=1840239774,1561002382,3017780555,3640170453
dimwishlist:item=3293207827&perks=1840239774,1561002382,243981275,4293542123
dimwishlist:item=3293207827&perks=1840239774,1561002382,243981275,2890807135
dimwishlist:item=3293207827&perks=1840239774,1561002382,243981275,3640170453
dimwishlist:item=3293207827&perks=1840239774,1431678320,3017780555,4293542123
dimwishlist:item=3293207827&perks=1840239774,1431678320,3017780555,2890807135
dimwishlist:item=3293207827&perks=1840239774,1431678320,3017780555,3640170453
dimwishlist:item=3293207827&perks=1840239774,1431678320,243981275,4293542123
dimwishlist:item=3293207827&perks=1840239774,1431678320,243981275,2890807135
dimwishlist:item=3293207827&perks=1840239774,1431678320,243981275,3640170453

// The Ringing Nail ()
dimwishlist:item=3326135421&perks=839105230,1431678320,4293542123,2890807135
dimwishlist:item=3326135421&perks=839105230,1431678320,4293542123,3824105627
dimwishlist:item=3326135421&perks=839105230,1431678320,4293542123,95528736
dimwishlist:item=3326135421&perks=839105230,1431678320,4293542123,956288240
dimwishlist:item=3326135421&perks=839105230,1431678320,3017780555,2890807135
dimwishlist:item=3326135421&perks=839105230,1431678320,3017780555,3824105627
dimwishlist:item=3326135421&perks=839105230,1431678320,3017780555,95528736
dimwishlist:item=3326135421&perks=839105230,1431678320,3017780555,956288240
dimwishlist:item=3326135421&perks=839105230,1431678320,2360347339,2890807135
dimwishlist:item=3326135421&perks=839105230,1431678320,2360347339,3824105627
dimwishlist:item=3326135421&perks=839105230,1431678320,2360347339,95528736
dimwishlist:item=3326135421&perks=839105230,1431678320,2360347339,956288240
dimwishlist:item=3326135421&perks=839105230,1431678320,4096144819,2890807135
dimwishlist:item=3326135421&perks=839105230,1431678320,4096144819,3824105627
dimwishlist:item=3326135421&perks=839105230,1431678320,4096144819,95528736
dimwishlist:item=3326135421&perks=839105230,1431678320,4096144819,956288240
imwishlist:item=3326135421&perks=839105230,1561002382,4293542123,2890807135
dimwishlist:item=3326135421&perks=839105230,1561002382,4293542123,3824105627
dimwishlist:item=3326135421&perks=839105230,1561002382,4293542123,95528736
dimwishlist:item=3326135421&perks=839105230,1561002382,4293542123,956288240
dimwishlist:item=3326135421&perks=839105230,1561002382,3017780555,2890807135
dimwishlist:item=3326135421&perks=839105230,1561002382,3017780555,3824105627
dimwishlist:item=3326135421&perks=839105230,1561002382,3017780555,95528736
dimwishlist:item=3326135421&perks=839105230,1561002382,3017780555,956288240
dimwishlist:item=3326135421&perks=839105230,1561002382,2360347339,2890807135
dimwishlist:item=3326135421&perks=839105230,1561002382,2360347339,3824105627
dimwishlist:item=3326135421&perks=839105230,1561002382,2360347339,95528736
dimwishlist:item=3326135421&perks=839105230,1561002382,2360347339,956288240
dimwishlist:item=3326135421&perks=839105230,1561002382,4096144819,2890807135
dimwishlist:item=3326135421&perks=839105230,1561002382,4096144819,3824105627
dimwishlist:item=3326135421&perks=839105230,1561002382,4096144819,95528736
dimwishlist:item=3326135421&perks=839105230,1561002382,4096144819,956288240
dimwishlist:item=3326135421&perks=1840239774,1431678320,4293542123,2890807135
dimwishlist:item=3326135421&perks=1840239774,1431678320,4293542123,3824105627
dimwishlist:item=3326135421&perks=1840239774,1431678320,4293542123,95528736
dimwishlist:item=3326135421&perks=1840239774,1431678320,4293542123,956288240
dimwishlist:item=3326135421&perks=1840239774,1431678320,3017780555,2890807135
dimwishlist:item=3326135421&perks=1840239774,1431678320,3017780555,3824105627
dimwishlist:item=3326135421&perks=1840239774,1431678320,3017780555,95528736
dimwishlist:item=3326135421&perks=1840239774,1431678320,3017780555,956288240
dimwishlist:item=3326135421&perks=1840239774,1431678320,2360347339,2890807135
dimwishlist:item=3326135421&perks=1840239774,1431678320,2360347339,3824105627
dimwishlist:item=3326135421&perks=1840239774,1431678320,2360347339,95528736
dimwishlist:item=3326135421&perks=1840239774,1431678320,2360347339,956288240
dimwishlist:item=3326135421&perks=1840239774,1431678320,4096144819,2890807135
dimwishlist:item=3326135421&perks=1840239774,1431678320,4096144819,3824105627
dimwishlist:item=3326135421&perks=1840239774,1431678320,4096144819,95528736
dimwishlist:item=3326135421&perks=1840239774,1431678320,4096144819,956288240
imwishlist:item=3326135421&perks=1840239774,1561002382,4293542123,2890807135
dimwishlist:item=3326135421&perks=1840239774,1561002382,4293542123,3824105627
dimwishlist:item=3326135421&perks=1840239774,1561002382,4293542123,95528736
dimwishlist:item=3326135421&perks=1840239774,1561002382,4293542123,956288240
dimwishlist:item=3326135421&perks=1840239774,1561002382,3017780555,2890807135
dimwishlist:item=3326135421&perks=1840239774,1561002382,3017780555,3824105627
dimwishlist:item=3326135421&perks=1840239774,1561002382,3017780555,95528736
dimwishlist:item=3326135421&perks=1840239774,1561002382,3017780555,956288240
dimwishlist:item=3326135421&perks=1840239774,1561002382,2360347339,2890807135
dimwishlist:item=3326135421&perks=1840239774,1561002382,2360347339,3824105627
dimwishlist:item=3326135421&perks=1840239774,1561002382,2360347339,95528736
dimwishlist:item=3326135421&perks=1840239774,1561002382,2360347339,956288240
dimwishlist:item=3326135421&perks=1840239774,1561002382,4096144819,2890807135
dimwishlist:item=3326135421&perks=1840239774,1561002382,4096144819,3824105627
dimwishlist:item=3326135421&perks=1840239774,1561002382,4096144819,95528736
dimwishlist:item=3326135421&perks=1840239774,1561002382,4096144819,956288240


// Bug-Out Bag ()
dimwishlist:item=3327901954&perks=839105230,1431678320,776531651,2048641572
dimwishlist:item=3327901954&perks=839105230,1431678320,776531651,3324494224
dimwishlist:item=3327901954&perks=839105230,1431678320,243981275,2048641572
dimwishlist:item=3327901954&perks=839105230,1431678320,243981275,3324494224
imwishlist:item=3327901954&perks=839105230,1561002382,776531651,2048641572
dimwishlist:item=3327901954&perks=839105230,1561002382,776531651,3324494224
dimwishlist:item=3327901954&perks=839105230,1561002382,243981275,2048641572
dimwishlist:item=3327901954&perks=839105230,1561002382,243981275,3324494224
dimwishlist:item=3327901954&perks=1840239774,1431678320,776531651,2048641572
dimwishlist:item=3327901954&perks=1840239774,1431678320,776531651,3324494224
dimwishlist:item=3327901954&perks=1840239774,1431678320,243981275,2048641572
dimwishlist:item=3327901954&perks=1840239774,1431678320,243981275,3324494224
imwishlist:item=3327901954&perks=1840239774,1561002382,776531651,2048641572
dimwishlist:item=3327901954&perks=1840239774,1561002382,776531651,3324494224
dimwishlist:item=3327901954&perks=1840239774,1561002382,243981275,2048641572
dimwishlist:item=3327901954&perks=1840239774,1561002382,243981275,3324494224


// Arcane Embrace ()
dimwishlist:item=3328019216&perks=1840239774,1087426260,1354429876,3708227201
dimwishlist:item=3328019216&perks=1840239774,1087426260,1354429876,3764420437
dimwishlist:item=3328019216&perks=1840239774,1087426260,1523832109,3708227201
dimwishlist:item=3328019216&perks=1840239774,1087426260,1523832109,3764420437
dimwishlist:item=3328019216&perks=1840239774,1087426260,1631667848,3708227201
dimwishlist:item=3328019216&perks=1840239774,1087426260,1631667848,3764420437


// Scathelocke ()
dimwishlist:item=3332538050&perks=1840239774,1431678320,243981275,3891536761
dimwishlist:item=3332538050&perks=1840239774,1431678320,243981275,1202584452
dimwishlist:item=3332538050&perks=1840239774,1431678320,243981275,2138673996
dimwishlist:item=3332538050&perks=1840239774,1431678320,3700496672,3891536761
dimwishlist:item=3332538050&perks=1840239774,1431678320,3700496672,1202584452
dimwishlist:item=3332538050&perks=1840239774,1431678320,3700496672,2138673996
imwishlist:item=3332538050&perks=839105230,1431678320,243981275,3891536761
dimwishlist:item=3332538050&perks=839105230,1431678320,243981275,1202584452
dimwishlist:item=3332538050&perks=839105230,1431678320,243981275,2138673996
dimwishlist:item=3332538050&perks=839105230,1431678320,3700496672,3891536761
dimwishlist:item=3332538050&perks=839105230,1431678320,3700496672,1202584452
dimwishlist:item=3332538050&perks=839105230,1431678320,3700496672,2138673996

// The Eremite ()
dimwishlist:item=3347946548&perks=839105230,689005463,968510818,2594592626
dimwishlist:item=3347946548&perks=839105230,689005463,968510818,1427256713
dimwishlist:item=3347946548&perks=839105230,689005463,424370782,2594592626
dimwishlist:item=3347946548&perks=839105230,689005463,424370782,1427256713
dimwishlist:item=3347946548&perks=1840239774,689005463,968510818,2594592626
dimwishlist:item=3347946548&perks=1840239774,689005463,968510818,1427256713
dimwishlist:item=3347946548&perks=1840239774,689005463,424370782,2594592626
dimwishlist:item=3347946548&perks=1840239774,689005463,424370782,1427256713


// Unvoiced ()
dimwishlist:item=3360937899&perks=1840239774,791862061,3201496230,1089671869
dimwishlist:item=3360937899&perks=1840239774,791862061,3201496230,3078487919
dimwishlist:item=3360937899&perks=1840239774,791862061,3201496230,1546637391
dimwishlist:item=3360937899&perks=1840239774,791862061,1354429876,1089671869
dimwishlist:item=3360937899&perks=1840239774,791862061,1354429876,3078487919
dimwishlist:item=3360937899&perks=1840239774,791862061,1354429876,1546637391
dimwishlist:item=3360937899&perks=1840239774,1488599449,3201496230,1089671869
dimwishlist:item=3360937899&perks=1840239774,1488599449,3201496230,3078487919
dimwishlist:item=3360937899&perks=1840239774,1488599449,3201496230,1546637391
dimwishlist:item=3360937899&perks=1840239774,1488599449,1354429876,1089671869
dimwishlist:item=3360937899&perks=1840239774,1488599449,1354429876,3078487919
dimwishlist:item=3360937899&perks=1840239774,1488599449,1354429876,1546637391


// Bequest ()
dimwishlist:item=3366545721&perks=3666208348,269888150,1749209109,3708227201
dimwishlist:item=3366545721&perks=3666208348,269888150,1749209109,3201496230
dimwishlist:item=3366545721&perks=3666208348,269888150,1749209109,1089671869
dimwishlist:item=3366545721&perks=3666208348,269888150,3966416502,3708227201
dimwishlist:item=3366545721&perks=3666208348,269888150,3966416502,3201496230
dimwishlist:item=3366545721&perks=3666208348,269888150,3966416502,1089671869


// Tyranny of Heaven ()
dimwishlist:item=3388655311&perks=2801223209,16392701,2890807135,4293542123
dimwishlist:item=3388655311&perks=2801223209,16392701,2890807135,3414324643
dimwishlist:item=3388655311&perks=2801223209,16392701,2890807135,2662236651
dimwishlist:item=3388655311&perks=2801223209,16392701,657025441,4293542123
dimwishlist:item=3388655311&perks=2801223209,16392701,657025441,3414324643
dimwishlist:item=3388655311&perks=2801223209,16392701,657025441,2662236651
dimwishlist:item=3388655311&perks=2801223209,16392701,4196156997,4293542123
dimwishlist:item=3388655311&perks=2801223209,16392701,4196156997,3414324643
dimwishlist:item=3388655311&perks=2801223209,16392701,4196156997,2662236651


// Something Something ()
dimwishlist:item=3421075982&perks=1840239774,2420895100,3400784728,1089671869
dimwishlist:item=3421075982&perks=1840239774,2420895100,3400784728,3201496230
dimwishlist:item=3421075982&perks=1840239774,2420895100,3400784728,1226351311
dimwishlist:item=3421075982&perks=1840239774,2420895100,573122728,1089671869
dimwishlist:item=3421075982&perks=1840239774,2420895100,573122728,3201496230
dimwishlist:item=3421075982&perks=1840239774,2420895100,573122728,1226351311
dimwishlist:item=3421075982&perks=1840239774,2420895100,3978468247,1089671869
dimwishlist:item=3421075982&perks=1840239774,2420895100,3978468247,3201496230
dimwishlist:item=3421075982&perks=1840239774,2420895100,3978468247,1226351311


// Insidious ()
dimwishlist:item=3428521585&perks=839105230,1431678320,2848615171,2173046394
dimwishlist:item=3428521585&perks=839105230,1431678320,2848615171,3640170453
dimwishlist:item=3428521585&perks=839105230,1431678320,169755979,2173046394
dimwishlist:item=3428521585&perks=839105230,1431678320,169755979,3640170453
dimwishlist:item=3428521585&perks=839105230,1431678320,3218042543,2173046394
dimwishlist:item=3428521585&perks=839105230,1431678320,3218042543,3640170453
dimwishlist:item=3428521585&perks=839105230,1431678320,2633604463,2173046394
dimwishlist:item=3428521585&perks=839105230,1431678320,2633604463,3640170453
dimwishlist:item=3428521585&perks=839105230,1431678320,4104185692,2173046394
dimwishlist:item=3428521585&perks=839105230,1431678320,4104185692,3640170453
dimwishlist:item=3428521585&perks=839105230,1431678320,3007133316,2173046394
dimwishlist:item=3428521585&perks=839105230,1431678320,3007133316,3640170453
imwishlist:item=3428521585&perks=1840239774,1431678320,2848615171,2173046394
dimwishlist:item=3428521585&perks=1840239774,1431678320,2848615171,3640170453
dimwishlist:item=3428521585&perks=1840239774,1431678320,169755979,2173046394
dimwishlist:item=3428521585&perks=1840239774,1431678320,169755979,3640170453
dimwishlist:item=3428521585&perks=1840239774,1431678320,3218042543,2173046394
dimwishlist:item=3428521585&perks=1840239774,1431678320,3218042543,3640170453
dimwishlist:item=3428521585&perks=1840239774,1431678320,2633604463,2173046394
dimwishlist:item=3428521585&perks=1840239774,1431678320,2633604463,3640170453
dimwishlist:item=3428521585&perks=1840239774,1431678320,4104185692,2173046394
dimwishlist:item=3428521585&perks=1840239774,1431678320,4104185692,3640170453
dimwishlist:item=3428521585&perks=1840239774,1431678320,3007133316,2173046394
dimwishlist:item=3428521585&perks=1840239774,1431678320,3007133316,3640170453

// Gunburn ()
dimwishlist:item=3431536253&perks=839105230,1431678320,1570399071,3891536761
dimwishlist:item=3431536253&perks=839105230,1431678320,1570399071,1202584452
dimwishlist:item=3431536253&perks=839105230,1431678320,1570399071,2138673996
dimwishlist:item=3431536253&perks=839105230,1431678320,1661646271,3891536761
dimwishlist:item=3431536253&perks=839105230,1431678320,1661646271,1202584452
dimwishlist:item=3431536253&perks=839105230,1431678320,1661646271,2138673996
dimwishlist:item=3431536253&perks=839105230,1431678320,2289534249,3891536761
dimwishlist:item=3431536253&perks=839105230,1431678320,2289534249,1202584452
dimwishlist:item=3431536253&perks=839105230,1431678320,2289534249,2138673996
imwishlist:item=3431536253&perks=1840239774,1431678320,1570399071,3891536761
dimwishlist:item=3431536253&perks=1840239774,1431678320,1570399071,1202584452
dimwishlist:item=3431536253&perks=1840239774,1431678320,1570399071,2138673996
dimwishlist:item=3431536253&perks=1840239774,1431678320,1661646271,3891536761
dimwishlist:item=3431536253&perks=1840239774,1431678320,1661646271,1202584452
dimwishlist:item=3431536253&perks=1840239774,1431678320,1661646271,2138673996
dimwishlist:item=3431536253&perks=1840239774,1431678320,2289534249,3891536761
dimwishlist:item=3431536253&perks=1840239774,1431678320,2289534249,1202584452
dimwishlist:item=3431536253&perks=1840239774,1431678320,2289534249,2138673996

// Vision of Confluence ()
dimwishlist:item=3444688218&perks=1840239774,1431678320,3017780555,3038247973
dimwishlist:item=3444688218&perks=1840239774,1431678320,3017780555,64866129
dimwishlist:item=3444688218&perks=1840239774,1431678320,3017780555,3824105627
dimwishlist:item=3444688218&perks=1840239774,1431678320,3017780555,2890807135
dimwishlist:item=3444688218&perks=1840239774,1431678320,4293542123,3038247973
dimwishlist:item=3444688218&perks=1840239774,1431678320,4293542123,64866129
dimwishlist:item=3444688218&perks=1840239774,1431678320,4293542123,3824105627
dimwishlist:item=3444688218&perks=1840239774,1431678320,4293542123,2890807135

// Rapid Growth ()
dimwishlist:item=3448712083&perks=1840239774,106909392,1354429876,654512643
dimwishlist:item=3448712083&perks=1840239774,106909392,1354429876,4065965131
dimwishlist:item=3448712083&perks=1840239774,106909392,1354429876,3764420437


// Hardline Cut ()
dimwishlist:item=3461043766&perks=3666208348,2349202967,243981275,3708227201
dimwishlist:item=3461043766&perks=3666208348,2349202967,243981275,3913600130
dimwishlist:item=3461043766&perks=3666208348,2349202967,243981275,2077819806
dimwishlist:item=3461043766&perks=3666208348,2349202967,1749209109,3708227201
dimwishlist:item=3461043766&perks=3666208348,2349202967,1749209109,3913600130
dimwishlist:item=3461043766&perks=3666208348,2349202967,1749209109,2077819806
dimwishlist:item=3461043766&perks=3666208348,2349202967,2244851822,3708227201
dimwishlist:item=3461043766&perks=3666208348,2349202967,2244851822,3913600130
dimwishlist:item=3461043766&perks=3666208348,2349202967,2244851822,2077819806
dimwishlist:item=3461043766&perks=3666208348,2349202967,2860991074,3708227201
dimwishlist:item=3461043766&perks=3666208348,2349202967,2860991074,3913600130
dimwishlist:item=3461043766&perks=3666208348,2349202967,2860991074,2077819806
dimwishlist:item=3461043766&perks=3666208348,269888150,243981275,3708227201
dimwishlist:item=3461043766&perks=3666208348,269888150,243981275,3913600130
dimwishlist:item=3461043766&perks=3666208348,269888150,243981275,2077819806
dimwishlist:item=3461043766&perks=3666208348,269888150,1749209109,3708227201
dimwishlist:item=3461043766&perks=3666208348,269888150,1749209109,3913600130
dimwishlist:item=3461043766&perks=3666208348,269888150,1749209109,2077819806
dimwishlist:item=3461043766&perks=3666208348,269888150,2244851822,3708227201
dimwishlist:item=3461043766&perks=3666208348,269888150,2244851822,3913600130
dimwishlist:item=3461043766&perks=3666208348,269888150,2244851822,2077819806
dimwishlist:item=3461043766&perks=3666208348,269888150,2860991074,3708227201
dimwishlist:item=3461043766&perks=3666208348,269888150,2860991074,3913600130
dimwishlist:item=3461043766&perks=3666208348,269888150,2860991074,2077819806
dimwishlist:item=3461043766&perks=938542991,2349202967,243981275,3708227201
dimwishlist:item=3461043766&perks=938542991,2349202967,243981275,3913600130
dimwishlist:item=3461043766&perks=938542991,2349202967,243981275,2077819806
dimwishlist:item=3461043766&perks=938542991,2349202967,1749209109,3708227201
dimwishlist:item=3461043766&perks=938542991,2349202967,1749209109,3913600130
dimwishlist:item=3461043766&perks=938542991,2349202967,1749209109,2077819806
dimwishlist:item=3461043766&perks=938542991,2349202967,2244851822,3708227201
dimwishlist:item=3461043766&perks=938542991,2349202967,2244851822,3913600130
dimwishlist:item=3461043766&perks=938542991,2349202967,2244851822,2077819806
dimwishlist:item=3461043766&perks=938542991,2349202967,2860991074,3708227201
dimwishlist:item=3461043766&perks=938542991,2349202967,2860991074,3913600130
dimwishlist:item=3461043766&perks=938542991,2349202967,2860991074,2077819806
dimwishlist:item=3461043766&perks=938542991,269888150,243981275,3708227201
dimwishlist:item=3461043766&perks=938542991,269888150,243981275,3913600130
dimwishlist:item=3461043766&perks=938542991,269888150,243981275,2077819806
dimwishlist:item=3461043766&perks=938542991,269888150,1749209109,3708227201
dimwishlist:item=3461043766&perks=938542991,269888150,1749209109,3913600130
dimwishlist:item=3461043766&perks=938542991,269888150,1749209109,2077819806
dimwishlist:item=3461043766&perks=938542991,269888150,2244851822,3708227201
dimwishlist:item=3461043766&perks=938542991,269888150,2244851822,3913600130
dimwishlist:item=3461043766&perks=938542991,269888150,2244851822,2077819806
dimwishlist:item=3461043766&perks=938542991,269888150,2860991074,3708227201
dimwishlist:item=3461043766&perks=938542991,269888150,2860991074,3913600130
dimwishlist:item=3461043766&perks=938542991,269888150,2860991074,2077819806


// Unsworn ()
dimwishlist:item=3462679024&perks=1840239774,2749775325,3700496672,4198902903
dimwishlist:item=3462679024&perks=1840239774,2749775325,3700496672,222783511
dimwishlist:item=3462679024&perks=1840239774,2749775325,3700496672,3640170453
dimwishlist:item=3462679024&perks=1840239774,2749775325,3700496672,831391274
dimwishlist:item=3462679024&perks=1840239774,2749775325,960997401,4198902903
dimwishlist:item=3462679024&perks=1840239774,2749775325,960997401,222783511
dimwishlist:item=3462679024&perks=1840239774,2749775325,960997401,3640170453
dimwishlist:item=3462679024&perks=1840239774,2749775325,960997401,831391274
dimwishlist:item=3462679024&perks=1840239774,2749775325,3244229373,4198902903
dimwishlist:item=3462679024&perks=1840239774,2749775325,3244229373,222783511
dimwishlist:item=3462679024&perks=1840239774,2749775325,3244229373,3640170453
dimwishlist:item=3462679024&perks=1840239774,2749775325,3244229373,831391274
dimwishlist:item=3462679024&perks=1840239774,2073750249,3700496672,4198902903
dimwishlist:item=3462679024&perks=1840239774,2073750249,3700496672,222783511
dimwishlist:item=3462679024&perks=1840239774,2073750249,3700496672,3640170453
dimwishlist:item=3462679024&perks=1840239774,2073750249,3700496672,831391274
dimwishlist:item=3462679024&perks=1840239774,2073750249,960997401,4198902903
dimwishlist:item=3462679024&perks=1840239774,2073750249,960997401,222783511
dimwishlist:item=3462679024&perks=1840239774,2073750249,960997401,3640170453
dimwishlist:item=3462679024&perks=1840239774,2073750249,960997401,831391274
dimwishlist:item=3462679024&perks=1840239774,2073750249,3244229373,4198902903
dimwishlist:item=3462679024&perks=1840239774,2073750249,3244229373,222783511
dimwishlist:item=3462679024&perks=1840239774,2073750249,3244229373,3640170453
dimwishlist:item=3462679024&perks=1840239774,2073750249,3244229373,831391274


// Love and Death ()
dimwishlist:item=3482299617&perks=3525010810,2822142346,3751912585,2396489472
dimwishlist:item=3482299617&perks=3525010810,2822142346,3751912585,3078487919
dimwishlist:item=3482299617&perks=3525010810,2822142346,3751912585,3764420437
dimwishlist:item=3482299617&perks=3525010810,2822142346,3987942396,2396489472
dimwishlist:item=3482299617&perks=3525010810,2822142346,3987942396,3078487919
dimwishlist:item=3482299617&perks=3525010810,2822142346,3987942396,3764420437
dimwishlist:item=3482299617&perks=3525010810,2822142346,2360347339,2396489472
dimwishlist:item=3482299617&perks=3525010810,2822142346,2360347339,3078487919
dimwishlist:item=3482299617&perks=3525010810,2822142346,2360347339,3764420437
dimwishlist:item=3482299617&perks=3525010810,2822142346,4096144819,2396489472
dimwishlist:item=3482299617&perks=3525010810,2822142346,4096144819,3078487919
dimwishlist:item=3482299617&perks=3525010810,2822142346,4096144819,3764420437


// Unwavering Duty ()
dimwishlist:item=3489054606&perks=839105230,2420895100,3300816228,2890807135
dimwishlist:item=3489054606&perks=839105230,2420895100,3300816228,557221067
dimwishlist:item=3489054606&perks=839105230,2420895100,3300816228,2896748467
dimwishlist:item=3489054606&perks=839105230,2420895100,4293542123,2890807135
dimwishlist:item=3489054606&perks=839105230,2420895100,4293542123,557221067
dimwishlist:item=3489054606&perks=839105230,2420895100,4293542123,2896748467
dimwishlist:item=3489054606&perks=839105230,2420895100,3425386926,2890807135
dimwishlist:item=3489054606&perks=839105230,2420895100,3425386926,557221067
dimwishlist:item=3489054606&perks=839105230,2420895100,3425386926,2896748467
dimwishlist:item=3489054606&perks=839105230,1561002382,3300816228,2890807135
dimwishlist:item=3489054606&perks=839105230,1561002382,3300816228,557221067
dimwishlist:item=3489054606&perks=839105230,1561002382,3300816228,2896748467
dimwishlist:item=3489054606&perks=839105230,1561002382,4293542123,2890807135
dimwishlist:item=3489054606&perks=839105230,1561002382,4293542123,557221067
dimwishlist:item=3489054606&perks=839105230,1561002382,4293542123,2896748467
dimwishlist:item=3489054606&perks=839105230,1561002382,3425386926,2890807135
dimwishlist:item=3489054606&perks=839105230,1561002382,3425386926,557221067
dimwishlist:item=3489054606&perks=839105230,1561002382,3425386926,2896748467
dimwishlist:item=3489054606&perks=839105230,1431678320,3300816228,2890807135
dimwishlist:item=3489054606&perks=839105230,1431678320,3300816228,557221067
dimwishlist:item=3489054606&perks=839105230,1431678320,3300816228,2896748467
dimwishlist:item=3489054606&perks=839105230,1431678320,4293542123,2890807135
dimwishlist:item=3489054606&perks=839105230,1431678320,4293542123,557221067
dimwishlist:item=3489054606&perks=839105230,1431678320,4293542123,2896748467
dimwishlist:item=3489054606&perks=839105230,1431678320,3425386926,2890807135
dimwishlist:item=3489054606&perks=839105230,1431678320,3425386926,557221067
dimwishlist:item=3489054606&perks=839105230,1431678320,3425386926,2896748467
imwishlist:item=3489054606&perks=1840239774,2420895100,3300816228,2890807135
dimwishlist:item=3489054606&perks=1840239774,2420895100,3300816228,557221067
dimwishlist:item=3489054606&perks=1840239774,2420895100,3300816228,2896748467
dimwishlist:item=3489054606&perks=1840239774,2420895100,4293542123,2890807135
dimwishlist:item=3489054606&perks=1840239774,2420895100,4293542123,557221067
dimwishlist:item=3489054606&perks=1840239774,2420895100,4293542123,2896748467
dimwishlist:item=3489054606&perks=1840239774,2420895100,3425386926,2890807135
dimwishlist:item=3489054606&perks=1840239774,2420895100,3425386926,557221067
dimwishlist:item=3489054606&perks=1840239774,2420895100,3425386926,2896748467
dimwishlist:item=3489054606&perks=1840239774,1561002382,3300816228,2890807135
dimwishlist:item=3489054606&perks=1840239774,1561002382,3300816228,557221067
dimwishlist:item=3489054606&perks=1840239774,1561002382,3300816228,2896748467
dimwishlist:item=3489054606&perks=1840239774,1561002382,4293542123,2890807135
dimwishlist:item=3489054606&perks=1840239774,1561002382,4293542123,557221067
dimwishlist:item=3489054606&perks=1840239774,1561002382,4293542123,2896748467
dimwishlist:item=3489054606&perks=1840239774,1561002382,3425386926,2890807135
dimwishlist:item=3489054606&perks=1840239774,1561002382,3425386926,557221067
dimwishlist:item=3489054606&perks=1840239774,1561002382,3425386926,2896748467
dimwishlist:item=3489054606&perks=1840239774,1431678320,3300816228,2890807135
dimwishlist:item=3489054606&perks=1840239774,1431678320,3300816228,557221067
dimwishlist:item=3489054606&perks=1840239774,1431678320,3300816228,2896748467
dimwishlist:item=3489054606&perks=1840239774,1431678320,4293542123,2890807135
dimwishlist:item=3489054606&perks=1840239774,1431678320,4293542123,557221067
dimwishlist:item=3489054606&perks=1840239774,1431678320,4293542123,2896748467
dimwishlist:item=3489054606&perks=1840239774,1431678320,3425386926,2890807135
dimwishlist:item=3489054606&perks=1840239774,1431678320,3425386926,557221067
dimwishlist:item=3489054606&perks=1840239774,1431678320,3425386926,2896748467

// Acasia's Dejection (Adept) ()
dimwishlist:item=3493494807&perks=1840239774,2749775325,2869569095,4293542123
dimwishlist:item=3493494807&perks=1840239774,2749775325,2869569095,4198902903
dimwishlist:item=3493494807&perks=1840239774,2749775325,2869569095,222783511
dimwishlist:item=3493494807&perks=1840239774,2749775325,2869569095,3640170453
dimwishlist:item=3493494807&perks=1840239774,2749775325,1523832109,4293542123
dimwishlist:item=3493494807&perks=1840239774,2749775325,1523832109,4198902903
dimwishlist:item=3493494807&perks=1840239774,2749775325,1523832109,222783511
dimwishlist:item=3493494807&perks=1840239774,2749775325,1523832109,3640170453
dimwishlist:item=3493494807&perks=1840239774,2749775325,2890807135,4293542123
dimwishlist:item=3493494807&perks=1840239774,2749775325,2890807135,4198902903
dimwishlist:item=3493494807&perks=1840239774,2749775325,2890807135,222783511
dimwishlist:item=3493494807&perks=1840239774,2749775325,2890807135,3640170453
dimwishlist:item=3493494807&perks=1840239774,2073750249,2869569095,4293542123
dimwishlist:item=3493494807&perks=1840239774,2073750249,2869569095,4198902903
dimwishlist:item=3493494807&perks=1840239774,2073750249,2869569095,222783511
dimwishlist:item=3493494807&perks=1840239774,2073750249,2869569095,3640170453
dimwishlist:item=3493494807&perks=1840239774,2073750249,1523832109,4293542123
dimwishlist:item=3493494807&perks=1840239774,2073750249,1523832109,4198902903
dimwishlist:item=3493494807&perks=1840239774,2073750249,1523832109,222783511
dimwishlist:item=3493494807&perks=1840239774,2073750249,1523832109,3640170453
dimwishlist:item=3493494807&perks=1840239774,2073750249,2890807135,4293542123
dimwishlist:item=3493494807&perks=1840239774,2073750249,2890807135,4198902903
dimwishlist:item=3493494807&perks=1840239774,2073750249,2890807135,222783511
dimwishlist:item=3493494807&perks=1840239774,2073750249,2890807135,3640170453


// Joxer's Longsword ()
dimwishlist:item=3538003989&perks=1840239774,1431678320,2848615171,2048641572,3713579091
dimwishlist:item=3538003989&perks=1840239774,1431678320,2848615171,2048641572,2671305723
dimwishlist:item=3538003989&perks=1840239774,1431678320,2848615171,1134488199,3713579091
dimwishlist:item=3538003989&perks=1840239774,1431678320,2848615171,1134488199,2671305723
dimwishlist:item=3538003989&perks=1840239774,1431678320,2848615171,1015611457,3713579091
dimwishlist:item=3538003989&perks=1840239774,1431678320,2848615171,1015611457,2671305723
dimwishlist:item=3538003989&perks=1840239774,1431678320,2848615171,2923251173,3713579091
dimwishlist:item=3538003989&perks=1840239774,1431678320,2848615171,2923251173,2671305723
dimwishlist:item=3538003989&perks=1840239774,1431678320,169755979,2048641572,3713579091
dimwishlist:item=3538003989&perks=1840239774,1431678320,169755979,2048641572,2671305723
dimwishlist:item=3538003989&perks=1840239774,1431678320,169755979,1134488199,3713579091
dimwishlist:item=3538003989&perks=1840239774,1431678320,169755979,1134488199,2671305723
dimwishlist:item=3538003989&perks=1840239774,1431678320,169755979,1015611457,3713579091
dimwishlist:item=3538003989&perks=1840239774,1431678320,169755979,1015611457,2671305723
dimwishlist:item=3538003989&perks=1840239774,1431678320,169755979,2923251173,3713579091
dimwishlist:item=3538003989&perks=1840239774,1431678320,169755979,2923251173,2671305723
dimwishlist:item=3538003989&perks=1840239774,1431678320,776531651,2048641572,3713579091
dimwishlist:item=3538003989&perks=1840239774,1431678320,776531651,2048641572,2671305723
dimwishlist:item=3538003989&perks=1840239774,1431678320,776531651,1134488199,3713579091
dimwishlist:item=3538003989&perks=1840239774,1431678320,776531651,1134488199,2671305723
dimwishlist:item=3538003989&perks=1840239774,1431678320,776531651,1015611457,3713579091
dimwishlist:item=3538003989&perks=1840239774,1431678320,776531651,1015611457,2671305723
dimwishlist:item=3538003989&perks=1840239774,1431678320,776531651,2923251173,3713579091
dimwishlist:item=3538003989&perks=1840239774,1431678320,776531651,2923251173,2671305723
dimwishlist:item=3538003989&perks=1840239774,1431678320,3700496672,2048641572,3713579091
dimwishlist:item=3538003989&perks=1840239774,1431678320,3700496672,2048641572,2671305723
dimwishlist:item=3538003989&perks=1840239774,1431678320,3700496672,1134488199,3713579091
dimwishlist:item=3538003989&perks=1840239774,1431678320,3700496672,1134488199,2671305723
dimwishlist:item=3538003989&perks=1840239774,1431678320,3700496672,1015611457,3713579091
dimwishlist:item=3538003989&perks=1840239774,1431678320,3700496672,1015611457,2671305723
dimwishlist:item=3538003989&perks=1840239774,1431678320,3700496672,2923251173,3713579091
dimwishlist:item=3538003989&perks=1840239774,1431678320,3700496672,2923251173,2671305723
imwishlist:item=3538003989&perks=1840239774,1561002382,2848615171,2048641572,3713579091
dimwishlist:item=3538003989&perks=1840239774,1561002382,2848615171,2048641572,2671305723
dimwishlist:item=3538003989&perks=1840239774,1561002382,2848615171,1134488199,3713579091
dimwishlist:item=3538003989&perks=1840239774,1561002382,2848615171,1134488199,2671305723
dimwishlist:item=3538003989&perks=1840239774,1561002382,2848615171,1015611457,3713579091
dimwishlist:item=3538003989&perks=1840239774,1561002382,2848615171,1015611457,2671305723
dimwishlist:item=3538003989&perks=1840239774,1561002382,2848615171,2923251173,3713579091
dimwishlist:item=3538003989&perks=1840239774,1561002382,2848615171,2923251173,2671305723
dimwishlist:item=3538003989&perks=1840239774,1561002382,169755979,2048641572,3713579091
dimwishlist:item=3538003989&perks=1840239774,1561002382,169755979,2048641572,2671305723
dimwishlist:item=3538003989&perks=1840239774,1561002382,169755979,1134488199,3713579091
dimwishlist:item=3538003989&perks=1840239774,1561002382,169755979,1134488199,2671305723
dimwishlist:item=3538003989&perks=1840239774,1561002382,169755979,1015611457,3713579091
dimwishlist:item=3538003989&perks=1840239774,1561002382,169755979,1015611457,2671305723
dimwishlist:item=3538003989&perks=1840239774,1561002382,169755979,2923251173,3713579091
dimwishlist:item=3538003989&perks=1840239774,1561002382,169755979,2923251173,2671305723
dimwishlist:item=3538003989&perks=1840239774,1561002382,776531651,2048641572,3713579091
dimwishlist:item=3538003989&perks=1840239774,1561002382,776531651,2048641572,2671305723
dimwishlist:item=3538003989&perks=1840239774,1561002382,776531651,1134488199,3713579091
dimwishlist:item=3538003989&perks=1840239774,1561002382,776531651,1134488199,2671305723
dimwishlist:item=3538003989&perks=1840239774,1561002382,776531651,1015611457,3713579091
dimwishlist:item=3538003989&perks=1840239774,1561002382,776531651,1015611457,2671305723
dimwishlist:item=3538003989&perks=1840239774,1561002382,776531651,2923251173,3713579091
dimwishlist:item=3538003989&perks=1840239774,1561002382,776531651,2923251173,2671305723
dimwishlist:item=3538003989&perks=1840239774,1561002382,3700496672,2048641572,3713579091
dimwishlist:item=3538003989&perks=1840239774,1561002382,3700496672,2048641572,2671305723
dimwishlist:item=3538003989&perks=1840239774,1561002382,3700496672,1134488199,3713579091
dimwishlist:item=3538003989&perks=1840239774,1561002382,3700496672,1134488199,2671305723
dimwishlist:item=3538003989&perks=1840239774,1561002382,3700496672,1015611457,3713579091
dimwishlist:item=3538003989&perks=1840239774,1561002382,3700496672,1015611457,2671305723
dimwishlist:item=3538003989&perks=1840239774,1561002382,3700496672,2923251173,3713579091
dimwishlist:item=3538003989&perks=1840239774,1561002382,3700496672,2923251173,2671305723


// Psi Aeterna IV ()
dimwishlist:item=3556730800&perks=1478423395,106909392,1017229899,4049631843
dimwishlist:item=3556730800&perks=1478423395,106909392,1017229899,859780267
dimwishlist:item=3556730800&perks=1478423395,106909392,1017229899,3218042543
dimwishlist:item=3556730800&perks=1478423395,106909392,1017229899,2633604463
dimwishlist:item=3556730800&perks=1478423395,106909392,1017229899,11612903
dimwishlist:item=3556730800&perks=1478423395,106909392,1017229899,2422968039
dimwishlist:item=3556730800&perks=1478423395,106909392,1115162408,4049631843
dimwishlist:item=3556730800&perks=1478423395,106909392,1115162408,859780267
dimwishlist:item=3556730800&perks=1478423395,106909392,1115162408,3218042543
dimwishlist:item=3556730800&perks=1478423395,106909392,1115162408,2633604463
dimwishlist:item=3556730800&perks=1478423395,106909392,1115162408,11612903
dimwishlist:item=3556730800&perks=1478423395,106909392,1115162408,2422968039
dimwishlist:item=3556730800&perks=1478423395,106909392,511499160,4049631843
dimwishlist:item=3556730800&perks=1478423395,106909392,511499160,859780267
dimwishlist:item=3556730800&perks=1478423395,106909392,511499160,3218042543
dimwishlist:item=3556730800&perks=1478423395,106909392,511499160,2633604463
dimwishlist:item=3556730800&perks=1478423395,106909392,511499160,11612903
dimwishlist:item=3556730800&perks=1478423395,106909392,511499160,2422968039
dimwishlist:item=3556730800&perks=1478423395,106909392,2859149211,4049631843
dimwishlist:item=3556730800&perks=1478423395,106909392,2859149211,859780267
dimwishlist:item=3556730800&perks=1478423395,106909392,2859149211,3218042543
dimwishlist:item=3556730800&perks=1478423395,106909392,2859149211,2633604463
dimwishlist:item=3556730800&perks=1478423395,106909392,2859149211,11612903
dimwishlist:item=3556730800&perks=1478423395,106909392,2859149211,2422968039
dimwishlist:item=3556730800&perks=1478423395,2420895100,1017229899,4049631843
dimwishlist:item=3556730800&perks=1478423395,2420895100,1017229899,859780267
dimwishlist:item=3556730800&perks=1478423395,2420895100,1017229899,3218042543
dimwishlist:item=3556730800&perks=1478423395,2420895100,1017229899,2633604463
dimwishlist:item=3556730800&perks=1478423395,2420895100,1017229899,11612903
dimwishlist:item=3556730800&perks=1478423395,2420895100,1017229899,2422968039
dimwishlist:item=3556730800&perks=1478423395,2420895100,1115162408,4049631843
dimwishlist:item=3556730800&perks=1478423395,2420895100,1115162408,859780267
dimwishlist:item=3556730800&perks=1478423395,2420895100,1115162408,3218042543
dimwishlist:item=3556730800&perks=1478423395,2420895100,1115162408,2633604463
dimwishlist:item=3556730800&perks=1478423395,2420895100,1115162408,11612903
dimwishlist:item=3556730800&perks=1478423395,2420895100,1115162408,2422968039
dimwishlist:item=3556730800&perks=1478423395,2420895100,511499160,4049631843
dimwishlist:item=3556730800&perks=1478423395,2420895100,511499160,859780267
dimwishlist:item=3556730800&perks=1478423395,2420895100,511499160,3218042543
dimwishlist:item=3556730800&perks=1478423395,2420895100,511499160,2633604463
dimwishlist:item=3556730800&perks=1478423395,2420895100,511499160,11612903
dimwishlist:item=3556730800&perks=1478423395,2420895100,511499160,2422968039
dimwishlist:item=3556730800&perks=1478423395,2420895100,2859149211,4049631843
dimwishlist:item=3556730800&perks=1478423395,2420895100,2859149211,859780267
dimwishlist:item=3556730800&perks=1478423395,2420895100,2859149211,3218042543
dimwishlist:item=3556730800&perks=1478423395,2420895100,2859149211,2633604463
dimwishlist:item=3556730800&perks=1478423395,2420895100,2859149211,11612903
dimwishlist:item=3556730800&perks=1478423395,2420895100,2859149211,2422968039
dimwishlist:item=3556730800&perks=3525010810,106909392,1017229899,4049631843
dimwishlist:item=3556730800&perks=3525010810,106909392,1017229899,859780267
dimwishlist:item=3556730800&perks=3525010810,106909392,1017229899,3218042543
dimwishlist:item=3556730800&perks=3525010810,106909392,1017229899,2633604463
dimwishlist:item=3556730800&perks=3525010810,106909392,1017229899,11612903
dimwishlist:item=3556730800&perks=3525010810,106909392,1017229899,2422968039
dimwishlist:item=3556730800&perks=3525010810,106909392,1115162408,4049631843
dimwishlist:item=3556730800&perks=3525010810,106909392,1115162408,859780267
dimwishlist:item=3556730800&perks=3525010810,106909392,1115162408,3218042543
dimwishlist:item=3556730800&perks=3525010810,106909392,1115162408,2633604463
dimwishlist:item=3556730800&perks=3525010810,106909392,1115162408,11612903
dimwishlist:item=3556730800&perks=3525010810,106909392,1115162408,2422968039
dimwishlist:item=3556730800&perks=3525010810,106909392,511499160,4049631843
dimwishlist:item=3556730800&perks=3525010810,106909392,511499160,859780267
dimwishlist:item=3556730800&perks=3525010810,106909392,511499160,3218042543
dimwishlist:item=3556730800&perks=3525010810,106909392,511499160,2633604463
dimwishlist:item=3556730800&perks=3525010810,106909392,511499160,11612903
dimwishlist:item=3556730800&perks=3525010810,106909392,511499160,2422968039
dimwishlist:item=3556730800&perks=3525010810,106909392,2859149211,4049631843
dimwishlist:item=3556730800&perks=3525010810,106909392,2859149211,859780267
dimwishlist:item=3556730800&perks=3525010810,106909392,2859149211,3218042543
dimwishlist:item=3556730800&perks=3525010810,106909392,2859149211,2633604463
dimwishlist:item=3556730800&perks=3525010810,106909392,2859149211,11612903
dimwishlist:item=3556730800&perks=3525010810,106909392,2859149211,2422968039
dimwishlist:item=3556730800&perks=3525010810,2420895100,1017229899,4049631843
dimwishlist:item=3556730800&perks=3525010810,2420895100,1017229899,859780267
dimwishlist:item=3556730800&perks=3525010810,2420895100,1017229899,3218042543
dimwishlist:item=3556730800&perks=3525010810,2420895100,1017229899,2633604463
dimwishlist:item=3556730800&perks=3525010810,2420895100,1017229899,11612903
dimwishlist:item=3556730800&perks=3525010810,2420895100,1017229899,2422968039
dimwishlist:item=3556730800&perks=3525010810,2420895100,1115162408,4049631843
dimwishlist:item=3556730800&perks=3525010810,2420895100,1115162408,859780267
dimwishlist:item=3556730800&perks=3525010810,2420895100,1115162408,3218042543
dimwishlist:item=3556730800&perks=3525010810,2420895100,1115162408,2633604463
dimwishlist:item=3556730800&perks=3525010810,2420895100,1115162408,11612903
dimwishlist:item=3556730800&perks=3525010810,2420895100,1115162408,2422968039
dimwishlist:item=3556730800&perks=3525010810,2420895100,511499160,4049631843
dimwishlist:item=3556730800&perks=3525010810,2420895100,511499160,859780267
dimwishlist:item=3556730800&perks=3525010810,2420895100,511499160,3218042543
dimwishlist:item=3556730800&perks=3525010810,2420895100,511499160,2633604463
dimwishlist:item=3556730800&perks=3525010810,2420895100,511499160,11612903
dimwishlist:item=3556730800&perks=3525010810,2420895100,511499160,2422968039
dimwishlist:item=3556730800&perks=3525010810,2420895100,2859149211,4049631843
dimwishlist:item=3556730800&perks=3525010810,2420895100,2859149211,859780267
dimwishlist:item=3556730800&perks=3525010810,2420895100,2859149211,3218042543
dimwishlist:item=3556730800&perks=3525010810,2420895100,2859149211,2633604463
dimwishlist:item=3556730800&perks=3525010810,2420895100,2859149211,11612903
dimwishlist:item=3556730800&perks=3525010810,2420895100,2859149211,2422968039


// Techeun Force ()
dimwishlist:item=3591141932&perks=839105230,689005463,3418782618,2594592626
dimwishlist:item=3591141932&perks=839105230,689005463,3418782618,3764420437
dimwishlist:item=3591141932&perks=839105230,689005463,1563455254,2594592626
dimwishlist:item=3591141932&perks=839105230,689005463,1563455254,3764420437
dimwishlist:item=3591141932&perks=839105230,689005463,1015611457,2594592626
dimwishlist:item=3591141932&perks=839105230,689005463,1015611457,3764420437
dimwishlist:item=3591141932&perks=839105230,689005463,2923251173,2594592626
dimwishlist:item=3591141932&perks=839105230,689005463,2923251173,3764420437
dimwishlist:item=3591141932&perks=839105230,689005463,4019266109,2594592626
dimwishlist:item=3591141932&perks=839105230,689005463,4019266109,3764420437
dimwishlist:item=3591141932&perks=1840239774,689005463,3418782618,2594592626
dimwishlist:item=3591141932&perks=1840239774,689005463,3418782618,3764420437
dimwishlist:item=3591141932&perks=1840239774,689005463,1563455254,2594592626
dimwishlist:item=3591141932&perks=1840239774,689005463,1563455254,3764420437
dimwishlist:item=3591141932&perks=1840239774,689005463,1015611457,2594592626
dimwishlist:item=3591141932&perks=1840239774,689005463,1015611457,3764420437
dimwishlist:item=3591141932&perks=1840239774,689005463,2923251173,2594592626
dimwishlist:item=3591141932&perks=1840239774,689005463,2923251173,3764420437
dimwishlist:item=3591141932&perks=1840239774,689005463,4019266109,2594592626
dimwishlist:item=3591141932&perks=1840239774,689005463,4019266109,3764420437


// Stars in Shadow ()
dimwishlist:item=3602242905&perks=839105230,1431678320,3017780555,2890807135
dimwishlist:item=3602242905&perks=839105230,1431678320,3017780555,4293542123
imwishlist:item=3602242905&perks=1840239774,1431678320,3017780555,2890807135
dimwishlist:item=3602242905&perks=1840239774,1431678320,3017780555,4293542123

// Pro Memoria ()
dimwishlist:item=3605603507&perks=839105230,1431678320,831391274,3324494224
dimwishlist:item=3605603507&perks=839105230,1431678320,831391274,2305480722
dimwishlist:item=3605603507&perks=839105230,1431678320,831391274,2109543898
dimwishlist:item=3605603507&perks=839105230,1431678320,960997401,3324494224
dimwishlist:item=3605603507&perks=839105230,1431678320,960997401,2305480722
dimwishlist:item=3605603507&perks=839105230,1431678320,960997401,2109543898
dimwishlist:item=3605603507&perks=839105230,1431678320,3244229373,3324494224
dimwishlist:item=3605603507&perks=839105230,1431678320,3244229373,2305480722
dimwishlist:item=3605603507&perks=839105230,1431678320,3244229373,2109543898
dimwishlist:item=3605603507&perks=839105230,1431678320,3523296417,3324494224
dimwishlist:item=3605603507&perks=839105230,1431678320,3523296417,2305480722
dimwishlist:item=3605603507&perks=839105230,1431678320,3523296417,2109543898
imwishlist:item=3605603507&perks=839105230,2420895100,831391274,3324494224
dimwishlist:item=3605603507&perks=839105230,2420895100,831391274,2305480722
dimwishlist:item=3605603507&perks=839105230,2420895100,831391274,2109543898
dimwishlist:item=3605603507&perks=839105230,2420895100,960997401,3324494224
dimwishlist:item=3605603507&perks=839105230,2420895100,960997401,2305480722
dimwishlist:item=3605603507&perks=839105230,2420895100,960997401,2109543898
dimwishlist:item=3605603507&perks=839105230,2420895100,3244229373,3324494224
dimwishlist:item=3605603507&perks=839105230,2420895100,3244229373,2305480722
dimwishlist:item=3605603507&perks=839105230,2420895100,3244229373,2109543898
dimwishlist:item=3605603507&perks=839105230,2420895100,3523296417,3324494224
dimwishlist:item=3605603507&perks=839105230,2420895100,3523296417,2305480722
dimwishlist:item=3605603507&perks=839105230,2420895100,3523296417,2109543898
dimwishlist:item=3605603507&perks=839105230,1561002382,831391274,3324494224
dimwishlist:item=3605603507&perks=839105230,1561002382,831391274,2305480722
dimwishlist:item=3605603507&perks=839105230,1561002382,831391274,2109543898
dimwishlist:item=3605603507&perks=839105230,1561002382,960997401,3324494224
dimwishlist:item=3605603507&perks=839105230,1561002382,960997401,2305480722
dimwishlist:item=3605603507&perks=839105230,1561002382,960997401,2109543898
dimwishlist:item=3605603507&perks=839105230,1561002382,3244229373,3324494224
dimwishlist:item=3605603507&perks=839105230,1561002382,3244229373,2305480722
dimwishlist:item=3605603507&perks=839105230,1561002382,3244229373,2109543898
dimwishlist:item=3605603507&perks=839105230,1561002382,3523296417,3324494224
dimwishlist:item=3605603507&perks=839105230,1561002382,3523296417,2305480722
dimwishlist:item=3605603507&perks=839105230,1561002382,3523296417,2109543898
dimwishlist:item=3605603507&perks=1840239774,1431678320,831391274,3324494224
dimwishlist:item=3605603507&perks=1840239774,1431678320,831391274,2305480722
dimwishlist:item=3605603507&perks=1840239774,1431678320,831391274,2109543898
dimwishlist:item=3605603507&perks=1840239774,1431678320,960997401,3324494224
dimwishlist:item=3605603507&perks=1840239774,1431678320,960997401,2305480722
dimwishlist:item=3605603507&perks=1840239774,1431678320,960997401,2109543898
dimwishlist:item=3605603507&perks=1840239774,1431678320,3244229373,3324494224
dimwishlist:item=3605603507&perks=1840239774,1431678320,3244229373,2305480722
dimwishlist:item=3605603507&perks=1840239774,1431678320,3244229373,2109543898
dimwishlist:item=3605603507&perks=1840239774,1431678320,3523296417,3324494224
dimwishlist:item=3605603507&perks=1840239774,1431678320,3523296417,2305480722
dimwishlist:item=3605603507&perks=1840239774,1431678320,3523296417,2109543898
imwishlist:item=3605603507&perks=1840239774,2420895100,831391274,3324494224
dimwishlist:item=3605603507&perks=1840239774,2420895100,831391274,2305480722
dimwishlist:item=3605603507&perks=1840239774,2420895100,831391274,2109543898
dimwishlist:item=3605603507&perks=1840239774,2420895100,960997401,3324494224
dimwishlist:item=3605603507&perks=1840239774,2420895100,960997401,2305480722
dimwishlist:item=3605603507&perks=1840239774,2420895100,960997401,2109543898
dimwishlist:item=3605603507&perks=1840239774,2420895100,3244229373,3324494224
dimwishlist:item=3605603507&perks=1840239774,2420895100,3244229373,2305480722
dimwishlist:item=3605603507&perks=1840239774,2420895100,3244229373,2109543898
dimwishlist:item=3605603507&perks=1840239774,2420895100,3523296417,3324494224
dimwishlist:item=3605603507&perks=1840239774,2420895100,3523296417,2305480722
dimwishlist:item=3605603507&perks=1840239774,2420895100,3523296417,2109543898
dimwishlist:item=3605603507&perks=1840239774,1561002382,831391274,3324494224
dimwishlist:item=3605603507&perks=1840239774,1561002382,831391274,2305480722
dimwishlist:item=3605603507&perks=1840239774,1561002382,831391274,2109543898
dimwishlist:item=3605603507&perks=1840239774,1561002382,960997401,3324494224
dimwishlist:item=3605603507&perks=1840239774,1561002382,960997401,2305480722
dimwishlist:item=3605603507&perks=1840239774,1561002382,960997401,2109543898
dimwishlist:item=3605603507&perks=1840239774,1561002382,3244229373,3324494224
dimwishlist:item=3605603507&perks=1840239774,1561002382,3244229373,2305480722
dimwishlist:item=3605603507&perks=1840239774,1561002382,3244229373,2109543898
dimwishlist:item=3605603507&perks=1840239774,1561002382,3523296417,3324494224
dimwishlist:item=3605603507&perks=1840239774,1561002382,3523296417,2305480722
dimwishlist:item=3605603507&perks=1840239774,1561002382,3523296417,2109543898


// Accelerando-42 ()
dimwishlist:item=3610531207&perks=839105230,689005463,923806249,3708227201
dimwishlist:item=3610531207&perks=839105230,689005463,923806249,2594592626
dimwishlist:item=3610531207&perks=839105230,689005463,923806249,3764420437
dimwishlist:item=3610531207&perks=839105230,689005463,3643424744,3708227201
dimwishlist:item=3610531207&perks=839105230,689005463,3643424744,2594592626
dimwishlist:item=3610531207&perks=839105230,689005463,3643424744,3764420437
dimwishlist:item=3610531207&perks=1840239774,689005463,923806249,3708227201
dimwishlist:item=3610531207&perks=1840239774,689005463,923806249,2594592626
dimwishlist:item=3610531207&perks=1840239774,689005463,923806249,3764420437
dimwishlist:item=3610531207&perks=1840239774,689005463,3643424744,3708227201
dimwishlist:item=3610531207&perks=1840239774,689005463,3643424744,2594592626
dimwishlist:item=3610531207&perks=1840239774,689005463,3643424744,3764420437


// A Good Shout ()
dimwishlist:item=3615748501&perks=1220787353,2955427634,4042220767,2551157718
dimwishlist:item=3615748501&perks=1220787353,2955427634,4042220767,2319119708
dimwishlist:item=3615748501&perks=1220787353,2955427634,1134488199,2551157718
dimwishlist:item=3615748501&perks=1220787353,2955427634,1134488199,2319119708
dimwishlist:item=3615748501&perks=1220787353,2955427634,3987942396,2551157718
dimwishlist:item=3615748501&perks=1220787353,2955427634,3987942396,2319119708
dimwishlist:item=3615748501&perks=1220787353,1069117426,4042220767,2551157718
dimwishlist:item=3615748501&perks=1220787353,1069117426,4042220767,2319119708
dimwishlist:item=3615748501&perks=1220787353,1069117426,1134488199,2551157718
dimwishlist:item=3615748501&perks=1220787353,1069117426,1134488199,2319119708
dimwishlist:item=3615748501&perks=1220787353,1069117426,3987942396,2551157718
dimwishlist:item=3615748501&perks=1220787353,1069117426,3987942396,2319119708
dimwishlist:item=3615748501&perks=1220787353,1202133695,4042220767,2551157718
dimwishlist:item=3615748501&perks=1220787353,1202133695,4042220767,2319119708
dimwishlist:item=3615748501&perks=1220787353,1202133695,1134488199,2551157718
dimwishlist:item=3615748501&perks=1220787353,1202133695,1134488199,2319119708
dimwishlist:item=3615748501&perks=1220787353,1202133695,3987942396,2551157718
dimwishlist:item=3615748501&perks=1220787353,1202133695,3987942396,2319119708
dimwishlist:item=3615748501&perks=1220787353,2181638943,4042220767,2551157718
dimwishlist:item=3615748501&perks=1220787353,2181638943,4042220767,2319119708
dimwishlist:item=3615748501&perks=1220787353,2181638943,1134488199,2551157718
dimwishlist:item=3615748501&perks=1220787353,2181638943,1134488199,2319119708
dimwishlist:item=3615748501&perks=1220787353,2181638943,3987942396,2551157718
dimwishlist:item=3615748501&perks=1220787353,2181638943,3987942396,2319119708


// Evening SI4 ()
dimwishlist:item=3618823368&perks=1840239774,1431678320,3017780555,2890807135,3713579091
dimwishlist:item=3618823368&perks=1840239774,1431678320,3017780555,2890807135,2671305723
dimwishlist:item=3618823368&perks=1840239774,1431678320,3017780555,4293542123,3713579091
dimwishlist:item=3618823368&perks=1840239774,1431678320,3017780555,4293542123,2671305723
dimwishlist:item=3618823368&perks=1840239774,1431678320,2360347339,2890807135,3713579091
dimwishlist:item=3618823368&perks=1840239774,1431678320,2360347339,2890807135,2671305723
dimwishlist:item=3618823368&perks=1840239774,1431678320,2360347339,4293542123,3713579091
dimwishlist:item=3618823368&perks=1840239774,1431678320,2360347339,4293542123,2671305723
dimwishlist:item=3618823368&perks=1840239774,1431678320,4096144819,2890807135,3713579091
dimwishlist:item=3618823368&perks=1840239774,1431678320,4096144819,2890807135,2671305723
dimwishlist:item=3618823368&perks=1840239774,1431678320,4096144819,4293542123,3713579091
dimwishlist:item=3618823368&perks=1840239774,1431678320,4096144819,4293542123,2671305723

// Peculiar Charm ()
dimwishlist:item=3620277039&perks=839105230,1431678320,1517798362,3891536761
dimwishlist:item=3620277039&perks=839105230,1431678320,1517798362,3824105627
dimwishlist:item=3620277039&perks=839105230,1431678320,243981275,3891536761
dimwishlist:item=3620277039&perks=839105230,1431678320,243981275,3824105627
dimwishlist:item=3620277039&perks=839105230,1431678320,3700496672,3891536761
dimwishlist:item=3620277039&perks=839105230,1431678320,3700496672,3824105627
imwishlist:item=3620277039&perks=1840239774,1431678320,1517798362,3891536761
dimwishlist:item=3620277039&perks=1840239774,1431678320,1517798362,3824105627
dimwishlist:item=3620277039&perks=1840239774,1431678320,243981275,3891536761
dimwishlist:item=3620277039&perks=1840239774,1431678320,243981275,3824105627
dimwishlist:item=3620277039&perks=1840239774,1431678320,3700496672,3891536761
dimwishlist:item=3620277039&perks=1840239774,1431678320,3700496672,3824105627

// Accrued Redemption ()
dimwishlist:item=3621336854&perks=2801223209,16392701,243981275,3891536761
dimwishlist:item=3621336854&perks=2801223209,16392701,243981275,3414324643
dimwishlist:item=3621336854&perks=2801223209,16392701,243981275,2662236651


// Hezen Vengeance (Timelost) ()
dimwishlist:item=3623686757&perks=3525010810,3796465595,3643424744,1439600632
dimwishlist:item=3623686757&perks=3525010810,3796465595,3643424744,1089671869
dimwishlist:item=3623686757&perks=3525010810,3796465595,3643424744,3764420437
dimwishlist:item=3623686757&perks=3525010810,3796465595,3987942396,1439600632
dimwishlist:item=3623686757&perks=3525010810,3796465595,3987942396,1089671869
dimwishlist:item=3623686757&perks=3525010810,3796465595,3987942396,3764420437
dimwishlist:item=3623686757&perks=3525010810,3796465595,1275731761,1439600632
dimwishlist:item=3623686757&perks=3525010810,3796465595,1275731761,1089671869
dimwishlist:item=3623686757&perks=3525010810,3796465595,1275731761,3764420437
dimwishlist:item=3623686757&perks=3525010810,3796465595,2091001077,1439600632
dimwishlist:item=3623686757&perks=3525010810,3796465595,2091001077,1089671869
dimwishlist:item=3623686757&perks=3525010810,3796465595,2091001077,3764420437


// No Survivors ()
dimwishlist:item=3625452995&perks=839105230,1431678320,3017780555,4293542123
dimwishlist:item=3625452995&perks=839105230,1431678320,2890807135,4293542123
dimwishlist:item=3625452995&perks=839105230,1431678320,243981275,4293542123
imwishlist:item=3625452995&perks=839105230,1561002382,3017780555,4293542123
dimwishlist:item=3625452995&perks=839105230,1561002382,2890807135,4293542123
dimwishlist:item=3625452995&perks=839105230,1561002382,243981275,4293542123
dimwishlist:item=3625452995&perks=1840239774,1431678320,3017780555,4293542123
dimwishlist:item=3625452995&perks=1840239774,1431678320,2890807135,4293542123
dimwishlist:item=3625452995&perks=1840239774,1431678320,243981275,4293542123
imwishlist:item=3625452995&perks=1840239774,1561002382,3017780555,4293542123
dimwishlist:item=3625452995&perks=1840239774,1561002382,2890807135,4293542123
dimwishlist:item=3625452995&perks=1840239774,1561002382,243981275,4293542123


// Positive Outlook ()
dimwishlist:item=3625635456&perks=839105230,1431678320,776531651,2048641572
dimwishlist:item=3625635456&perks=839105230,1431678320,776531651,2305480722
dimwishlist:item=3625635456&perks=839105230,1431678320,1134488199,2048641572
dimwishlist:item=3625635456&perks=839105230,1431678320,1134488199,2305480722
imwishlist:item=3625635456&perks=839105230,1561002382,776531651,2048641572
dimwishlist:item=3625635456&perks=839105230,1561002382,776531651,2305480722
dimwishlist:item=3625635456&perks=839105230,1561002382,1134488199,2048641572
dimwishlist:item=3625635456&perks=839105230,1561002382,1134488199,2305480722
dimwishlist:item=3625635456&perks=1840239774,1431678320,776531651,2048641572
dimwishlist:item=3625635456&perks=1840239774,1431678320,776531651,2305480722
dimwishlist:item=3625635456&perks=1840239774,1431678320,1134488199,2048641572
dimwishlist:item=3625635456&perks=1840239774,1431678320,1134488199,2305480722
imwishlist:item=3625635456&perks=1840239774,1561002382,776531651,2048641572
dimwishlist:item=3625635456&perks=1840239774,1561002382,776531651,2305480722
dimwishlist:item=3625635456&perks=1840239774,1561002382,1134488199,2048641572
dimwishlist:item=3625635456&perks=1840239774,1561002382,1134488199,2305480722


// Claws of the Wolf ()
dimwishlist:item=3634548599&perks=1840239774,1431678320,776531651,2048641572
dimwishlist:item=3634548599&perks=1840239774,1431678320,776531651,3425386926
dimwishlist:item=3634548599&perks=1840239774,1431678320,776531651,243981275
imwishlist:item=3634548599&perks=1840239774,1561002382,776531651,2048641572
dimwishlist:item=3634548599&perks=1840239774,1561002382,776531651,3425386926
dimwishlist:item=3634548599&perks=1840239774,1561002382,776531651,243981275
dimwishlist:item=3634548599&perks=839105230,1431678320,776531651,2048641572
dimwishlist:item=3634548599&perks=839105230,1431678320,776531651,3425386926
dimwishlist:item=3634548599&perks=839105230,1431678320,776531651,243981275
imwishlist:item=3634548599&perks=839105230,1561002382,776531651,2048641572
dimwishlist:item=3634548599&perks=839105230,1561002382,776531651,3425386926
dimwishlist:item=3634548599&perks=839105230,1561002382,776531651,243981275


// Hush ()
dimwishlist:item=3638723317&perks=2801223209,16392701,2890807135,4293542123
dimwishlist:item=3638723317&perks=2801223209,16392701,2890807135,657025441
dimwishlist:item=3638723317&perks=2801223209,16392701,2890807135,4196156997
dimwishlist:item=3638723317&perks=2801223209,16392701,2890807135,3414324643
dimwishlist:item=3638723317&perks=2801223209,16392701,2890807135,2662236651
dimwishlist:item=3638723317&perks=2801223209,16392701,3824105627,4293542123
dimwishlist:item=3638723317&perks=2801223209,16392701,3824105627,657025441
dimwishlist:item=3638723317&perks=2801223209,16392701,3824105627,4196156997
dimwishlist:item=3638723317&perks=2801223209,16392701,3824105627,3414324643
dimwishlist:item=3638723317&perks=2801223209,16392701,3824105627,2662236651


// Zaouli's Bane ()
dimwishlist:item=3647341740&perks=1840239774,1431678320,3038247973,4293542123
dimwishlist:item=3647341740&perks=1840239774,1431678320,3038247973,657025441
dimwishlist:item=3647341740&perks=1840239774,1431678320,3038247973,4196156997
dimwishlist:item=3647341740&perks=1840239774,1431678320,3038247973,3640170453
dimwishlist:item=3647341740&perks=1840239774,1431678320,64866129,4293542123
dimwishlist:item=3647341740&perks=1840239774,1431678320,64866129,657025441
dimwishlist:item=3647341740&perks=1840239774,1431678320,64866129,4196156997
dimwishlist:item=3647341740&perks=1840239774,1431678320,64866129,3640170453
dimwishlist:item=3647341740&perks=1840239774,1431678320,2890807135,4293542123
dimwishlist:item=3647341740&perks=1840239774,1431678320,2890807135,657025441
dimwishlist:item=3647341740&perks=1840239774,1431678320,2890807135,4196156997
dimwishlist:item=3647341740&perks=1840239774,1431678320,2890807135,3640170453
dimwishlist:item=3647341740&perks=1840239774,1431678320,3824105627,4293542123
dimwishlist:item=3647341740&perks=1840239774,1431678320,3824105627,657025441
dimwishlist:item=3647341740&perks=1840239774,1431678320,3824105627,4196156997
dimwishlist:item=3647341740&perks=1840239774,1431678320,3824105627,3640170453

// Corrective Measure ()
dimwishlist:item=3654744298&perks=1840239774,1431678320,2048641572,557221067
dimwishlist:item=3654744298&perks=1840239774,1431678320,2048641572,2896748467
dimwishlist:item=3654744298&perks=1840239774,1431678320,2048641572,1464081238
dimwishlist:item=3654744298&perks=1840239774,1431678320,2048641572,2813913866
dimwishlist:item=3654744298&perks=1840239774,1431678320,2048641572,4049631843
dimwishlist:item=3654744298&perks=1840239774,1431678320,2048641572,859780267
dimwishlist:item=3654744298&perks=1840239774,1431678320,3201496230,557221067
dimwishlist:item=3654744298&perks=1840239774,1431678320,3201496230,2896748467
dimwishlist:item=3654744298&perks=1840239774,1431678320,3201496230,1464081238
dimwishlist:item=3654744298&perks=1840239774,1431678320,3201496230,2813913866
dimwishlist:item=3654744298&perks=1840239774,1431678320,3201496230,4049631843
dimwishlist:item=3654744298&perks=1840239774,1431678320,3201496230,859780267
dimwishlist:item=3654744298&perks=1840239774,1431678320,3523296417,557221067
dimwishlist:item=3654744298&perks=1840239774,1431678320,3523296417,2896748467
dimwishlist:item=3654744298&perks=1840239774,1431678320,3523296417,1464081238
dimwishlist:item=3654744298&perks=1840239774,1431678320,3523296417,2813913866
dimwishlist:item=3654744298&perks=1840239774,1431678320,3523296417,4049631843
dimwishlist:item=3654744298&perks=1840239774,1431678320,3523296417,859780267
imwishlist:item=3654744298&perks=1840239774,2420895100,2048641572,557221067
dimwishlist:item=3654744298&perks=1840239774,2420895100,2048641572,2896748467
dimwishlist:item=3654744298&perks=1840239774,2420895100,2048641572,1464081238
dimwishlist:item=3654744298&perks=1840239774,2420895100,2048641572,2813913866
dimwishlist:item=3654744298&perks=1840239774,2420895100,2048641572,4049631843
dimwishlist:item=3654744298&perks=1840239774,2420895100,2048641572,859780267
dimwishlist:item=3654744298&perks=1840239774,2420895100,3201496230,557221067
dimwishlist:item=3654744298&perks=1840239774,2420895100,3201496230,2896748467
dimwishlist:item=3654744298&perks=1840239774,2420895100,3201496230,1464081238
dimwishlist:item=3654744298&perks=1840239774,2420895100,3201496230,2813913866
dimwishlist:item=3654744298&perks=1840239774,2420895100,3201496230,4049631843
dimwishlist:item=3654744298&perks=1840239774,2420895100,3201496230,859780267
dimwishlist:item=3654744298&perks=1840239774,2420895100,3523296417,557221067
dimwishlist:item=3654744298&perks=1840239774,2420895100,3523296417,2896748467
dimwishlist:item=3654744298&perks=1840239774,2420895100,3523296417,1464081238
dimwishlist:item=3654744298&perks=1840239774,2420895100,3523296417,2813913866
dimwishlist:item=3654744298&perks=1840239774,2420895100,3523296417,4049631843
dimwishlist:item=3654744298&perks=1840239774,2420895100,3523296417,859780267
dimwishlist:item=3654744298&perks=839105230,1431678320,2048641572,557221067
dimwishlist:item=3654744298&perks=839105230,1431678320,2048641572,2896748467
dimwishlist:item=3654744298&perks=839105230,1431678320,2048641572,1464081238
dimwishlist:item=3654744298&perks=839105230,1431678320,2048641572,2813913866
dimwishlist:item=3654744298&perks=839105230,1431678320,2048641572,4049631843
dimwishlist:item=3654744298&perks=839105230,1431678320,2048641572,859780267
dimwishlist:item=3654744298&perks=839105230,1431678320,3201496230,557221067
dimwishlist:item=3654744298&perks=839105230,1431678320,3201496230,2896748467
dimwishlist:item=3654744298&perks=839105230,1431678320,3201496230,1464081238
dimwishlist:item=3654744298&perks=839105230,1431678320,3201496230,2813913866
dimwishlist:item=3654744298&perks=839105230,1431678320,3201496230,4049631843
dimwishlist:item=3654744298&perks=839105230,1431678320,3201496230,859780267
dimwishlist:item=3654744298&perks=839105230,1431678320,3523296417,557221067
dimwishlist:item=3654744298&perks=839105230,1431678320,3523296417,2896748467
dimwishlist:item=3654744298&perks=839105230,1431678320,3523296417,1464081238
dimwishlist:item=3654744298&perks=839105230,1431678320,3523296417,2813913866
dimwishlist:item=3654744298&perks=839105230,1431678320,3523296417,4049631843
dimwishlist:item=3654744298&perks=839105230,1431678320,3523296417,859780267
imwishlist:item=3654744298&perks=839105230,2420895100,2048641572,557221067
dimwishlist:item=3654744298&perks=839105230,2420895100,2048641572,2896748467
dimwishlist:item=3654744298&perks=839105230,2420895100,2048641572,1464081238
dimwishlist:item=3654744298&perks=839105230,2420895100,2048641572,2813913866
dimwishlist:item=3654744298&perks=839105230,2420895100,2048641572,4049631843
dimwishlist:item=3654744298&perks=839105230,2420895100,2048641572,859780267
dimwishlist:item=3654744298&perks=839105230,2420895100,3201496230,557221067
dimwishlist:item=3654744298&perks=839105230,2420895100,3201496230,2896748467
dimwishlist:item=3654744298&perks=839105230,2420895100,3201496230,1464081238
dimwishlist:item=3654744298&perks=839105230,2420895100,3201496230,2813913866
dimwishlist:item=3654744298&perks=839105230,2420895100,3201496230,4049631843
dimwishlist:item=3654744298&perks=839105230,2420895100,3201496230,859780267
dimwishlist:item=3654744298&perks=839105230,2420895100,3523296417,557221067
dimwishlist:item=3654744298&perks=839105230,2420895100,3523296417,2896748467
dimwishlist:item=3654744298&perks=839105230,2420895100,3523296417,1464081238
dimwishlist:item=3654744298&perks=839105230,2420895100,3523296417,2813913866
dimwishlist:item=3654744298&perks=839105230,2420895100,3523296417,4049631843
dimwishlist:item=3654744298&perks=839105230,2420895100,3523296417,859780267


// Refurbished A499 ()
dimwishlist:item=3661051060&perks=1840239774,3230963543,1365187766,968510818
dimwishlist:item=3661051060&perks=1840239774,3230963543,1365187766,424370782
dimwishlist:item=3661051060&perks=1840239774,3230963543,1365187766,3764420437
dimwishlist:item=3661051060&perks=1840239774,3230963543,4200236906,968510818
dimwishlist:item=3661051060&perks=1840239774,3230963543,4200236906,424370782
dimwishlist:item=3661051060&perks=1840239774,3230963543,4200236906,3764420437
dimwishlist:item=3661051060&perks=1840239774,3230963543,2289534249,968510818
dimwishlist:item=3661051060&perks=1840239774,3230963543,2289534249,424370782
dimwishlist:item=3661051060&perks=1840239774,3230963543,2289534249,3764420437
dimwishlist:item=3661051060&perks=1840239774,3230963543,588594999,968510818
dimwishlist:item=3661051060&perks=1840239774,3230963543,588594999,424370782
dimwishlist:item=3661051060&perks=1840239774,3230963543,588594999,3764420437
dimwishlist:item=3661051060&perks=1840239774,3230963543,2717805783,968510818
dimwishlist:item=3661051060&perks=1840239774,3230963543,2717805783,424370782
dimwishlist:item=3661051060&perks=1840239774,3230963543,2717805783,3764420437
dimwishlist:item=3661051060&perks=1840239774,1709045111,1365187766,968510818
dimwishlist:item=3661051060&perks=1840239774,1709045111,1365187766,424370782
dimwishlist:item=3661051060&perks=1840239774,1709045111,1365187766,3764420437
dimwishlist:item=3661051060&perks=1840239774,1709045111,4200236906,968510818
dimwishlist:item=3661051060&perks=1840239774,1709045111,4200236906,424370782
dimwishlist:item=3661051060&perks=1840239774,1709045111,4200236906,3764420437
dimwishlist:item=3661051060&perks=1840239774,1709045111,2289534249,968510818
dimwishlist:item=3661051060&perks=1840239774,1709045111,2289534249,424370782
dimwishlist:item=3661051060&perks=1840239774,1709045111,2289534249,3764420437
dimwishlist:item=3661051060&perks=1840239774,1709045111,588594999,968510818
dimwishlist:item=3661051060&perks=1840239774,1709045111,588594999,424370782
dimwishlist:item=3661051060&perks=1840239774,1709045111,588594999,3764420437
dimwishlist:item=3661051060&perks=1840239774,1709045111,2717805783,968510818
dimwishlist:item=3661051060&perks=1840239774,1709045111,2717805783,424370782
dimwishlist:item=3661051060&perks=1840239774,1709045111,2717805783,3764420437


// Relentless ()
dimwishlist:item=3681280908&perks=839105230,1431678320,960997401,831391274
dimwishlist:item=3681280908&perks=839105230,1431678320,3244229373,831391274
dimwishlist:item=3681280908&perks=839105230,1431678320,923806249,831391274
dimwishlist:item=3681280908&perks=839105230,1431678320,3824105627,831391274
dimwishlist:item=3681280908&perks=839105230,1561002382,960997401,831391274
dimwishlist:item=3681280908&perks=839105230,1561002382,3244229373,831391274
dimwishlist:item=3681280908&perks=839105230,1561002382,923806249,831391274
dimwishlist:item=3681280908&perks=839105230,1561002382,3824105627,831391274
dimwishlist:item=3681280908&perks=1840239774,1431678320,960997401,831391274
dimwishlist:item=3681280908&perks=1840239774,1431678320,3244229373,831391274
dimwishlist:item=3681280908&perks=1840239774,1431678320,923806249,831391274
dimwishlist:item=3681280908&perks=1840239774,1431678320,3824105627,831391274
dimwishlist:item=3681280908&perks=1840239774,1561002382,960997401,831391274
dimwishlist:item=3681280908&perks=1840239774,1561002382,3244229373,831391274
dimwishlist:item=3681280908&perks=1840239774,1561002382,923806249,831391274
dimwishlist:item=3681280908&perks=1840239774,1561002382,3824105627,831391274


// Aisha's Embrace ()
dimwishlist:item=3709368142&perks=1840239774,1431678320,3700496672,1134488199
dimwishlist:item=3709368142&perks=1840239774,1431678320,3700496672,2048641572
dimwishlist:item=3709368142&perks=1840239774,1431678320,3700496672,2109543898
dimwishlist:item=3709368142&perks=1840239774,1431678320,1464081238,1134488199
dimwishlist:item=3709368142&perks=1840239774,1431678320,1464081238,2048641572
dimwishlist:item=3709368142&perks=1840239774,1431678320,1464081238,2109543898
dimwishlist:item=3709368142&perks=1840239774,1431678320,2813913866,1134488199
dimwishlist:item=3709368142&perks=1840239774,1431678320,2813913866,2048641572
dimwishlist:item=3709368142&perks=1840239774,1431678320,2813913866,2109543898


// Ouster Engine ()
dimwishlist:item=3718184802&perks=3525010810,2822142346,1421772400,3764420437,2697390518
dimwishlist:item=3718184802&perks=3525010810,2822142346,1421772400,3764420437,1847323754
dimwishlist:item=3718184802&perks=3525010810,2822142346,1421772400,2922950962,2697390518
dimwishlist:item=3718184802&perks=3525010810,2822142346,1421772400,2922950962,1847323754
dimwishlist:item=3718184802&perks=3525010810,2822142346,1421772400,2396489472,2697390518
dimwishlist:item=3718184802&perks=3525010810,2822142346,1421772400,2396489472,1847323754
dimwishlist:item=3718184802&perks=3525010810,2822142346,3300816228,3764420437,2697390518
dimwishlist:item=3718184802&perks=3525010810,2822142346,3300816228,3764420437,1847323754
dimwishlist:item=3718184802&perks=3525010810,2822142346,3300816228,2922950962,2697390518
dimwishlist:item=3718184802&perks=3525010810,2822142346,3300816228,2922950962,1847323754
dimwishlist:item=3718184802&perks=3525010810,2822142346,3300816228,2396489472,2697390518
dimwishlist:item=3718184802&perks=3525010810,2822142346,3300816228,2396489472,1847323754
dimwishlist:item=3718184802&perks=3525010810,2822142346,1955165503,3764420437,2697390518
dimwishlist:item=3718184802&perks=3525010810,2822142346,1955165503,3764420437,1847323754
dimwishlist:item=3718184802&perks=3525010810,2822142346,1955165503,2922950962,2697390518
dimwishlist:item=3718184802&perks=3525010810,2822142346,1955165503,2922950962,1847323754
dimwishlist:item=3718184802&perks=3525010810,2822142346,1955165503,2396489472,2697390518
dimwishlist:item=3718184802&perks=3525010810,2822142346,1955165503,2396489472,1847323754


// Cartesian Coordinate ()
dimwishlist:item=3719824177&perks=839105230,689005463,1523832109,3764420437
dimwishlist:item=3719824177&perks=839105230,689005463,1523832109,2594592626
dimwishlist:item=3719824177&perks=839105230,689005463,1523832109,1427256713
dimwishlist:item=3719824177&perks=839105230,689005463,4019266109,3764420437
dimwishlist:item=3719824177&perks=839105230,689005463,4019266109,2594592626
dimwishlist:item=3719824177&perks=839105230,689005463,4019266109,1427256713
dimwishlist:item=3719824177&perks=839105230,689005463,3978468247,3764420437
dimwishlist:item=3719824177&perks=839105230,689005463,3978468247,2594592626
dimwishlist:item=3719824177&perks=839105230,689005463,3978468247,1427256713
dimwishlist:item=3719824177&perks=1840239774,689005463,1523832109,3764420437
dimwishlist:item=3719824177&perks=1840239774,689005463,1523832109,2594592626
dimwishlist:item=3719824177&perks=1840239774,689005463,1523832109,1427256713
dimwishlist:item=3719824177&perks=1840239774,689005463,4019266109,3764420437
dimwishlist:item=3719824177&perks=1840239774,689005463,4019266109,2594592626
dimwishlist:item=3719824177&perks=1840239774,689005463,4019266109,1427256713
dimwishlist:item=3719824177&perks=1840239774,689005463,3978468247,3764420437
dimwishlist:item=3719824177&perks=1840239774,689005463,3978468247,2594592626
dimwishlist:item=3719824177&perks=1840239774,689005463,3978468247,1427256713


// Relentless ()
dimwishlist:item=3733988413&perks=839105230,1561002382,960997401,831391274
dimwishlist:item=3733988413&perks=839105230,1561002382,3244229373,831391274
dimwishlist:item=3733988413&perks=839105230,1561002382,3824105627,831391274
dimwishlist:item=3733988413&perks=839105230,1561002382,923806249,831391274
dimwishlist:item=3733988413&perks=839105230,1431678320,960997401,831391274
dimwishlist:item=3733988413&perks=839105230,1431678320,3244229373,831391274
dimwishlist:item=3733988413&perks=839105230,1431678320,3824105627,831391274
dimwishlist:item=3733988413&perks=839105230,1431678320,923806249,831391274
dimwishlist:item=3733988413&perks=1840239774,1561002382,960997401,831391274
dimwishlist:item=3733988413&perks=1840239774,1561002382,3244229373,831391274
dimwishlist:item=3733988413&perks=1840239774,1561002382,3824105627,831391274
dimwishlist:item=3733988413&perks=1840239774,1561002382,923806249,831391274
dimwishlist:item=3733988413&perks=1840239774,1431678320,960997401,831391274
dimwishlist:item=3733988413&perks=1840239774,1431678320,3244229373,831391274
dimwishlist:item=3733988413&perks=1840239774,1431678320,3824105627,831391274
dimwishlist:item=3733988413&perks=1840239774,1431678320,923806249,831391274


// Forbearance ()
dimwishlist:item=3736001860&perks=3525010810,2822142346,3201496230,2109543898
dimwishlist:item=3736001860&perks=3525010810,2822142346,3201496230,2396489472
dimwishlist:item=3736001860&perks=3525010810,2822142346,3201496230,2173046394
dimwishlist:item=3736001860&perks=3525010810,2822142346,1421772400,2109543898
dimwishlist:item=3736001860&perks=3525010810,2822142346,1421772400,2396489472
dimwishlist:item=3736001860&perks=3525010810,2822142346,1421772400,2173046394
dimwishlist:item=3736001860&perks=3525010810,2822142346,3108830275,2109543898
dimwishlist:item=3736001860&perks=3525010810,2822142346,3108830275,2396489472
dimwishlist:item=3736001860&perks=3525010810,2822142346,3108830275,2173046394


// Edge Transit ()
dimwishlist:item=3736001863&perks=3525010810,3373736292,3751912585,3194351027
dimwishlist:item=3736001863&perks=3525010810,3373736292,3751912585,3078487919
dimwishlist:item=3736001863&perks=3525010810,3373736292,3751912585,1089671869
dimwishlist:item=3736001863&perks=3525010810,3373736292,3987942396,3194351027
dimwishlist:item=3736001863&perks=3525010810,3373736292,3987942396,3078487919
dimwishlist:item=3736001863&perks=3525010810,3373736292,3987942396,1089671869
dimwishlist:item=3736001863&perks=3525010810,3373736292,2396489472,3194351027
dimwishlist:item=3736001863&perks=3525010810,3373736292,2396489472,3078487919
dimwishlist:item=3736001863&perks=3525010810,3373736292,2396489472,1089671869
dimwishlist:item=3736001863&perks=3525010810,3301904089,3751912585,3194351027
dimwishlist:item=3736001863&perks=3525010810,3301904089,3751912585,3078487919
dimwishlist:item=3736001863&perks=3525010810,3301904089,3751912585,1089671869
dimwishlist:item=3736001863&perks=3525010810,3301904089,3987942396,3194351027
dimwishlist:item=3736001863&perks=3525010810,3301904089,3987942396,3078487919
dimwishlist:item=3736001863&perks=3525010810,3301904089,3987942396,1089671869
dimwishlist:item=3736001863&perks=3525010810,3301904089,2396489472,3194351027
dimwishlist:item=3736001863&perks=3525010810,3301904089,2396489472,3078487919
dimwishlist:item=3736001863&perks=3525010810,3301904089,2396489472,1089671869


// Shayura's Wrath ()
dimwishlist:item=3747667917&perks=1840239774,1431678320,776531651,2048641572
dimwishlist:item=3747667917&perks=1840239774,1431678320,776531651,3081867624
dimwishlist:item=3747667917&perks=1840239774,1431678320,1464081238,2048641572
dimwishlist:item=3747667917&perks=1840239774,1431678320,1464081238,3081867624
dimwishlist:item=3747667917&perks=1840239774,1431678320,2813913866,2048641572
dimwishlist:item=3747667917&perks=1840239774,1431678320,2813913866,3081867624
dimwishlist:item=3747667917&perks=1840239774,1561002382,776531651,2048641572
dimwishlist:item=3747667917&perks=1840239774,1561002382,776531651,3081867624
dimwishlist:item=3747667917&perks=1840239774,1561002382,1464081238,2048641572
dimwishlist:item=3747667917&perks=1840239774,1561002382,1464081238,3081867624
dimwishlist:item=3747667917&perks=1840239774,1561002382,2813913866,2048641572
dimwishlist:item=3747667917&perks=1840239774,1561002382,2813913866,3081867624


// Synchronic Roulette ()
dimwishlist:item=3752860091&perks=839105230,1431678320,243981275,3640170453
dimwishlist:item=3752860091&perks=839105230,1431678320,243981275,831391274
dimwishlist:item=3752860091&perks=839105230,1561002382,243981275,3640170453
dimwishlist:item=3752860091&perks=839105230,1561002382,243981275,831391274
dimwishlist:item=3752860091&perks=1840239774,1431678320,243981275,3640170453
dimwishlist:item=3752860091&perks=1840239774,1431678320,243981275,831391274
dimwishlist:item=3752860091&perks=1840239774,1561002382,243981275,3640170453
dimwishlist:item=3752860091&perks=1840239774,1561002382,243981275,831391274


// Parabellum ()
dimwishlist:item=3769072067&perks=839105230,1431678320,3017780555,4293542123
dimwishlist:item=3769072067&perks=839105230,1431678320,3017780555,243981275
dimwishlist:item=3769072067&perks=839105230,1431678320,3017780555,2890807135
dimwishlist:item=3769072067&perks=1840239774,1431678320,3017780555,4293542123
dimwishlist:item=3769072067&perks=1840239774,1431678320,3017780555,243981275
dimwishlist:item=3769072067&perks=1840239774,1431678320,3017780555,2890807135


// Bane of Sorrow ()
dimwishlist:item=3779290676&perks=839105230,1431678320,2048641572,2305480722
dimwishlist:item=3779290676&perks=839105230,1431678320,2048641572,557221067
dimwishlist:item=3779290676&perks=839105230,1431678320,2048641572,2896748467
dimwishlist:item=3779290676&perks=839105230,1431678320,2048641572,657025441
dimwishlist:item=3779290676&perks=839105230,1431678320,2048641572,4196156997
dimwishlist:item=3779290676&perks=839105230,1431678320,1464081238,2305480722
dimwishlist:item=3779290676&perks=839105230,1431678320,1464081238,557221067
dimwishlist:item=3779290676&perks=839105230,1431678320,1464081238,2896748467
dimwishlist:item=3779290676&perks=839105230,1431678320,1464081238,657025441
dimwishlist:item=3779290676&perks=839105230,1431678320,1464081238,4196156997
dimwishlist:item=3779290676&perks=839105230,1431678320,2813913866,2305480722
dimwishlist:item=3779290676&perks=839105230,1431678320,2813913866,557221067
dimwishlist:item=3779290676&perks=839105230,1431678320,2813913866,2896748467
dimwishlist:item=3779290676&perks=839105230,1431678320,2813913866,657025441
dimwishlist:item=3779290676&perks=839105230,1431678320,2813913866,4196156997
dimwishlist:item=3779290676&perks=839105230,1431678320,3182497402,2305480722
dimwishlist:item=3779290676&perks=839105230,1431678320,3182497402,557221067
dimwishlist:item=3779290676&perks=839105230,1431678320,3182497402,2896748467
dimwishlist:item=3779290676&perks=839105230,1431678320,3182497402,657025441
dimwishlist:item=3779290676&perks=839105230,1431678320,3182497402,4196156997
dimwishlist:item=3779290676&perks=839105230,1561002382,2048641572,2305480722
dimwishlist:item=3779290676&perks=839105230,1561002382,2048641572,557221067
dimwishlist:item=3779290676&perks=839105230,1561002382,2048641572,2896748467
dimwishlist:item=3779290676&perks=839105230,1561002382,2048641572,657025441
dimwishlist:item=3779290676&perks=839105230,1561002382,2048641572,4196156997
dimwishlist:item=3779290676&perks=839105230,1561002382,1464081238,2305480722
dimwishlist:item=3779290676&perks=839105230,1561002382,1464081238,557221067
dimwishlist:item=3779290676&perks=839105230,1561002382,1464081238,2896748467
dimwishlist:item=3779290676&perks=839105230,1561002382,1464081238,657025441
dimwishlist:item=3779290676&perks=839105230,1561002382,1464081238,4196156997
dimwishlist:item=3779290676&perks=839105230,1561002382,2813913866,2305480722
dimwishlist:item=3779290676&perks=839105230,1561002382,2813913866,557221067
dimwishlist:item=3779290676&perks=839105230,1561002382,2813913866,2896748467
dimwishlist:item=3779290676&perks=839105230,1561002382,2813913866,657025441
dimwishlist:item=3779290676&perks=839105230,1561002382,2813913866,4196156997
dimwishlist:item=3779290676&perks=839105230,1561002382,3182497402,2305480722
dimwishlist:item=3779290676&perks=839105230,1561002382,3182497402,557221067
dimwishlist:item=3779290676&perks=839105230,1561002382,3182497402,2896748467
dimwishlist:item=3779290676&perks=839105230,1561002382,3182497402,657025441
dimwishlist:item=3779290676&perks=839105230,1561002382,3182497402,4196156997
dimwishlist:item=3779290676&perks=1840239774,1431678320,2048641572,2305480722
dimwishlist:item=3779290676&perks=1840239774,1431678320,2048641572,557221067
dimwishlist:item=3779290676&perks=1840239774,1431678320,2048641572,2896748467
dimwishlist:item=3779290676&perks=1840239774,1431678320,2048641572,657025441
dimwishlist:item=3779290676&perks=1840239774,1431678320,2048641572,4196156997
dimwishlist:item=3779290676&perks=1840239774,1431678320,1464081238,2305480722
dimwishlist:item=3779290676&perks=1840239774,1431678320,1464081238,557221067
dimwishlist:item=3779290676&perks=1840239774,1431678320,1464081238,2896748467
dimwishlist:item=3779290676&perks=1840239774,1431678320,1464081238,657025441
dimwishlist:item=3779290676&perks=1840239774,1431678320,1464081238,4196156997
dimwishlist:item=3779290676&perks=1840239774,1431678320,2813913866,2305480722
dimwishlist:item=3779290676&perks=1840239774,1431678320,2813913866,557221067
dimwishlist:item=3779290676&perks=1840239774,1431678320,2813913866,2896748467
dimwishlist:item=3779290676&perks=1840239774,1431678320,2813913866,657025441
dimwishlist:item=3779290676&perks=1840239774,1431678320,2813913866,4196156997
dimwishlist:item=3779290676&perks=1840239774,1431678320,3182497402,2305480722
dimwishlist:item=3779290676&perks=1840239774,1431678320,3182497402,557221067
dimwishlist:item=3779290676&perks=1840239774,1431678320,3182497402,2896748467
dimwishlist:item=3779290676&perks=1840239774,1431678320,3182497402,657025441
dimwishlist:item=3779290676&perks=1840239774,1431678320,3182497402,4196156997
dimwishlist:item=3779290676&perks=1840239774,1561002382,2048641572,2305480722
dimwishlist:item=3779290676&perks=1840239774,1561002382,2048641572,557221067
dimwishlist:item=3779290676&perks=1840239774,1561002382,2048641572,2896748467
dimwishlist:item=3779290676&perks=1840239774,1561002382,2048641572,657025441
dimwishlist:item=3779290676&perks=1840239774,1561002382,2048641572,4196156997
dimwishlist:item=3779290676&perks=1840239774,1561002382,1464081238,2305480722
dimwishlist:item=3779290676&perks=1840239774,1561002382,1464081238,557221067
dimwishlist:item=3779290676&perks=1840239774,1561002382,1464081238,2896748467
dimwishlist:item=3779290676&perks=1840239774,1561002382,1464081238,657025441
dimwishlist:item=3779290676&perks=1840239774,1561002382,1464081238,4196156997
dimwishlist:item=3779290676&perks=1840239774,1561002382,2813913866,2305480722
dimwishlist:item=3779290676&perks=1840239774,1561002382,2813913866,557221067
dimwishlist:item=3779290676&perks=1840239774,1561002382,2813913866,2896748467
dimwishlist:item=3779290676&perks=1840239774,1561002382,2813913866,657025441
dimwishlist:item=3779290676&perks=1840239774,1561002382,2813913866,4196156997
dimwishlist:item=3779290676&perks=1840239774,1561002382,3182497402,2305480722
dimwishlist:item=3779290676&perks=1840239774,1561002382,3182497402,557221067
dimwishlist:item=3779290676&perks=1840239774,1561002382,3182497402,2896748467
dimwishlist:item=3779290676&perks=1840239774,1561002382,3182497402,657025441
dimwishlist:item=3779290676&perks=1840239774,1561002382,3182497402,4196156997


// Abyss Defiant (Adept) ()
dimwishlist:item=3782662983&perks=839105230,1561002382,3017780555,4293542123
dimwishlist:item=3782662983&perks=839105230,1561002382,2890807135,4293542123
dimwishlist:item=3782662983&perks=1840239774,1561002382,3017780555,4293542123
dimwishlist:item=3782662983&perks=1840239774,1561002382,2890807135,4293542123


// The Scholar ()
dimwishlist:item=3790632261&perks=1840239774,1431678320,3824105627,3038247973
dimwishlist:item=3790632261&perks=1840239774,1431678320,3824105627,64866129
dimwishlist:item=3790632261&perks=1840239774,1431678320,3824105627,960997401
dimwishlist:item=3790632261&perks=1840239774,1431678320,3824105627,3244229373
dimwishlist:item=3790632261&perks=1840239774,1431678320,3824105627,831391274
dimwishlist:item=3790632261&perks=1840239774,1431678320,3700496672,3038247973
dimwishlist:item=3790632261&perks=1840239774,1431678320,3700496672,64866129
dimwishlist:item=3790632261&perks=1840239774,1431678320,3700496672,960997401
dimwishlist:item=3790632261&perks=1840239774,1431678320,3700496672,3244229373
dimwishlist:item=3790632261&perks=1840239774,1431678320,3700496672,831391274
dimwishlist:item=3790632261&perks=1840239774,1561002382,3824105627,3038247973
dimwishlist:item=3790632261&perks=1840239774,1561002382,3824105627,64866129
dimwishlist:item=3790632261&perks=1840239774,1561002382,3824105627,960997401
dimwishlist:item=3790632261&perks=1840239774,1561002382,3824105627,3244229373
dimwishlist:item=3790632261&perks=1840239774,1561002382,3824105627,831391274
dimwishlist:item=3790632261&perks=1840239774,1561002382,3700496672,3038247973
dimwishlist:item=3790632261&perks=1840239774,1561002382,3700496672,64866129
dimwishlist:item=3790632261&perks=1840239774,1561002382,3700496672,960997401
dimwishlist:item=3790632261&perks=1840239774,1561002382,3700496672,3244229373
dimwishlist:item=3790632261&perks=1840239774,1561002382,3700496672,831391274


// Ill Omen ()
dimwishlist:item=3794274730&perks=3666208348,269888150,243981275,3708227201
dimwishlist:item=3794274730&perks=3666208348,269888150,243981275,3913600130
dimwishlist:item=3794274730&perks=3666208348,269888150,1749209109,3708227201
dimwishlist:item=3794274730&perks=3666208348,269888150,1749209109,3913600130


// Service Revolver ()
dimwishlist:item=3796682229&perks=1840239774,1431678320,3700496672,3891536761
dimwishlist:item=3796682229&perks=1840239774,1431678320,3700496672,3038247973
dimwishlist:item=3796682229&perks=1840239774,1431678320,3700496672,64866129
dimwishlist:item=3796682229&perks=1840239774,1431678320,1517798362,3891536761
dimwishlist:item=3796682229&perks=1840239774,1431678320,1517798362,3038247973
dimwishlist:item=3796682229&perks=1840239774,1431678320,1517798362,64866129


// Cataphract GL3 ()
dimwishlist:item=3805679279&perks=3525010810,3301904089,968510818,2396489472
dimwishlist:item=3805679279&perks=3525010810,3301904089,968510818,3078487919
dimwishlist:item=3805679279&perks=3525010810,3301904089,968510818,3194351027
dimwishlist:item=3805679279&perks=3525010810,3301904089,424370782,2396489472
dimwishlist:item=3805679279&perks=3525010810,3301904089,424370782,3078487919
dimwishlist:item=3805679279&perks=3525010810,3301904089,424370782,3194351027
dimwishlist:item=3805679279&perks=3525010810,3301904089,3987942396,2396489472
dimwishlist:item=3805679279&perks=3525010810,3301904089,3987942396,3078487919
dimwishlist:item=3805679279&perks=3525010810,3301904089,3987942396,3194351027


// Terminus Horizon ()
dimwishlist:item=3814261872&perks=839105230,1431678320,657025441,654512643
dimwishlist:item=3814261872&perks=839105230,1431678320,657025441,4065965131
dimwishlist:item=3814261872&perks=839105230,1431678320,657025441,2305480722
dimwishlist:item=3814261872&perks=839105230,1431678320,657025441,3966416502
dimwishlist:item=3814261872&perks=839105230,1431678320,4196156997,654512643
dimwishlist:item=3814261872&perks=839105230,1431678320,4196156997,4065965131
dimwishlist:item=3814261872&perks=839105230,1431678320,4196156997,2305480722
dimwishlist:item=3814261872&perks=839105230,1431678320,4196156997,3966416502
dimwishlist:item=3814261872&perks=839105230,1431678320,1511100135,654512643
dimwishlist:item=3814261872&perks=839105230,1431678320,1511100135,4065965131
dimwishlist:item=3814261872&perks=839105230,1431678320,1511100135,2305480722
dimwishlist:item=3814261872&perks=839105230,1431678320,1511100135,3966416502
dimwishlist:item=3814261872&perks=839105230,1431678320,65604327,654512643
dimwishlist:item=3814261872&perks=839105230,1431678320,65604327,4065965131
dimwishlist:item=3814261872&perks=839105230,1431678320,65604327,2305480722
dimwishlist:item=3814261872&perks=839105230,1431678320,65604327,3966416502
dimwishlist:item=3814261872&perks=839105230,1431678320,1115162408,654512643
dimwishlist:item=3814261872&perks=839105230,1431678320,1115162408,4065965131
dimwishlist:item=3814261872&perks=839105230,1431678320,1115162408,2305480722
dimwishlist:item=3814261872&perks=839105230,1431678320,1115162408,3966416502
dimwishlist:item=3814261872&perks=839105230,1431678320,511499160,654512643
dimwishlist:item=3814261872&perks=839105230,1431678320,511499160,4065965131
dimwishlist:item=3814261872&perks=839105230,1431678320,511499160,2305480722
dimwishlist:item=3814261872&perks=839105230,1431678320,511499160,3966416502
dimwishlist:item=3814261872&perks=839105230,1561002382,657025441,654512643
dimwishlist:item=3814261872&perks=839105230,1561002382,657025441,4065965131
dimwishlist:item=3814261872&perks=839105230,1561002382,657025441,2305480722
dimwishlist:item=3814261872&perks=839105230,1561002382,657025441,3966416502
dimwishlist:item=3814261872&perks=839105230,1561002382,4196156997,654512643
dimwishlist:item=3814261872&perks=839105230,1561002382,4196156997,4065965131
dimwishlist:item=3814261872&perks=839105230,1561002382,4196156997,2305480722
dimwishlist:item=3814261872&perks=839105230,1561002382,4196156997,3966416502
dimwishlist:item=3814261872&perks=839105230,1561002382,1511100135,654512643
dimwishlist:item=3814261872&perks=839105230,1561002382,1511100135,4065965131
dimwishlist:item=3814261872&perks=839105230,1561002382,1511100135,2305480722
dimwishlist:item=3814261872&perks=839105230,1561002382,1511100135,3966416502
dimwishlist:item=3814261872&perks=839105230,1561002382,65604327,654512643
dimwishlist:item=3814261872&perks=839105230,1561002382,65604327,4065965131
dimwishlist:item=3814261872&perks=839105230,1561002382,65604327,2305480722
dimwishlist:item=3814261872&perks=839105230,1561002382,65604327,3966416502
dimwishlist:item=3814261872&perks=839105230,1561002382,1115162408,654512643
dimwishlist:item=3814261872&perks=839105230,1561002382,1115162408,4065965131
dimwishlist:item=3814261872&perks=839105230,1561002382,1115162408,2305480722
dimwishlist:item=3814261872&perks=839105230,1561002382,1115162408,3966416502
dimwishlist:item=3814261872&perks=839105230,1561002382,511499160,654512643
dimwishlist:item=3814261872&perks=839105230,1561002382,511499160,4065965131
dimwishlist:item=3814261872&perks=839105230,1561002382,511499160,2305480722
dimwishlist:item=3814261872&perks=839105230,1561002382,511499160,3966416502
dimwishlist:item=3814261872&perks=1840239774,1431678320,657025441,654512643
dimwishlist:item=3814261872&perks=1840239774,1431678320,657025441,4065965131
dimwishlist:item=3814261872&perks=1840239774,1431678320,657025441,2305480722
dimwishlist:item=3814261872&perks=1840239774,1431678320,657025441,3966416502
dimwishlist:item=3814261872&perks=1840239774,1431678320,4196156997,654512643
dimwishlist:item=3814261872&perks=1840239774,1431678320,4196156997,4065965131
dimwishlist:item=3814261872&perks=1840239774,1431678320,4196156997,2305480722
dimwishlist:item=3814261872&perks=1840239774,1431678320,4196156997,3966416502
dimwishlist:item=3814261872&perks=1840239774,1431678320,1511100135,654512643
dimwishlist:item=3814261872&perks=1840239774,1431678320,1511100135,4065965131
dimwishlist:item=3814261872&perks=1840239774,1431678320,1511100135,2305480722
dimwishlist:item=3814261872&perks=1840239774,1431678320,1511100135,3966416502
dimwishlist:item=3814261872&perks=1840239774,1431678320,65604327,654512643
dimwishlist:item=3814261872&perks=1840239774,1431678320,65604327,4065965131
dimwishlist:item=3814261872&perks=1840239774,1431678320,65604327,2305480722
dimwishlist:item=3814261872&perks=1840239774,1431678320,65604327,3966416502
dimwishlist:item=3814261872&perks=1840239774,1431678320,1115162408,654512643
dimwishlist:item=3814261872&perks=1840239774,1431678320,1115162408,4065965131
dimwishlist:item=3814261872&perks=1840239774,1431678320,1115162408,2305480722
dimwishlist:item=3814261872&perks=1840239774,1431678320,1115162408,3966416502
dimwishlist:item=3814261872&perks=1840239774,1431678320,511499160,654512643
dimwishlist:item=3814261872&perks=1840239774,1431678320,511499160,4065965131
dimwishlist:item=3814261872&perks=1840239774,1431678320,511499160,2305480722
dimwishlist:item=3814261872&perks=1840239774,1431678320,511499160,3966416502
dimwishlist:item=3814261872&perks=1840239774,1561002382,657025441,654512643
dimwishlist:item=3814261872&perks=1840239774,1561002382,657025441,4065965131
dimwishlist:item=3814261872&perks=1840239774,1561002382,657025441,2305480722
dimwishlist:item=3814261872&perks=1840239774,1561002382,657025441,3966416502
dimwishlist:item=3814261872&perks=1840239774,1561002382,4196156997,654512643
dimwishlist:item=3814261872&perks=1840239774,1561002382,4196156997,4065965131
dimwishlist:item=3814261872&perks=1840239774,1561002382,4196156997,2305480722
dimwishlist:item=3814261872&perks=1840239774,1561002382,4196156997,3966416502
dimwishlist:item=3814261872&perks=1840239774,1561002382,1511100135,654512643
dimwishlist:item=3814261872&perks=1840239774,1561002382,1511100135,4065965131
dimwishlist:item=3814261872&perks=1840239774,1561002382,1511100135,2305480722
dimwishlist:item=3814261872&perks=1840239774,1561002382,1511100135,3966416502
dimwishlist:item=3814261872&perks=1840239774,1561002382,65604327,654512643
dimwishlist:item=3814261872&perks=1840239774,1561002382,65604327,4065965131
dimwishlist:item=3814261872&perks=1840239774,1561002382,65604327,2305480722
dimwishlist:item=3814261872&perks=1840239774,1561002382,65604327,3966416502
dimwishlist:item=3814261872&perks=1840239774,1561002382,1115162408,654512643
dimwishlist:item=3814261872&perks=1840239774,1561002382,1115162408,4065965131
dimwishlist:item=3814261872&perks=1840239774,1561002382,1115162408,2305480722
dimwishlist:item=3814261872&perks=1840239774,1561002382,1115162408,3966416502
dimwishlist:item=3814261872&perks=1840239774,1561002382,511499160,654512643
dimwishlist:item=3814261872&perks=1840239774,1561002382,511499160,4065965131
dimwishlist:item=3814261872&perks=1840239774,1561002382,511499160,2305480722
dimwishlist:item=3814261872&perks=1840239774,1561002382,511499160,3966416502


// Praedyth's Revenge ()
dimwishlist:item=3844610113&perks=1840239774,106909392,1354429876,1089671869
dimwishlist:item=3844610113&perks=1840239774,106909392,1354429876,1226351311
dimwishlist:item=3844610113&perks=1840239774,106909392,1354429876,555281244
dimwishlist:item=3844610113&perks=1840239774,106909392,1354429876,332733060
dimwishlist:item=3844610113&perks=1840239774,106909392,3891536761,1089671869
dimwishlist:item=3844610113&perks=1840239774,106909392,3891536761,1226351311
dimwishlist:item=3844610113&perks=1840239774,106909392,3891536761,555281244
dimwishlist:item=3844610113&perks=1840239774,106909392,3891536761,332733060
dimwishlist:item=3844610113&perks=1840239774,106909392,3978468247,1089671869
dimwishlist:item=3844610113&perks=1840239774,106909392,3978468247,1226351311
dimwishlist:item=3844610113&perks=1840239774,106909392,3978468247,555281244
dimwishlist:item=3844610113&perks=1840239774,106909392,3978468247,332733060


// Epochal Integration ()
dimwishlist:item=3851394887&perks=1840239774,1431678320,3017780555,4293542123
dimwishlist:item=3851394887&perks=1840239774,1431678320,3017780555,657025441
dimwishlist:item=3851394887&perks=1840239774,1431678320,3017780555,4196156997
dimwishlist:item=3851394887&perks=1840239774,1431678320,3017780555,3640170453
dimwishlist:item=3851394887&perks=1840239774,1431678320,3038247973,4293542123
dimwishlist:item=3851394887&perks=1840239774,1431678320,3038247973,657025441
dimwishlist:item=3851394887&perks=1840239774,1431678320,3038247973,4196156997
dimwishlist:item=3851394887&perks=1840239774,1431678320,3038247973,3640170453
dimwishlist:item=3851394887&perks=1840239774,1431678320,64866129,4293542123
dimwishlist:item=3851394887&perks=1840239774,1431678320,64866129,657025441
dimwishlist:item=3851394887&perks=1840239774,1431678320,64866129,4196156997
dimwishlist:item=3851394887&perks=1840239774,1431678320,64866129,3640170453


// Rapid Growth ()
dimwishlist:item=3856342856&perks=1840239774,106909392,1354429876,654512643
dimwishlist:item=3856342856&perks=1840239774,106909392,1354429876,4065965131
dimwishlist:item=3856342856&perks=1840239774,106909392,1354429876,3764420437


// Father's Sins ()
dimwishlist:item=3865728990&perks=1840239774,106909392,3700496672,2896038713
dimwishlist:item=3865728990&perks=1840239774,106909392,3700496672,2402480669
dimwishlist:item=3865728990&perks=1840239774,106909392,3700496672,1134488199
dimwishlist:item=3865728990&perks=1840239774,106909392,3700496672,3078487919
dimwishlist:item=3865728990&perks=1840239774,106909392,3400784728,2896038713
dimwishlist:item=3865728990&perks=1840239774,106909392,3400784728,2402480669
dimwishlist:item=3865728990&perks=1840239774,106909392,3400784728,1134488199
dimwishlist:item=3865728990&perks=1840239774,106909392,3400784728,3078487919
dimwishlist:item=3865728990&perks=1840239774,106909392,573122728,2896038713
dimwishlist:item=3865728990&perks=1840239774,106909392,573122728,2402480669
dimwishlist:item=3865728990&perks=1840239774,106909392,573122728,1134488199
dimwishlist:item=3865728990&perks=1840239774,106909392,573122728,3078487919
dimwishlist:item=3865728990&perks=1840239774,106909392,1556840489,2896038713
dimwishlist:item=3865728990&perks=1840239774,106909392,1556840489,2402480669
dimwishlist:item=3865728990&perks=1840239774,106909392,1556840489,1134488199
dimwishlist:item=3865728990&perks=1840239774,106909392,1556840489,3078487919


// Submission ()
dimwishlist:item=3886416794&perks=1840239774,1431678320,3891536761,3640170453


// The Keening ()
dimwishlist:item=3902351469&perks=1840239774,1431678320,2173046394,2848615171
dimwishlist:item=3902351469&perks=1840239774,1431678320,2173046394,169755979
dimwishlist:item=3902351469&perks=1840239774,1431678320,2173046394,3966416502
dimwishlist:item=3902351469&perks=1840239774,1561002382,2173046394,2848615171
dimwishlist:item=3902351469&perks=1840239774,1561002382,2173046394,169755979
dimwishlist:item=3902351469&perks=1840239774,1561002382,2173046394,3966416502


// Midha's Reckoning (Harrowed) ()
dimwishlist:item=3904516037&perks=839105230,689005463,1799762209,3708227201
dimwishlist:item=3904516037&perks=839105230,689005463,1799762209,654512643
dimwishlist:item=3904516037&perks=839105230,689005463,1799762209,4065965131
dimwishlist:item=3904516037&perks=839105230,689005463,1008128453,3708227201
dimwishlist:item=3904516037&perks=839105230,689005463,1008128453,654512643
dimwishlist:item=3904516037&perks=839105230,689005463,1008128453,4065965131
dimwishlist:item=3904516037&perks=839105230,689005463,2869569095,3708227201
dimwishlist:item=3904516037&perks=839105230,689005463,2869569095,654512643
dimwishlist:item=3904516037&perks=839105230,689005463,2869569095,4065965131
dimwishlist:item=3904516037&perks=1840239774,689005463,1799762209,3708227201
dimwishlist:item=3904516037&perks=1840239774,689005463,1799762209,654512643
dimwishlist:item=3904516037&perks=1840239774,689005463,1799762209,4065965131
dimwishlist:item=3904516037&perks=1840239774,689005463,1008128453,3708227201
dimwishlist:item=3904516037&perks=1840239774,689005463,1008128453,654512643
dimwishlist:item=3904516037&perks=1840239774,689005463,1008128453,4065965131
dimwishlist:item=3904516037&perks=1840239774,689005463,2869569095,3708227201
dimwishlist:item=3904516037&perks=1840239774,689005463,2869569095,654512643
dimwishlist:item=3904516037&perks=1840239774,689005463,2869569095,4065965131


// Lotus-Eater ()
dimwishlist:item=3922217119&perks=1478423395,1431678320,3700496672,2048641572
dimwishlist:item=3922217119&perks=1478423395,1431678320,3700496672,1134488199
dimwishlist:item=3922217119&perks=1478423395,1431678320,776531651,2048641572
dimwishlist:item=3922217119&perks=1478423395,1431678320,776531651,1134488199
dimwishlist:item=3922217119&perks=3525010810,1431678320,3700496672,2048641572
dimwishlist:item=3922217119&perks=3525010810,1431678320,3700496672,1134488199
dimwishlist:item=3922217119&perks=3525010810,1431678320,776531651,2048641572
dimwishlist:item=3922217119&perks=3525010810,1431678320,776531651,1134488199


// Word of Crota (Adept) ()
dimwishlist:item=3926103986&perks=1840239774,1431678320,776531651,2048641572
dimwishlist:item=3926103986&perks=1840239774,1431678320,776531651,3081867624
dimwishlist:item=3926103986&perks=1840239774,1431678320,2848615171,2048641572
dimwishlist:item=3926103986&perks=1840239774,1431678320,2848615171,3081867624
dimwishlist:item=3926103986&perks=1840239774,1431678320,169755979,2048641572
dimwishlist:item=3926103986&perks=1840239774,1431678320,169755979,3081867624
dimwishlist:item=3926103986&perks=1840239774,1431678320,4019266109,2048641572
dimwishlist:item=3926103986&perks=1840239774,1431678320,4019266109,3081867624


// MIDA Mini-Tool ()
dimwishlist:item=3946054154&perks=839105230,1431678320,243981275,4293542123
dimwishlist:item=3946054154&perks=839105230,1431678320,243981275,2890807135
dimwishlist:item=3946054154&perks=839105230,1431678320,3017780555,4293542123
dimwishlist:item=3946054154&perks=839105230,1431678320,3017780555,2890807135
dimwishlist:item=3946054154&perks=839105230,1561002382,243981275,4293542123
dimwishlist:item=3946054154&perks=839105230,1561002382,243981275,2890807135
dimwishlist:item=3946054154&perks=839105230,1561002382,3017780555,4293542123
dimwishlist:item=3946054154&perks=839105230,1561002382,3017780555,2890807135
dimwishlist:item=3946054154&perks=1840239774,1431678320,243981275,4293542123
dimwishlist:item=3946054154&perks=1840239774,1431678320,243981275,2890807135
dimwishlist:item=3946054154&perks=1840239774,1431678320,3017780555,4293542123
dimwishlist:item=3946054154&perks=1840239774,1431678320,3017780555,2890807135
dimwishlist:item=3946054154&perks=1840239774,1561002382,243981275,4293542123
dimwishlist:item=3946054154&perks=1840239774,1561002382,243981275,2890807135
dimwishlist:item=3946054154&perks=1840239774,1561002382,3017780555,4293542123
dimwishlist:item=3946054154&perks=1840239774,1561002382,3017780555,2890807135


// The Call ()
dimwishlist:item=3947966653&perks=1478423395,106909392,1556840489,2610012052
dimwishlist:item=3947966653&perks=1478423395,106909392,1556840489,4290541820
dimwishlist:item=3947966653&perks=1478423395,106909392,1556840489,3640170453
dimwishlist:item=3947966653&perks=1478423395,106909392,1556840489,831391274
dimwishlist:item=3947966653&perks=1478423395,106909392,3523296417,2610012052
dimwishlist:item=3947966653&perks=1478423395,106909392,3523296417,4290541820
dimwishlist:item=3947966653&perks=1478423395,106909392,3523296417,3640170453
dimwishlist:item=3947966653&perks=1478423395,106909392,3523296417,831391274
dimwishlist:item=3947966653&perks=1478423395,106909392,923806249,2610012052
dimwishlist:item=3947966653&perks=1478423395,106909392,923806249,4290541820
dimwishlist:item=3947966653&perks=1478423395,106909392,923806249,3640170453
dimwishlist:item=3947966653&perks=1478423395,106909392,923806249,831391274
dimwishlist:item=3947966653&perks=3525010810,106909392,1556840489,2610012052
dimwishlist:item=3947966653&perks=3525010810,106909392,1556840489,4290541820
dimwishlist:item=3947966653&perks=3525010810,106909392,1556840489,3640170453
dimwishlist:item=3947966653&perks=3525010810,106909392,1556840489,831391274
dimwishlist:item=3947966653&perks=3525010810,106909392,3523296417,2610012052
dimwishlist:item=3947966653&perks=3525010810,106909392,3523296417,4290541820
dimwishlist:item=3947966653&perks=3525010810,106909392,3523296417,3640170453
dimwishlist:item=3947966653&perks=3525010810,106909392,3523296417,831391274
dimwishlist:item=3947966653&perks=3525010810,106909392,923806249,2610012052
dimwishlist:item=3947966653&perks=3525010810,106909392,923806249,4290541820
dimwishlist:item=3947966653&perks=3525010810,106909392,923806249,3640170453
dimwishlist:item=3947966653&perks=3525010810,106909392,923806249,831391274


// Imminence (Adept) ()
dimwishlist:item=3951511045&perks=839105230,1431678320,923806249,3824105627
dimwishlist:item=3951511045&perks=839105230,1431678320,923806249,3640170453
dimwishlist:item=3951511045&perks=839105230,1431678320,923806249,831391274
dimwishlist:item=3951511045&perks=839105230,1431678320,960997401,3824105627
dimwishlist:item=3951511045&perks=839105230,1431678320,960997401,3640170453
dimwishlist:item=3951511045&perks=839105230,1431678320,960997401,831391274
dimwishlist:item=3951511045&perks=839105230,1431678320,3244229373,3824105627
dimwishlist:item=3951511045&perks=839105230,1431678320,3244229373,3640170453
dimwishlist:item=3951511045&perks=839105230,1431678320,3244229373,831391274
dimwishlist:item=3951511045&perks=1840239774,1431678320,923806249,3824105627
dimwishlist:item=3951511045&perks=1840239774,1431678320,923806249,3640170453
dimwishlist:item=3951511045&perks=1840239774,1431678320,923806249,831391274
dimwishlist:item=3951511045&perks=1840239774,1431678320,960997401,3824105627
dimwishlist:item=3951511045&perks=1840239774,1431678320,960997401,3640170453
dimwishlist:item=3951511045&perks=1840239774,1431678320,960997401,831391274
dimwishlist:item=3951511045&perks=1840239774,1431678320,3244229373,3824105627
dimwishlist:item=3951511045&perks=1840239774,1431678320,3244229373,3640170453
dimwishlist:item=3951511045&perks=1840239774,1431678320,3244229373,831391274


// The Hothead ()
dimwishlist:item=3960301269&perks=3525010810,3796465595,1523832109,1439600632,2697390518
dimwishlist:item=3960301269&perks=3525010810,3796465595,1523832109,1439600632,1847323754
dimwishlist:item=3960301269&perks=3525010810,3796465595,1523832109,3764420437,2697390518
dimwishlist:item=3960301269&perks=3525010810,3796465595,1523832109,3764420437,1847323754
dimwishlist:item=3960301269&perks=3525010810,3796465595,1523832109,1089671869,2697390518
dimwishlist:item=3960301269&perks=3525010810,3796465595,1523832109,1089671869,1847323754
dimwishlist:item=3960301269&perks=3525010810,3796465595,3987942396,1439600632,2697390518
dimwishlist:item=3960301269&perks=3525010810,3796465595,3987942396,1439600632,1847323754
dimwishlist:item=3960301269&perks=3525010810,3796465595,3987942396,3764420437,2697390518
dimwishlist:item=3960301269&perks=3525010810,3796465595,3987942396,3764420437,1847323754
dimwishlist:item=3960301269&perks=3525010810,3796465595,3987942396,1089671869,2697390518
dimwishlist:item=3960301269&perks=3525010810,3796465595,3987942396,1089671869,1847323754
dimwishlist:item=3960301269&perks=3525010810,3796465595,3300816228,1439600632,2697390518
dimwishlist:item=3960301269&perks=3525010810,3796465595,3300816228,1439600632,1847323754
dimwishlist:item=3960301269&perks=3525010810,3796465595,3300816228,3764420437,2697390518
dimwishlist:item=3960301269&perks=3525010810,3796465595,3300816228,3764420437,1847323754
dimwishlist:item=3960301269&perks=3525010810,3796465595,3300816228,1089671869,2697390518
dimwishlist:item=3960301269&perks=3525010810,3796465595,3300816228,1089671869,1847323754


// Kindled Orchid ()
dimwishlist:item=3961462214&perks=1840239774,1431678320,776531651,2048641572
dimwishlist:item=3961462214&perks=1840239774,1431678320,776531651,1464081238
dimwishlist:item=3961462214&perks=1840239774,1431678320,776531651,2813913866
dimwishlist:item=3961462214&perks=1840239774,1431678320,776531651,3038247973
dimwishlist:item=3961462214&perks=1840239774,1431678320,776531651,64866129
dimwishlist:item=3961462214&perks=1840239774,1431678320,3700496672,2048641572
dimwishlist:item=3961462214&perks=1840239774,1431678320,3700496672,1464081238
dimwishlist:item=3961462214&perks=1840239774,1431678320,3700496672,2813913866
dimwishlist:item=3961462214&perks=1840239774,1431678320,3700496672,3038247973
dimwishlist:item=3961462214&perks=1840239774,1431678320,3700496672,64866129


// Midha's Reckoning ()
dimwishlist:item=3969066556&perks=839105230,689005463,1799762209,3708227201
dimwishlist:item=3969066556&perks=839105230,689005463,1799762209,654512643
dimwishlist:item=3969066556&perks=839105230,689005463,1799762209,4065965131
dimwishlist:item=3969066556&perks=839105230,689005463,1008128453,3708227201
dimwishlist:item=3969066556&perks=839105230,689005463,1008128453,654512643
dimwishlist:item=3969066556&perks=839105230,689005463,1008128453,4065965131
dimwishlist:item=3969066556&perks=839105230,689005463,2869569095,3708227201
dimwishlist:item=3969066556&perks=839105230,689005463,2869569095,654512643
dimwishlist:item=3969066556&perks=839105230,689005463,2869569095,4065965131
dimwishlist:item=3969066556&perks=1840239774,689005463,1799762209,3708227201
dimwishlist:item=3969066556&perks=1840239774,689005463,1799762209,654512643
dimwishlist:item=3969066556&perks=1840239774,689005463,1799762209,4065965131
dimwishlist:item=3969066556&perks=1840239774,689005463,1008128453,3708227201
dimwishlist:item=3969066556&perks=1840239774,689005463,1008128453,654512643
dimwishlist:item=3969066556&perks=1840239774,689005463,1008128453,4065965131
dimwishlist:item=3969066556&perks=1840239774,689005463,2869569095,3708227201
dimwishlist:item=3969066556&perks=1840239774,689005463,2869569095,654512643
dimwishlist:item=3969066556&perks=1840239774,689005463,2869569095,4065965131


// Festival Flight ()
dimwishlist:item=3977654524&perks=3525010810,2822142346,3523296417,243981275
dimwishlist:item=3977654524&perks=3525010810,2822142346,3523296417,831391274
dimwishlist:item=3977654524&perks=3525010810,2822142346,3523296417,4049631843
dimwishlist:item=3977654524&perks=3525010810,2822142346,3523296417,859780267
dimwishlist:item=3977654524&perks=3525010810,2822142346,3987942396,243981275
dimwishlist:item=3977654524&perks=3525010810,2822142346,3987942396,831391274
dimwishlist:item=3977654524&perks=3525010810,2822142346,3987942396,4049631843
dimwishlist:item=3977654524&perks=3525010810,2822142346,3987942396,859780267
dimwishlist:item=3977654524&perks=3525010810,2822142346,923806249,243981275
dimwishlist:item=3977654524&perks=3525010810,2822142346,923806249,831391274
dimwishlist:item=3977654524&perks=3525010810,2822142346,923806249,4049631843
dimwishlist:item=3977654524&perks=3525010810,2822142346,923806249,859780267


// Temptation's Hook ()
dimwishlist:item=3977827673&perks=3666208348,2349202967,1749209109,3913600130
dimwishlist:item=3977827673&perks=3666208348,2349202967,1749209109,1685431615
dimwishlist:item=3977827673&perks=3666208348,2349202967,1749209109,3406782879
dimwishlist:item=3977827673&perks=3666208348,2349202967,243981275,3913600130
dimwishlist:item=3977827673&perks=3666208348,2349202967,243981275,1685431615
dimwishlist:item=3977827673&perks=3666208348,2349202967,243981275,3406782879
dimwishlist:item=3977827673&perks=3666208348,269888150,1749209109,3913600130
dimwishlist:item=3977827673&perks=3666208348,269888150,1749209109,1685431615
dimwishlist:item=3977827673&perks=3666208348,269888150,1749209109,3406782879
dimwishlist:item=3977827673&perks=3666208348,269888150,243981275,3913600130
dimwishlist:item=3977827673&perks=3666208348,269888150,243981275,1685431615
dimwishlist:item=3977827673&perks=3666208348,269888150,243981275,3406782879
dimwishlist:item=3977827673&perks=938542991,2349202967,1749209109,3913600130
dimwishlist:item=3977827673&perks=938542991,2349202967,1749209109,1685431615
dimwishlist:item=3977827673&perks=938542991,2349202967,1749209109,3406782879
dimwishlist:item=3977827673&perks=938542991,2349202967,243981275,3913600130
dimwishlist:item=3977827673&perks=938542991,2349202967,243981275,1685431615
dimwishlist:item=3977827673&perks=938542991,2349202967,243981275,3406782879
dimwishlist:item=3977827673&perks=938542991,269888150,1749209109,3913600130
dimwishlist:item=3977827673&perks=938542991,269888150,1749209109,1685431615
dimwishlist:item=3977827673&perks=938542991,269888150,1749209109,3406782879
dimwishlist:item=3977827673&perks=938542991,269888150,243981275,3913600130
dimwishlist:item=3977827673&perks=938542991,269888150,243981275,1685431615
dimwishlist:item=3977827673&perks=938542991,269888150,243981275,3406782879


// Terminus Horizon ()
dimwishlist:item=3984556130&perks=839105230,1431678320,2848615171,557221067
dimwishlist:item=3984556130&perks=839105230,1431678320,2848615171,2896748467
dimwishlist:item=3984556130&perks=839105230,1431678320,2848615171,3966416502
dimwishlist:item=3984556130&perks=839105230,1431678320,2848615171,555281244
dimwishlist:item=3984556130&perks=839105230,1431678320,2848615171,332733060
dimwishlist:item=3984556130&perks=839105230,1431678320,169755979,557221067
dimwishlist:item=3984556130&perks=839105230,1431678320,169755979,2896748467
dimwishlist:item=3984556130&perks=839105230,1431678320,169755979,3966416502
dimwishlist:item=3984556130&perks=839105230,1431678320,169755979,555281244
dimwishlist:item=3984556130&perks=839105230,1431678320,169755979,332733060
dimwishlist:item=3984556130&perks=839105230,1431678320,3523296417,557221067
dimwishlist:item=3984556130&perks=839105230,1431678320,3523296417,2896748467
dimwishlist:item=3984556130&perks=839105230,1431678320,3523296417,3966416502
dimwishlist:item=3984556130&perks=839105230,1431678320,3523296417,555281244
dimwishlist:item=3984556130&perks=839105230,1431678320,3523296417,332733060
dimwishlist:item=3984556130&perks=839105230,2420895100,2848615171,557221067
dimwishlist:item=3984556130&perks=839105230,2420895100,2848615171,2896748467
dimwishlist:item=3984556130&perks=839105230,2420895100,2848615171,3966416502
dimwishlist:item=3984556130&perks=839105230,2420895100,2848615171,555281244
dimwishlist:item=3984556130&perks=839105230,2420895100,2848615171,332733060
dimwishlist:item=3984556130&perks=839105230,2420895100,169755979,557221067
dimwishlist:item=3984556130&perks=839105230,2420895100,169755979,2896748467
dimwishlist:item=3984556130&perks=839105230,2420895100,169755979,3966416502
dimwishlist:item=3984556130&perks=839105230,2420895100,169755979,555281244
dimwishlist:item=3984556130&perks=839105230,2420895100,169755979,332733060
dimwishlist:item=3984556130&perks=839105230,2420895100,3523296417,557221067
dimwishlist:item=3984556130&perks=839105230,2420895100,3523296417,2896748467
dimwishlist:item=3984556130&perks=839105230,2420895100,3523296417,3966416502
dimwishlist:item=3984556130&perks=839105230,2420895100,3523296417,555281244
dimwishlist:item=3984556130&perks=839105230,2420895100,3523296417,332733060
dimwishlist:item=3984556130&perks=839105230,1561002382,2848615171,557221067
dimwishlist:item=3984556130&perks=839105230,1561002382,2848615171,2896748467
dimwishlist:item=3984556130&perks=839105230,1561002382,2848615171,3966416502
dimwishlist:item=3984556130&perks=839105230,1561002382,2848615171,555281244
dimwishlist:item=3984556130&perks=839105230,1561002382,2848615171,332733060
dimwishlist:item=3984556130&perks=839105230,1561002382,169755979,557221067
dimwishlist:item=3984556130&perks=839105230,1561002382,169755979,2896748467
dimwishlist:item=3984556130&perks=839105230,1561002382,169755979,3966416502
dimwishlist:item=3984556130&perks=839105230,1561002382,169755979,555281244
dimwishlist:item=3984556130&perks=839105230,1561002382,169755979,332733060
dimwishlist:item=3984556130&perks=839105230,1561002382,3523296417,557221067
dimwishlist:item=3984556130&perks=839105230,1561002382,3523296417,2896748467
dimwishlist:item=3984556130&perks=839105230,1561002382,3523296417,3966416502
dimwishlist:item=3984556130&perks=839105230,1561002382,3523296417,555281244
dimwishlist:item=3984556130&perks=839105230,1561002382,3523296417,332733060
dimwishlist:item=3984556130&perks=1840239774,1431678320,2848615171,557221067
dimwishlist:item=3984556130&perks=1840239774,1431678320,2848615171,2896748467
dimwishlist:item=3984556130&perks=1840239774,1431678320,2848615171,3966416502
dimwishlist:item=3984556130&perks=1840239774,1431678320,2848615171,555281244
dimwishlist:item=3984556130&perks=1840239774,1431678320,2848615171,332733060
dimwishlist:item=3984556130&perks=1840239774,1431678320,169755979,557221067
dimwishlist:item=3984556130&perks=1840239774,1431678320,169755979,2896748467
dimwishlist:item=3984556130&perks=1840239774,1431678320,169755979,3966416502
dimwishlist:item=3984556130&perks=1840239774,1431678320,169755979,555281244
dimwishlist:item=3984556130&perks=1840239774,1431678320,169755979,332733060
dimwishlist:item=3984556130&perks=1840239774,1431678320,3523296417,557221067
dimwishlist:item=3984556130&perks=1840239774,1431678320,3523296417,2896748467
dimwishlist:item=3984556130&perks=1840239774,1431678320,3523296417,3966416502
dimwishlist:item=3984556130&perks=1840239774,1431678320,3523296417,555281244
dimwishlist:item=3984556130&perks=1840239774,1431678320,3523296417,332733060
dimwishlist:item=3984556130&perks=1840239774,2420895100,2848615171,557221067
dimwishlist:item=3984556130&perks=1840239774,2420895100,2848615171,2896748467
dimwishlist:item=3984556130&perks=1840239774,2420895100,2848615171,3966416502
dimwishlist:item=3984556130&perks=1840239774,2420895100,2848615171,555281244
dimwishlist:item=3984556130&perks=1840239774,2420895100,2848615171,332733060
dimwishlist:item=3984556130&perks=1840239774,2420895100,169755979,557221067
dimwishlist:item=3984556130&perks=1840239774,2420895100,169755979,2896748467
dimwishlist:item=3984556130&perks=1840239774,2420895100,169755979,3966416502
dimwishlist:item=3984556130&perks=1840239774,2420895100,169755979,555281244
dimwishlist:item=3984556130&perks=1840239774,2420895100,169755979,332733060
dimwishlist:item=3984556130&perks=1840239774,2420895100,3523296417,557221067
dimwishlist:item=3984556130&perks=1840239774,2420895100,3523296417,2896748467
dimwishlist:item=3984556130&perks=1840239774,2420895100,3523296417,3966416502
dimwishlist:item=3984556130&perks=1840239774,2420895100,3523296417,555281244
dimwishlist:item=3984556130&perks=1840239774,2420895100,3523296417,332733060
dimwishlist:item=3984556130&perks=1840239774,1561002382,2848615171,557221067
dimwishlist:item=3984556130&perks=1840239774,1561002382,2848615171,2896748467
dimwishlist:item=3984556130&perks=1840239774,1561002382,2848615171,3966416502
dimwishlist:item=3984556130&perks=1840239774,1561002382,2848615171,555281244
dimwishlist:item=3984556130&perks=1840239774,1561002382,2848615171,332733060
dimwishlist:item=3984556130&perks=1840239774,1561002382,169755979,557221067
dimwishlist:item=3984556130&perks=1840239774,1561002382,169755979,2896748467
dimwishlist:item=3984556130&perks=1840239774,1561002382,169755979,3966416502
dimwishlist:item=3984556130&perks=1840239774,1561002382,169755979,555281244
dimwishlist:item=3984556130&perks=1840239774,1561002382,169755979,332733060
dimwishlist:item=3984556130&perks=1840239774,1561002382,3523296417,557221067
dimwishlist:item=3984556130&perks=1840239774,1561002382,3523296417,2896748467
dimwishlist:item=3984556130&perks=1840239774,1561002382,3523296417,3966416502
dimwishlist:item=3984556130&perks=1840239774,1561002382,3523296417,555281244
dimwishlist:item=3984556130&perks=1840239774,1561002382,3523296417,332733060


// All or Nothing ()
dimwishlist:item=3984776322&perks=839105230,1080094173,3824105627,960997401
dimwishlist:item=3984776322&perks=839105230,1080094173,3824105627,3244229373
dimwishlist:item=3984776322&perks=839105230,1080094173,3824105627,831391274
dimwishlist:item=3984776322&perks=839105230,1080094173,923806249,960997401
dimwishlist:item=3984776322&perks=839105230,1080094173,923806249,3244229373
dimwishlist:item=3984776322&perks=839105230,1080094173,923806249,831391274
dimwishlist:item=3984776322&perks=839105230,2126519017,3824105627,960997401
dimwishlist:item=3984776322&perks=839105230,2126519017,3824105627,3244229373
dimwishlist:item=3984776322&perks=839105230,2126519017,3824105627,831391274
dimwishlist:item=3984776322&perks=839105230,2126519017,923806249,960997401
dimwishlist:item=3984776322&perks=839105230,2126519017,923806249,3244229373
dimwishlist:item=3984776322&perks=839105230,2126519017,923806249,831391274
dimwishlist:item=3984776322&perks=1840239774,1080094173,3824105627,960997401
dimwishlist:item=3984776322&perks=1840239774,1080094173,3824105627,3244229373
dimwishlist:item=3984776322&perks=1840239774,1080094173,3824105627,831391274
dimwishlist:item=3984776322&perks=1840239774,1080094173,923806249,960997401
dimwishlist:item=3984776322&perks=1840239774,1080094173,923806249,3244229373
dimwishlist:item=3984776322&perks=1840239774,1080094173,923806249,831391274
dimwishlist:item=3984776322&perks=1840239774,2126519017,3824105627,960997401
dimwishlist:item=3984776322&perks=1840239774,2126519017,3824105627,3244229373
dimwishlist:item=3984776322&perks=1840239774,2126519017,3824105627,831391274
dimwishlist:item=3984776322&perks=1840239774,2126519017,923806249,960997401
dimwishlist:item=3984776322&perks=1840239774,2126519017,923806249,3244229373
dimwishlist:item=3984776322&perks=1840239774,2126519017,923806249,831391274


// Festival Flight ()
dimwishlist:item=4019651319&perks=3525010810,2822142346,3523296417,243981275
dimwishlist:item=4019651319&perks=3525010810,2822142346,3523296417,831391274
dimwishlist:item=4019651319&perks=3525010810,2822142346,3523296417,4049631843
dimwishlist:item=4019651319&perks=3525010810,2822142346,3523296417,859780267
dimwishlist:item=4019651319&perks=3525010810,2822142346,923806249,243981275
dimwishlist:item=4019651319&perks=3525010810,2822142346,923806249,831391274
dimwishlist:item=4019651319&perks=3525010810,2822142346,923806249,4049631843
dimwishlist:item=4019651319&perks=3525010810,2822142346,923806249,859780267
dimwishlist:item=4019651319&perks=3525010810,2822142346,3987942396,243981275
dimwishlist:item=4019651319&perks=3525010810,2822142346,3987942396,831391274
dimwishlist:item=4019651319&perks=3525010810,2822142346,3987942396,4049631843
dimwishlist:item=4019651319&perks=3525010810,2822142346,3987942396,859780267


// Returned Memory ()
dimwishlist:item=4049127142&perks=1478423395,106909392,2360347339,2890807135
dimwishlist:item=4049127142&perks=1478423395,106909392,2360347339,3201496230
dimwishlist:item=4049127142&perks=1478423395,106909392,2360347339,4293542123
dimwishlist:item=4049127142&perks=1478423395,106909392,4096144819,2890807135
dimwishlist:item=4049127142&perks=1478423395,106909392,4096144819,3201496230
dimwishlist:item=4049127142&perks=1478423395,106909392,4096144819,4293542123
dimwishlist:item=4049127142&perks=1478423395,106909392,3017780555,2890807135
dimwishlist:item=4049127142&perks=1478423395,106909392,3017780555,3201496230
dimwishlist:item=4049127142&perks=1478423395,106909392,3017780555,4293542123
dimwishlist:item=4049127142&perks=1478423395,106909392,1556840489,2890807135
dimwishlist:item=4049127142&perks=1478423395,106909392,1556840489,3201496230
dimwishlist:item=4049127142&perks=1478423395,106909392,1556840489,4293542123
dimwishlist:item=4049127142&perks=1478423395,1431678320,2360347339,2890807135
dimwishlist:item=4049127142&perks=1478423395,1431678320,2360347339,3201496230
dimwishlist:item=4049127142&perks=1478423395,1431678320,2360347339,4293542123
dimwishlist:item=4049127142&perks=1478423395,1431678320,4096144819,2890807135
dimwishlist:item=4049127142&perks=1478423395,1431678320,4096144819,3201496230
dimwishlist:item=4049127142&perks=1478423395,1431678320,4096144819,4293542123
dimwishlist:item=4049127142&perks=1478423395,1431678320,3017780555,2890807135
dimwishlist:item=4049127142&perks=1478423395,1431678320,3017780555,3201496230
dimwishlist:item=4049127142&perks=1478423395,1431678320,3017780555,4293542123
dimwishlist:item=4049127142&perks=1478423395,1431678320,1556840489,2890807135
dimwishlist:item=4049127142&perks=1478423395,1431678320,1556840489,3201496230
dimwishlist:item=4049127142&perks=1478423395,1431678320,1556840489,4293542123
dimwishlist:item=4049127142&perks=1478423395,1380253176,2360347339,2890807135
dimwishlist:item=4049127142&perks=1478423395,1380253176,2360347339,3201496230
dimwishlist:item=4049127142&perks=1478423395,1380253176,2360347339,4293542123
dimwishlist:item=4049127142&perks=1478423395,1380253176,4096144819,2890807135
dimwishlist:item=4049127142&perks=1478423395,1380253176,4096144819,3201496230
dimwishlist:item=4049127142&perks=1478423395,1380253176,4096144819,4293542123
dimwishlist:item=4049127142&perks=1478423395,1380253176,3017780555,2890807135
dimwishlist:item=4049127142&perks=1478423395,1380253176,3017780555,3201496230
dimwishlist:item=4049127142&perks=1478423395,1380253176,3017780555,4293542123
dimwishlist:item=4049127142&perks=1478423395,1380253176,1556840489,2890807135
dimwishlist:item=4049127142&perks=1478423395,1380253176,1556840489,3201496230
dimwishlist:item=4049127142&perks=1478423395,1380253176,1556840489,4293542123
dimwishlist:item=4049127142&perks=3525010810,106909392,2360347339,2890807135
dimwishlist:item=4049127142&perks=3525010810,106909392,2360347339,3201496230
dimwishlist:item=4049127142&perks=3525010810,106909392,2360347339,4293542123
dimwishlist:item=4049127142&perks=3525010810,106909392,4096144819,2890807135
dimwishlist:item=4049127142&perks=3525010810,106909392,4096144819,3201496230
dimwishlist:item=4049127142&perks=3525010810,106909392,4096144819,4293542123
dimwishlist:item=4049127142&perks=3525010810,106909392,3017780555,2890807135
dimwishlist:item=4049127142&perks=3525010810,106909392,3017780555,3201496230
dimwishlist:item=4049127142&perks=3525010810,106909392,3017780555,4293542123
dimwishlist:item=4049127142&perks=3525010810,106909392,1556840489,2890807135
dimwishlist:item=4049127142&perks=3525010810,106909392,1556840489,3201496230
dimwishlist:item=4049127142&perks=3525010810,106909392,1556840489,4293542123
dimwishlist:item=4049127142&perks=3525010810,1431678320,2360347339,2890807135
dimwishlist:item=4049127142&perks=3525010810,1431678320,2360347339,3201496230
dimwishlist:item=4049127142&perks=3525010810,1431678320,2360347339,4293542123
dimwishlist:item=4049127142&perks=3525010810,1431678320,4096144819,2890807135
dimwishlist:item=4049127142&perks=3525010810,1431678320,4096144819,3201496230
dimwishlist:item=4049127142&perks=3525010810,1431678320,4096144819,4293542123
dimwishlist:item=4049127142&perks=3525010810,1431678320,3017780555,2890807135
dimwishlist:item=4049127142&perks=3525010810,1431678320,3017780555,3201496230
dimwishlist:item=4049127142&perks=3525010810,1431678320,3017780555,4293542123
dimwishlist:item=4049127142&perks=3525010810,1431678320,1556840489,2890807135
dimwishlist:item=4049127142&perks=3525010810,1431678320,1556840489,3201496230
dimwishlist:item=4049127142&perks=3525010810,1431678320,1556840489,4293542123
dimwishlist:item=4049127142&perks=3525010810,1380253176,2360347339,2890807135
dimwishlist:item=4049127142&perks=3525010810,1380253176,2360347339,3201496230
dimwishlist:item=4049127142&perks=3525010810,1380253176,2360347339,4293542123
dimwishlist:item=4049127142&perks=3525010810,1380253176,4096144819,2890807135
dimwishlist:item=4049127142&perks=3525010810,1380253176,4096144819,3201496230
dimwishlist:item=4049127142&perks=3525010810,1380253176,4096144819,4293542123
dimwishlist:item=4049127142&perks=3525010810,1380253176,3017780555,2890807135
dimwishlist:item=4049127142&perks=3525010810,1380253176,3017780555,3201496230
dimwishlist:item=4049127142&perks=3525010810,1380253176,3017780555,4293542123
dimwishlist:item=4049127142&perks=3525010810,1380253176,1556840489,2890807135
dimwishlist:item=4049127142&perks=3525010810,1380253176,1556840489,3201496230
dimwishlist:item=4049127142&perks=3525010810,1380253176,1556840489,4293542123


// Conspiracy Honed ()
dimwishlist:item=4062069077&perks=1840239774,1092016998,1546637391,3078487919
dimwishlist:item=4062069077&perks=1840239774,1092016998,1546637391,1771339417
dimwishlist:item=4062069077&perks=1840239774,226831738,1546637391,3078487919
dimwishlist:item=4062069077&perks=1840239774,226831738,1546637391,1771339417
dimwishlist:item=4062069077&perks=1840239774,807993149,1546637391,3078487919
dimwishlist:item=4062069077&perks=1840239774,807993149,1546637391,1771339417
dimwishlist:item=4062069077&perks=1840239774,1454612425,1546637391,3078487919
dimwishlist:item=4062069077&perks=1840239774,1454612425,1546637391,1771339417


// Gizmo Weft ()
dimwishlist:item=4069880346&perks=3525010810,2822142346,1421772400,1439600632
dimwishlist:item=4069880346&perks=3525010810,2822142346,1421772400,3764420437
dimwishlist:item=4069880346&perks=3525010810,2822142346,1421772400,2396489472
dimwishlist:item=4069880346&perks=3525010810,2822142346,3987942396,1439600632
dimwishlist:item=4069880346&perks=3525010810,2822142346,3987942396,3764420437
dimwishlist:item=4069880346&perks=3525010810,2822142346,3987942396,2396489472
dimwishlist:item=4069880346&perks=3525010810,2822142346,923806249,1439600632
dimwishlist:item=4069880346&perks=3525010810,2822142346,923806249,3764420437
dimwishlist:item=4069880346&perks=3525010810,2822142346,923806249,2396489472
dimwishlist:item=4069880346&perks=3525010810,3301904089,1421772400,1439600632
dimwishlist:item=4069880346&perks=3525010810,3301904089,1421772400,3764420437
dimwishlist:item=4069880346&perks=3525010810,3301904089,1421772400,2396489472
dimwishlist:item=4069880346&perks=3525010810,3301904089,3987942396,1439600632
dimwishlist:item=4069880346&perks=3525010810,3301904089,3987942396,3764420437
dimwishlist:item=4069880346&perks=3525010810,3301904089,3987942396,2396489472
dimwishlist:item=4069880346&perks=3525010810,3301904089,923806249,1439600632
dimwishlist:item=4069880346&perks=3525010810,3301904089,923806249,3764420437
dimwishlist:item=4069880346&perks=3525010810,3301904089,923806249,2396489472
dimwishlist:item=4069880346&perks=3525010810,3492396210,1421772400,1439600632
dimwishlist:item=4069880346&perks=3525010810,3492396210,1421772400,3764420437
dimwishlist:item=4069880346&perks=3525010810,3492396210,1421772400,2396489472
dimwishlist:item=4069880346&perks=3525010810,3492396210,3987942396,1439600632
dimwishlist:item=4069880346&perks=3525010810,3492396210,3987942396,3764420437
dimwishlist:item=4069880346&perks=3525010810,3492396210,3987942396,2396489472
dimwishlist:item=4069880346&perks=3525010810,3492396210,923806249,1439600632
dimwishlist:item=4069880346&perks=3525010810,3492396210,923806249,3764420437
dimwishlist:item=4069880346&perks=3525010810,3492396210,923806249,2396489472


// Sola's Scar ()
dimwishlist:item=4089030727&perks=1261178282,2349202967,1749209109,3201496230
dimwishlist:item=4089030727&perks=1261178282,2349202967,1749209109,1089671869
dimwishlist:item=4089030727&perks=1261178282,2349202967,1749209109,3913600130
dimwishlist:item=4089030727&perks=1261178282,2349202967,2077819806,3201496230
dimwishlist:item=4089030727&perks=1261178282,2349202967,2077819806,1089671869
dimwishlist:item=4089030727&perks=1261178282,2349202967,2077819806,3913600130
dimwishlist:item=4089030727&perks=1261178282,269888150,1749209109,3201496230
dimwishlist:item=4089030727&perks=1261178282,269888150,1749209109,1089671869
dimwishlist:item=4089030727&perks=1261178282,269888150,1749209109,3913600130
dimwishlist:item=4089030727&perks=1261178282,269888150,2077819806,3201496230
dimwishlist:item=4089030727&perks=1261178282,269888150,2077819806,1089671869
dimwishlist:item=4089030727&perks=1261178282,269888150,2077819806,3913600130
dimwishlist:item=4089030727&perks=3666208348,2349202967,1749209109,3201496230
dimwishlist:item=4089030727&perks=3666208348,2349202967,1749209109,1089671869
dimwishlist:item=4089030727&perks=3666208348,2349202967,1749209109,3913600130
dimwishlist:item=4089030727&perks=3666208348,2349202967,2077819806,3201496230
dimwishlist:item=4089030727&perks=3666208348,2349202967,2077819806,1089671869
dimwishlist:item=4089030727&perks=3666208348,2349202967,2077819806,3913600130
dimwishlist:item=4089030727&perks=3666208348,269888150,1749209109,3201496230
dimwishlist:item=4089030727&perks=3666208348,269888150,1749209109,1089671869
dimwishlist:item=4089030727&perks=3666208348,269888150,1749209109,3913600130
dimwishlist:item=4089030727&perks=3666208348,269888150,2077819806,3201496230
dimwishlist:item=4089030727&perks=3666208348,269888150,2077819806,1089671869
dimwishlist:item=4089030727&perks=3666208348,269888150,2077819806,3913600130


// The Title ()
dimwishlist:item=4106258882&perks=839105230,1431678320,776531651,2048641572
dimwishlist:item=4106258882&perks=839105230,1431678320,776531651,3708227201
dimwishlist:item=4106258882&perks=839105230,1561002382,776531651,2048641572
dimwishlist:item=4106258882&perks=839105230,1561002382,776531651,3708227201
dimwishlist:item=4106258882&perks=1840239774,1431678320,776531651,2048641572
dimwishlist:item=4106258882&perks=1840239774,1431678320,776531651,3708227201
dimwishlist:item=4106258882&perks=1840239774,1561002382,776531651,2048641572
dimwishlist:item=4106258882&perks=1840239774,1561002382,776531651,3708227201


// Perfect Paradox ()
dimwishlist:item=4108648762&perks=1300023272,106909392,4071163871,2360754333
dimwishlist:item=4108648762&perks=1300023272,106909392,4071163871,1226351311
dimwishlist:item=4108648762&perks=1300023272,106909392,4071163871,2679249093
dimwishlist:item=4108648762&perks=1300023272,106909392,1517798362,2360754333
dimwishlist:item=4108648762&perks=1300023272,106909392,1517798362,1226351311
dimwishlist:item=4108648762&perks=1300023272,106909392,1517798362,2679249093
dimwishlist:item=4108648762&perks=1300023272,106909392,691659142,2360754333
dimwishlist:item=4108648762&perks=1300023272,106909392,691659142,1226351311
dimwishlist:item=4108648762&perks=1300023272,106909392,691659142,2679249093


// Solemn Remembrance ()
dimwishlist:item=4116518582&perks=1840239774,1431678320,124408337,3824105627


// Last Foray ()
dimwishlist:item=4118936670&perks=1840239774,2420895100,3978468247,4293542123
dimwishlist:item=4118936670&perks=1840239774,2420895100,3978468247,3078487919
dimwishlist:item=4118936670&perks=1840239774,2420895100,3978468247,3751912585
dimwishlist:item=4118936670&perks=1840239774,2420895100,3418782618,4293542123
dimwishlist:item=4118936670&perks=1840239774,2420895100,3418782618,3078487919
dimwishlist:item=4118936670&perks=1840239774,2420895100,3418782618,3751912585
dimwishlist:item=4118936670&perks=1840239774,2420895100,1563455254,4293542123
dimwishlist:item=4118936670&perks=1840239774,2420895100,1563455254,3078487919
dimwishlist:item=4118936670&perks=1840239774,2420895100,1563455254,3751912585


// Outrageous Fortune ()
dimwishlist:item=4146673634&perks=3525010810,3301904089,3987942396,3078487919
dimwishlist:item=4146673634&perks=3525010810,3301904089,3987942396,3194351027
dimwishlist:item=4146673634&perks=3525010810,3301904089,4293542123,3078487919
dimwishlist:item=4146673634&perks=3525010810,3301904089,4293542123,3194351027


// Theodolite ()
dimwishlist:item=4146673635&perks=3525010810,3301904089,1523832109,4104185692
dimwishlist:item=4146673635&perks=3525010810,3301904089,1523832109,3007133316
dimwishlist:item=4146673635&perks=3525010810,2822142346,1523832109,4104185692
dimwishlist:item=4146673635&perks=3525010810,2822142346,1523832109,3007133316
dimwishlist:item=4146673635&perks=3525010810,3492396210,1523832109,4104185692
dimwishlist:item=4146673635&perks=3525010810,3492396210,1523832109,3007133316


// Eyes Unveiled ()
dimwishlist:item=4147428506&perks=1840239774,689005463,1354429876,2396489472
dimwishlist:item=4147428506&perks=1840239774,689005463,1354429876,1089671869
dimwishlist:item=4147428506&perks=1840239774,689005463,2305480722,2396489472
dimwishlist:item=4147428506&perks=1840239774,689005463,2305480722,1089671869


// Chattering Bone ()
dimwishlist:item=4157371152&perks=839105230,1431678320,1015611457,3891536761
dimwishlist:item=4157371152&perks=839105230,1431678320,1015611457,3640170453
dimwishlist:item=4157371152&perks=839105230,1431678320,1015611457,1202584452
dimwishlist:item=4157371152&perks=839105230,1431678320,1015611457,2138673996
dimwishlist:item=4157371152&perks=839105230,1431678320,2923251173,3891536761
dimwishlist:item=4157371152&perks=839105230,1431678320,2923251173,3640170453
dimwishlist:item=4157371152&perks=839105230,1431678320,2923251173,1202584452
dimwishlist:item=4157371152&perks=839105230,1431678320,2923251173,2138673996
dimwishlist:item=4157371152&perks=839105230,1431678320,2289534249,3891536761
dimwishlist:item=4157371152&perks=839105230,1431678320,2289534249,3640170453
dimwishlist:item=4157371152&perks=839105230,1431678320,2289534249,1202584452
dimwishlist:item=4157371152&perks=839105230,1431678320,2289534249,2138673996
dimwishlist:item=4157371152&perks=839105230,1431678320,243981275,3891536761
dimwishlist:item=4157371152&perks=839105230,1431678320,243981275,3640170453
dimwishlist:item=4157371152&perks=839105230,1431678320,243981275,1202584452
dimwishlist:item=4157371152&perks=839105230,1431678320,243981275,2138673996
dimwishlist:item=4157371152&perks=1840239774,1431678320,1015611457,3891536761
dimwishlist:item=4157371152&perks=1840239774,1431678320,1015611457,3640170453
dimwishlist:item=4157371152&perks=1840239774,1431678320,1015611457,1202584452
dimwishlist:item=4157371152&perks=1840239774,1431678320,1015611457,2138673996
dimwishlist:item=4157371152&perks=1840239774,1431678320,2923251173,3891536761
dimwishlist:item=4157371152&perks=1840239774,1431678320,2923251173,3640170453
dimwishlist:item=4157371152&perks=1840239774,1431678320,2923251173,1202584452
dimwishlist:item=4157371152&perks=1840239774,1431678320,2923251173,2138673996
dimwishlist:item=4157371152&perks=1840239774,1431678320,2289534249,3891536761
dimwishlist:item=4157371152&perks=1840239774,1431678320,2289534249,3640170453
dimwishlist:item=4157371152&perks=1840239774,1431678320,2289534249,1202584452
dimwishlist:item=4157371152&perks=1840239774,1431678320,2289534249,2138673996
dimwishlist:item=4157371152&perks=1840239774,1431678320,243981275,3891536761
dimwishlist:item=4157371152&perks=1840239774,1431678320,243981275,3640170453
dimwishlist:item=4157371152&perks=1840239774,1431678320,243981275,1202584452
dimwishlist:item=4157371152&perks=1840239774,1431678320,243981275,2138673996


// Reckless Oracle ()
dimwishlist:item=4158265643&perks=839105230,1431678320,2048641572,776531651
dimwishlist:item=4158265643&perks=839105230,1431678320,2048641572,3640170453
dimwishlist:item=4158265643&perks=839105230,1431678320,2048641572,1134488199
dimwishlist:item=4158265643&perks=839105230,1431678320,3182497402,776531651
dimwishlist:item=4158265643&perks=839105230,1431678320,3182497402,3640170453
dimwishlist:item=4158265643&perks=839105230,1431678320,3182497402,1134488199
dimwishlist:item=4158265643&perks=839105230,1431678320,4019266109,776531651
dimwishlist:item=4158265643&perks=839105230,1431678320,4019266109,3640170453
dimwishlist:item=4158265643&perks=839105230,1431678320,4019266109,1134488199
dimwishlist:item=4158265643&perks=839105230,1561002382,2048641572,776531651
dimwishlist:item=4158265643&perks=839105230,1561002382,2048641572,3640170453
dimwishlist:item=4158265643&perks=839105230,1561002382,2048641572,1134488199
dimwishlist:item=4158265643&perks=839105230,1561002382,3182497402,776531651
dimwishlist:item=4158265643&perks=839105230,1561002382,3182497402,3640170453
dimwishlist:item=4158265643&perks=839105230,1561002382,3182497402,1134488199
dimwishlist:item=4158265643&perks=839105230,1561002382,4019266109,776531651
dimwishlist:item=4158265643&perks=839105230,1561002382,4019266109,3640170453
dimwishlist:item=4158265643&perks=839105230,1561002382,4019266109,1134488199
dimwishlist:item=4158265643&perks=1840239774,1431678320,2048641572,776531651
dimwishlist:item=4158265643&perks=1840239774,1431678320,2048641572,3640170453
dimwishlist:item=4158265643&perks=1840239774,1431678320,2048641572,1134488199
dimwishlist:item=4158265643&perks=1840239774,1431678320,3182497402,776531651
dimwishlist:item=4158265643&perks=1840239774,1431678320,3182497402,3640170453
dimwishlist:item=4158265643&perks=1840239774,1431678320,3182497402,1134488199
dimwishlist:item=4158265643&perks=1840239774,1431678320,4019266109,776531651
dimwishlist:item=4158265643&perks=1840239774,1431678320,4019266109,3640170453
dimwishlist:item=4158265643&perks=1840239774,1431678320,4019266109,1134488199
dimwishlist:item=4158265643&perks=1840239774,1561002382,2048641572,776531651
dimwishlist:item=4158265643&perks=1840239774,1561002382,2048641572,3640170453
dimwishlist:item=4158265643&perks=1840239774,1561002382,2048641572,1134488199
dimwishlist:item=4158265643&perks=1840239774,1561002382,3182497402,776531651
dimwishlist:item=4158265643&perks=1840239774,1561002382,3182497402,3640170453
dimwishlist:item=4158265643&perks=1840239774,1561002382,3182497402,1134488199
dimwishlist:item=4158265643&perks=1840239774,1561002382,4019266109,776531651
dimwishlist:item=4158265643&perks=1840239774,1561002382,4019266109,3640170453
dimwishlist:item=4158265643&perks=1840239774,1561002382,4019266109,1134488199


// Qua Vinctus IV ()
dimwishlist:item=4176551594&perks=839105230,2420895100,923806249,960997401,3713579091
dimwishlist:item=4176551594&perks=839105230,2420895100,923806249,960997401,2671305723
dimwishlist:item=4176551594&perks=839105230,2420895100,923806249,3244229373,3713579091
dimwishlist:item=4176551594&perks=839105230,2420895100,923806249,3244229373,2671305723
dimwishlist:item=4176551594&perks=839105230,2420895100,923806249,657025441,3713579091
dimwishlist:item=4176551594&perks=839105230,2420895100,923806249,657025441,2671305723
dimwishlist:item=4176551594&perks=839105230,2420895100,923806249,4196156997,3713579091
dimwishlist:item=4176551594&perks=839105230,2420895100,923806249,4196156997,2671305723
dimwishlist:item=4176551594&perks=839105230,2420895100,831391274,960997401,3713579091
dimwishlist:item=4176551594&perks=839105230,2420895100,831391274,960997401,2671305723
dimwishlist:item=4176551594&perks=839105230,2420895100,831391274,3244229373,3713579091
dimwishlist:item=4176551594&perks=839105230,2420895100,831391274,3244229373,2671305723
dimwishlist:item=4176551594&perks=839105230,2420895100,831391274,657025441,3713579091
dimwishlist:item=4176551594&perks=839105230,2420895100,831391274,657025441,2671305723
dimwishlist:item=4176551594&perks=839105230,2420895100,831391274,4196156997,3713579091
dimwishlist:item=4176551594&perks=839105230,2420895100,831391274,4196156997,2671305723
dimwishlist:item=4176551594&perks=839105230,2420895100,3523296417,960997401,3713579091
dimwishlist:item=4176551594&perks=839105230,2420895100,3523296417,960997401,2671305723
dimwishlist:item=4176551594&perks=839105230,2420895100,3523296417,3244229373,3713579091
dimwishlist:item=4176551594&perks=839105230,2420895100,3523296417,3244229373,2671305723
dimwishlist:item=4176551594&perks=839105230,2420895100,3523296417,657025441,3713579091
dimwishlist:item=4176551594&perks=839105230,2420895100,3523296417,657025441,2671305723
dimwishlist:item=4176551594&perks=839105230,2420895100,3523296417,4196156997,3713579091
dimwishlist:item=4176551594&perks=839105230,2420895100,3523296417,4196156997,2671305723
dimwishlist:item=4176551594&perks=839105230,1431678320,923806249,960997401,3713579091
dimwishlist:item=4176551594&perks=839105230,1431678320,923806249,960997401,2671305723
dimwishlist:item=4176551594&perks=839105230,1431678320,923806249,3244229373,3713579091
dimwishlist:item=4176551594&perks=839105230,1431678320,923806249,3244229373,2671305723
dimwishlist:item=4176551594&perks=839105230,1431678320,923806249,657025441,3713579091
dimwishlist:item=4176551594&perks=839105230,1431678320,923806249,657025441,2671305723
dimwishlist:item=4176551594&perks=839105230,1431678320,923806249,4196156997,3713579091
dimwishlist:item=4176551594&perks=839105230,1431678320,923806249,4196156997,2671305723
dimwishlist:item=4176551594&perks=839105230,1431678320,831391274,960997401,3713579091
dimwishlist:item=4176551594&perks=839105230,1431678320,831391274,960997401,2671305723
dimwishlist:item=4176551594&perks=839105230,1431678320,831391274,3244229373,3713579091
dimwishlist:item=4176551594&perks=839105230,1431678320,831391274,3244229373,2671305723
dimwishlist:item=4176551594&perks=839105230,1431678320,831391274,657025441,3713579091
dimwishlist:item=4176551594&perks=839105230,1431678320,831391274,657025441,2671305723
dimwishlist:item=4176551594&perks=839105230,1431678320,831391274,4196156997,3713579091
dimwishlist:item=4176551594&perks=839105230,1431678320,831391274,4196156997,2671305723
dimwishlist:item=4176551594&perks=839105230,1431678320,3523296417,960997401,3713579091
dimwishlist:item=4176551594&perks=839105230,1431678320,3523296417,960997401,2671305723
dimwishlist:item=4176551594&perks=839105230,1431678320,3523296417,3244229373,3713579091
dimwishlist:item=4176551594&perks=839105230,1431678320,3523296417,3244229373,2671305723
dimwishlist:item=4176551594&perks=839105230,1431678320,3523296417,657025441,3713579091
dimwishlist:item=4176551594&perks=839105230,1431678320,3523296417,657025441,2671305723
dimwishlist:item=4176551594&perks=839105230,1431678320,3523296417,4196156997,3713579091
dimwishlist:item=4176551594&perks=839105230,1431678320,3523296417,4196156997,2671305723
dimwishlist:item=4176551594&perks=1840239774,2420895100,923806249,960997401,3713579091
dimwishlist:item=4176551594&perks=1840239774,2420895100,923806249,960997401,2671305723
dimwishlist:item=4176551594&perks=1840239774,2420895100,923806249,3244229373,3713579091
dimwishlist:item=4176551594&perks=1840239774,2420895100,923806249,3244229373,2671305723
dimwishlist:item=4176551594&perks=1840239774,2420895100,923806249,657025441,3713579091
dimwishlist:item=4176551594&perks=1840239774,2420895100,923806249,657025441,2671305723
dimwishlist:item=4176551594&perks=1840239774,2420895100,923806249,4196156997,3713579091
dimwishlist:item=4176551594&perks=1840239774,2420895100,923806249,4196156997,2671305723
dimwishlist:item=4176551594&perks=1840239774,2420895100,831391274,960997401,3713579091
dimwishlist:item=4176551594&perks=1840239774,2420895100,831391274,960997401,2671305723
dimwishlist:item=4176551594&perks=1840239774,2420895100,831391274,3244229373,3713579091
dimwishlist:item=4176551594&perks=1840239774,2420895100,831391274,3244229373,2671305723
dimwishlist:item=4176551594&perks=1840239774,2420895100,831391274,657025441,3713579091
dimwishlist:item=4176551594&perks=1840239774,2420895100,831391274,657025441,2671305723
dimwishlist:item=4176551594&perks=1840239774,2420895100,831391274,4196156997,3713579091
dimwishlist:item=4176551594&perks=1840239774,2420895100,831391274,4196156997,2671305723
dimwishlist:item=4176551594&perks=1840239774,2420895100,3523296417,960997401,3713579091
dimwishlist:item=4176551594&perks=1840239774,2420895100,3523296417,960997401,2671305723
dimwishlist:item=4176551594&perks=1840239774,2420895100,3523296417,3244229373,3713579091
dimwishlist:item=4176551594&perks=1840239774,2420895100,3523296417,3244229373,2671305723
dimwishlist:item=4176551594&perks=1840239774,2420895100,3523296417,657025441,3713579091
dimwishlist:item=4176551594&perks=1840239774,2420895100,3523296417,657025441,2671305723
dimwishlist:item=4176551594&perks=1840239774,2420895100,3523296417,4196156997,3713579091
dimwishlist:item=4176551594&perks=1840239774,2420895100,3523296417,4196156997,2671305723
dimwishlist:item=4176551594&perks=1840239774,1431678320,923806249,960997401,3713579091
dimwishlist:item=4176551594&perks=1840239774,1431678320,923806249,960997401,2671305723
dimwishlist:item=4176551594&perks=1840239774,1431678320,923806249,3244229373,3713579091
dimwishlist:item=4176551594&perks=1840239774,1431678320,923806249,3244229373,2671305723
dimwishlist:item=4176551594&perks=1840239774,1431678320,923806249,657025441,3713579091
dimwishlist:item=4176551594&perks=1840239774,1431678320,923806249,657025441,2671305723
dimwishlist:item=4176551594&perks=1840239774,1431678320,923806249,4196156997,3713579091
dimwishlist:item=4176551594&perks=1840239774,1431678320,923806249,4196156997,2671305723
dimwishlist:item=4176551594&perks=1840239774,1431678320,831391274,960997401,3713579091
dimwishlist:item=4176551594&perks=1840239774,1431678320,831391274,960997401,2671305723
dimwishlist:item=4176551594&perks=1840239774,1431678320,831391274,3244229373,3713579091
dimwishlist:item=4176551594&perks=1840239774,1431678320,831391274,3244229373,2671305723
dimwishlist:item=4176551594&perks=1840239774,1431678320,831391274,657025441,3713579091
dimwishlist:item=4176551594&perks=1840239774,1431678320,831391274,657025441,2671305723
dimwishlist:item=4176551594&perks=1840239774,1431678320,831391274,4196156997,3713579091
dimwishlist:item=4176551594&perks=1840239774,1431678320,831391274,4196156997,2671305723
dimwishlist:item=4176551594&perks=1840239774,1431678320,3523296417,960997401,3713579091
dimwishlist:item=4176551594&perks=1840239774,1431678320,3523296417,960997401,2671305723
dimwishlist:item=4176551594&perks=1840239774,1431678320,3523296417,3244229373,3713579091
dimwishlist:item=4176551594&perks=1840239774,1431678320,3523296417,3244229373,2671305723
dimwishlist:item=4176551594&perks=1840239774,1431678320,3523296417,657025441,3713579091
dimwishlist:item=4176551594&perks=1840239774,1431678320,3523296417,657025441,2671305723
dimwishlist:item=4176551594&perks=1840239774,1431678320,3523296417,4196156997,3713579091
dimwishlist:item=4176551594&perks=1840239774,1431678320,3523296417,4196156997,2671305723


// Fatebringer ()
dimwishlist:item=4184168210&perks=1840239774,1431678320,3038247973,3824105627
dimwishlist:item=4184168210&perks=1840239774,1431678320,3038247973,4049631843
dimwishlist:item=4184168210&perks=1840239774,1431678320,3038247973,859780267
dimwishlist:item=4184168210&perks=1840239774,1431678320,64866129,3824105627
dimwishlist:item=4184168210&perks=1840239774,1431678320,64866129,4049631843
dimwishlist:item=4184168210&perks=1840239774,1431678320,64866129,859780267
dimwishlist:item=4184168210&perks=1840239774,1431678320,3891536761,3824105627
dimwishlist:item=4184168210&perks=1840239774,1431678320,3891536761,4049631843
dimwishlist:item=4184168210&perks=1840239774,1431678320,3891536761,859780267
dimwishlist:item=4184168210&perks=1840239774,1431678320,1517798362,3824105627
dimwishlist:item=4184168210&perks=1840239774,1431678320,1517798362,4049631843
dimwishlist:item=4184168210&perks=1840239774,1431678320,1517798362,859780267


// No Survivors ()
dimwishlist:item=4193602194&perks=839105230,1431678320,243981275,4293542123
dimwishlist:item=4193602194&perks=839105230,1431678320,3017780555,4293542123
dimwishlist:item=4193602194&perks=839105230,1561002382,243981275,4293542123
dimwishlist:item=4193602194&perks=839105230,1561002382,3017780555,4293542123
dimwishlist:item=4193602194&perks=1840239774,1431678320,243981275,4293542123
dimwishlist:item=4193602194&perks=1840239774,1431678320,3017780555,4293542123
dimwishlist:item=4193602194&perks=1840239774,1561002382,243981275,4293542123
dimwishlist:item=4193602194&perks=1840239774,1561002382,3017780555,4293542123


// The Ringing Nail ()
dimwishlist:item=4206550094&perks=839105230,1431678320,4293542123,2890807135
dimwishlist:item=4206550094&perks=839105230,1431678320,4293542123,3824105627
dimwishlist:item=4206550094&perks=839105230,1431678320,4293542123,95528736
dimwishlist:item=4206550094&perks=839105230,1431678320,4293542123,956288240
dimwishlist:item=4206550094&perks=839105230,1431678320,3017780555,2890807135
dimwishlist:item=4206550094&perks=839105230,1431678320,3017780555,3824105627
dimwishlist:item=4206550094&perks=839105230,1431678320,3017780555,95528736
dimwishlist:item=4206550094&perks=839105230,1431678320,3017780555,956288240
dimwishlist:item=4206550094&perks=839105230,1431678320,2360347339,2890807135
dimwishlist:item=4206550094&perks=839105230,1431678320,2360347339,3824105627
dimwishlist:item=4206550094&perks=839105230,1431678320,2360347339,95528736
dimwishlist:item=4206550094&perks=839105230,1431678320,2360347339,956288240
dimwishlist:item=4206550094&perks=839105230,1431678320,4096144819,2890807135
dimwishlist:item=4206550094&perks=839105230,1431678320,4096144819,3824105627
dimwishlist:item=4206550094&perks=839105230,1431678320,4096144819,95528736
dimwishlist:item=4206550094&perks=839105230,1431678320,4096144819,956288240
dimwishlist:item=4206550094&perks=839105230,1561002382,4293542123,2890807135
dimwishlist:item=4206550094&perks=839105230,1561002382,4293542123,3824105627
dimwishlist:item=4206550094&perks=839105230,1561002382,4293542123,95528736
dimwishlist:item=4206550094&perks=839105230,1561002382,4293542123,956288240
dimwishlist:item=4206550094&perks=839105230,1561002382,3017780555,2890807135
dimwishlist:item=4206550094&perks=839105230,1561002382,3017780555,3824105627
dimwishlist:item=4206550094&perks=839105230,1561002382,3017780555,95528736
dimwishlist:item=4206550094&perks=839105230,1561002382,3017780555,956288240
dimwishlist:item=4206550094&perks=839105230,1561002382,2360347339,2890807135
dimwishlist:item=4206550094&perks=839105230,1561002382,2360347339,3824105627
dimwishlist:item=4206550094&perks=839105230,1561002382,2360347339,95528736
dimwishlist:item=4206550094&perks=839105230,1561002382,2360347339,956288240
dimwishlist:item=4206550094&perks=839105230,1561002382,4096144819,2890807135
dimwishlist:item=4206550094&perks=839105230,1561002382,4096144819,3824105627
dimwishlist:item=4206550094&perks=839105230,1561002382,4096144819,95528736
dimwishlist:item=4206550094&perks=839105230,1561002382,4096144819,956288240
dimwishlist:item=4206550094&perks=1840239774,1431678320,4293542123,2890807135
dimwishlist:item=4206550094&perks=1840239774,1431678320,4293542123,3824105627
dimwishlist:item=4206550094&perks=1840239774,1431678320,4293542123,95528736
dimwishlist:item=4206550094&perks=1840239774,1431678320,4293542123,956288240
dimwishlist:item=4206550094&perks=1840239774,1431678320,3017780555,2890807135
dimwishlist:item=4206550094&perks=1840239774,1431678320,3017780555,3824105627
dimwishlist:item=4206550094&perks=1840239774,1431678320,3017780555,95528736
dimwishlist:item=4206550094&perks=1840239774,1431678320,3017780555,956288240
dimwishlist:item=4206550094&perks=1840239774,1431678320,2360347339,2890807135
dimwishlist:item=4206550094&perks=1840239774,1431678320,2360347339,3824105627
dimwishlist:item=4206550094&perks=1840239774,1431678320,2360347339,95528736
dimwishlist:item=4206550094&perks=1840239774,1431678320,2360347339,956288240
dimwishlist:item=4206550094&perks=1840239774,1431678320,4096144819,2890807135
dimwishlist:item=4206550094&perks=1840239774,1431678320,4096144819,3824105627
dimwishlist:item=4206550094&perks=1840239774,1431678320,4096144819,95528736
dimwishlist:item=4206550094&perks=1840239774,1431678320,4096144819,956288240
dimwishlist:item=4206550094&perks=1840239774,1561002382,4293542123,2890807135
dimwishlist:item=4206550094&perks=1840239774,1561002382,4293542123,3824105627
dimwishlist:item=4206550094&perks=1840239774,1561002382,4293542123,95528736
dimwishlist:item=4206550094&perks=1840239774,1561002382,4293542123,956288240
dimwishlist:item=4206550094&perks=1840239774,1561002382,3017780555,2890807135
dimwishlist:item=4206550094&perks=1840239774,1561002382,3017780555,3824105627
dimwishlist:item=4206550094&perks=1840239774,1561002382,3017780555,95528736
dimwishlist:item=4206550094&perks=1840239774,1561002382,3017780555,956288240
dimwishlist:item=4206550094&perks=1840239774,1561002382,2360347339,2890807135
dimwishlist:item=4206550094&perks=1840239774,1561002382,2360347339,3824105627
dimwishlist:item=4206550094&perks=1840239774,1561002382,2360347339,95528736
dimwishlist:item=4206550094&perks=1840239774,1561002382,2360347339,956288240
dimwishlist:item=4206550094&perks=1840239774,1561002382,4096144819,2890807135
dimwishlist:item=4206550094&perks=1840239774,1561002382,4096144819,3824105627
dimwishlist:item=4206550094&perks=1840239774,1561002382,4096144819,95528736
dimwishlist:item=4206550094&perks=1840239774,1561002382,4096144819,956288240


// False Idols ()
dimwishlist:item=4207120603&perks=436053704,2349202967,2077819806,3708227201
dimwishlist:item=4207120603&perks=436053704,2349202967,2077819806,2890807135
dimwishlist:item=4207120603&perks=436053704,2349202967,2077819806,3016987351
dimwishlist:item=4207120603&perks=436053704,2349202967,2077819806,1145640183
dimwishlist:item=4207120603&perks=436053704,269888150,2077819806,3708227201
dimwishlist:item=4207120603&perks=436053704,269888150,2077819806,2890807135
dimwishlist:item=4207120603&perks=436053704,269888150,2077819806,3016987351
dimwishlist:item=4207120603&perks=436053704,269888150,2077819806,1145640183


// Fatebringer (Timelost) ()
dimwishlist:item=4219826183&perks=1840239774,1431678320,3038247973,3824105627
dimwishlist:item=4219826183&perks=1840239774,1431678320,3038247973,4049631843
dimwishlist:item=4219826183&perks=1840239774,1431678320,3038247973,859780267
dimwishlist:item=4219826183&perks=1840239774,1431678320,64866129,3824105627
dimwishlist:item=4219826183&perks=1840239774,1431678320,64866129,4049631843
dimwishlist:item=4219826183&perks=1840239774,1431678320,64866129,859780267
dimwishlist:item=4219826183&perks=1840239774,1431678320,3891536761,3824105627
dimwishlist:item=4219826183&perks=1840239774,1431678320,3891536761,4049631843
dimwishlist:item=4219826183&perks=1840239774,1431678320,3891536761,859780267
dimwishlist:item=4219826183&perks=1840239774,1431678320,1517798362,3824105627
dimwishlist:item=4219826183&perks=1840239774,1431678320,1517798362,4049631843
dimwishlist:item=4219826183&perks=1840239774,1431678320,1517798362,859780267


// No Survivors ()
dimwishlist:item=4228149269&perks=839105230,1431678320,3017780555,4293542123
dimwishlist:item=4228149269&perks=839105230,1431678320,243981275,4293542123
dimwishlist:item=4228149269&perks=839105230,1561002382,3017780555,4293542123
dimwishlist:item=4228149269&perks=839105230,1561002382,243981275,4293542123
dimwishlist:item=4228149269&perks=1840239774,1431678320,3017780555,4293542123
dimwishlist:item=4228149269&perks=1840239774,1431678320,243981275,4293542123
dimwishlist:item=4228149269&perks=1840239774,1561002382,3017780555,4293542123
dimwishlist:item=4228149269&perks=1840239774,1561002382,243981275,4293542123


// Commemoration ()
dimwishlist:item=4230965989&perks=839105230,2420895100,1523832109,776531651
dimwishlist:item=4230965989&perks=839105230,2420895100,1523832109,3201496230
dimwishlist:item=4230965989&perks=839105230,2420895100,1523832109,557221067
dimwishlist:item=4230965989&perks=839105230,2420895100,1523832109,2896748467
dimwishlist:item=4230965989&perks=839105230,2420895100,2848615171,776531651
dimwishlist:item=4230965989&perks=839105230,2420895100,2848615171,3201496230
dimwishlist:item=4230965989&perks=839105230,2420895100,2848615171,557221067
dimwishlist:item=4230965989&perks=839105230,2420895100,2848615171,2896748467
dimwishlist:item=4230965989&perks=839105230,2420895100,169755979,776531651
dimwishlist:item=4230965989&perks=839105230,2420895100,169755979,3201496230
dimwishlist:item=4230965989&perks=839105230,2420895100,169755979,557221067
dimwishlist:item=4230965989&perks=839105230,2420895100,169755979,2896748467
dimwishlist:item=4230965989&perks=839105230,2420895100,1048183818,776531651
dimwishlist:item=4230965989&perks=839105230,2420895100,1048183818,3201496230
dimwishlist:item=4230965989&perks=839105230,2420895100,1048183818,557221067
dimwishlist:item=4230965989&perks=839105230,2420895100,1048183818,2896748467
dimwishlist:item=4230965989&perks=839105230,2420895100,3431277734,776531651
dimwishlist:item=4230965989&perks=839105230,2420895100,3431277734,3201496230
dimwishlist:item=4230965989&perks=839105230,2420895100,3431277734,557221067
dimwishlist:item=4230965989&perks=839105230,2420895100,3431277734,2896748467
dimwishlist:item=4230965989&perks=839105230,1431678320,1523832109,776531651
dimwishlist:item=4230965989&perks=839105230,1431678320,1523832109,3201496230
dimwishlist:item=4230965989&perks=839105230,1431678320,1523832109,557221067
dimwishlist:item=4230965989&perks=839105230,1431678320,1523832109,2896748467
dimwishlist:item=4230965989&perks=839105230,1431678320,2848615171,776531651
dimwishlist:item=4230965989&perks=839105230,1431678320,2848615171,3201496230
dimwishlist:item=4230965989&perks=839105230,1431678320,2848615171,557221067
dimwishlist:item=4230965989&perks=839105230,1431678320,2848615171,2896748467
dimwishlist:item=4230965989&perks=839105230,1431678320,169755979,776531651
dimwishlist:item=4230965989&perks=839105230,1431678320,169755979,3201496230
dimwishlist:item=4230965989&perks=839105230,1431678320,169755979,557221067
dimwishlist:item=4230965989&perks=839105230,1431678320,169755979,2896748467
dimwishlist:item=4230965989&perks=839105230,1431678320,1048183818,776531651
dimwishlist:item=4230965989&perks=839105230,1431678320,1048183818,3201496230
dimwishlist:item=4230965989&perks=839105230,1431678320,1048183818,557221067
dimwishlist:item=4230965989&perks=839105230,1431678320,1048183818,2896748467
dimwishlist:item=4230965989&perks=839105230,1431678320,3431277734,776531651
dimwishlist:item=4230965989&perks=839105230,1431678320,3431277734,3201496230
dimwishlist:item=4230965989&perks=839105230,1431678320,3431277734,557221067
dimwishlist:item=4230965989&perks=839105230,1431678320,3431277734,2896748467
dimwishlist:item=4230965989&perks=1840239774,2420895100,1523832109,776531651
dimwishlist:item=4230965989&perks=1840239774,2420895100,1523832109,3201496230
dimwishlist:item=4230965989&perks=1840239774,2420895100,1523832109,557221067
dimwishlist:item=4230965989&perks=1840239774,2420895100,1523832109,2896748467
dimwishlist:item=4230965989&perks=1840239774,2420895100,2848615171,776531651
dimwishlist:item=4230965989&perks=1840239774,2420895100,2848615171,3201496230
dimwishlist:item=4230965989&perks=1840239774,2420895100,2848615171,557221067
dimwishlist:item=4230965989&perks=1840239774,2420895100,2848615171,2896748467
dimwishlist:item=4230965989&perks=1840239774,2420895100,169755979,776531651
dimwishlist:item=4230965989&perks=1840239774,2420895100,169755979,3201496230
dimwishlist:item=4230965989&perks=1840239774,2420895100,169755979,557221067
dimwishlist:item=4230965989&perks=1840239774,2420895100,169755979,2896748467
dimwishlist:item=4230965989&perks=1840239774,2420895100,1048183818,776531651
dimwishlist:item=4230965989&perks=1840239774,2420895100,1048183818,3201496230
dimwishlist:item=4230965989&perks=1840239774,2420895100,1048183818,557221067
dimwishlist:item=4230965989&perks=1840239774,2420895100,1048183818,2896748467
dimwishlist:item=4230965989&perks=1840239774,2420895100,3431277734,776531651
dimwishlist:item=4230965989&perks=1840239774,2420895100,3431277734,3201496230
dimwishlist:item=4230965989&perks=1840239774,2420895100,3431277734,557221067
dimwishlist:item=4230965989&perks=1840239774,2420895100,3431277734,2896748467
dimwishlist:item=4230965989&perks=1840239774,1431678320,1523832109,776531651
dimwishlist:item=4230965989&perks=1840239774,1431678320,1523832109,3201496230
dimwishlist:item=4230965989&perks=1840239774,1431678320,1523832109,557221067
dimwishlist:item=4230965989&perks=1840239774,1431678320,1523832109,2896748467
dimwishlist:item=4230965989&perks=1840239774,1431678320,2848615171,776531651
dimwishlist:item=4230965989&perks=1840239774,1431678320,2848615171,3201496230
dimwishlist:item=4230965989&perks=1840239774,1431678320,2848615171,557221067
dimwishlist:item=4230965989&perks=1840239774,1431678320,2848615171,2896748467
dimwishlist:item=4230965989&perks=1840239774,1431678320,169755979,776531651
dimwishlist:item=4230965989&perks=1840239774,1431678320,169755979,3201496230
dimwishlist:item=4230965989&perks=1840239774,1431678320,169755979,557221067
dimwishlist:item=4230965989&perks=1840239774,1431678320,169755979,2896748467
dimwishlist:item=4230965989&perks=1840239774,1431678320,1048183818,776531651
dimwishlist:item=4230965989&perks=1840239774,1431678320,1048183818,3201496230
dimwishlist:item=4230965989&perks=1840239774,1431678320,1048183818,557221067
dimwishlist:item=4230965989&perks=1840239774,1431678320,1048183818,2896748467
dimwishlist:item=4230965989&perks=1840239774,1431678320,3431277734,776531651
dimwishlist:item=4230965989&perks=1840239774,1431678320,3431277734,3201496230
dimwishlist:item=4230965989&perks=1840239774,1431678320,3431277734,557221067
dimwishlist:item=4230965989&perks=1840239774,1431678320,3431277734,2896748467


// Marcato-45 ()
dimwishlist:item=4233375372&perks=839105230,1431678320,3523296417,831391274
dimwishlist:item=4233375372&perks=839105230,1431678320,3523296417,95528736
dimwishlist:item=4233375372&perks=839105230,1431678320,3523296417,956288240
dimwishlist:item=4233375372&perks=839105230,1431678320,3523296417,2610012052
dimwishlist:item=4233375372&perks=839105230,1431678320,3523296417,4290541820
dimwishlist:item=4233375372&perks=839105230,1431678320,923806249,831391274
dimwishlist:item=4233375372&perks=839105230,1431678320,923806249,95528736
dimwishlist:item=4233375372&perks=839105230,1431678320,923806249,956288240
dimwishlist:item=4233375372&perks=839105230,1431678320,923806249,2610012052
dimwishlist:item=4233375372&perks=839105230,1431678320,923806249,4290541820
dimwishlist:item=4233375372&perks=839105230,2420895100,3523296417,831391274
dimwishlist:item=4233375372&perks=839105230,2420895100,3523296417,95528736
dimwishlist:item=4233375372&perks=839105230,2420895100,3523296417,956288240
dimwishlist:item=4233375372&perks=839105230,2420895100,3523296417,2610012052
dimwishlist:item=4233375372&perks=839105230,2420895100,3523296417,4290541820
dimwishlist:item=4233375372&perks=839105230,2420895100,923806249,831391274
dimwishlist:item=4233375372&perks=839105230,2420895100,923806249,95528736
dimwishlist:item=4233375372&perks=839105230,2420895100,923806249,956288240
dimwishlist:item=4233375372&perks=839105230,2420895100,923806249,2610012052
dimwishlist:item=4233375372&perks=839105230,2420895100,923806249,4290541820
dimwishlist:item=4233375372&perks=1840239774,1431678320,3523296417,831391274
dimwishlist:item=4233375372&perks=1840239774,1431678320,3523296417,95528736
dimwishlist:item=4233375372&perks=1840239774,1431678320,3523296417,956288240
dimwishlist:item=4233375372&perks=1840239774,1431678320,3523296417,2610012052
dimwishlist:item=4233375372&perks=1840239774,1431678320,3523296417,4290541820
dimwishlist:item=4233375372&perks=1840239774,1431678320,923806249,831391274
dimwishlist:item=4233375372&perks=1840239774,1431678320,923806249,95528736
dimwishlist:item=4233375372&perks=1840239774,1431678320,923806249,956288240
dimwishlist:item=4233375372&perks=1840239774,1431678320,923806249,2610012052
dimwishlist:item=4233375372&perks=1840239774,1431678320,923806249,4290541820
dimwishlist:item=4233375372&perks=1840239774,2420895100,3523296417,831391274
dimwishlist:item=4233375372&perks=1840239774,2420895100,3523296417,95528736
dimwishlist:item=4233375372&perks=1840239774,2420895100,3523296417,956288240
dimwishlist:item=4233375372&perks=1840239774,2420895100,3523296417,2610012052
dimwishlist:item=4233375372&perks=1840239774,2420895100,3523296417,4290541820
dimwishlist:item=4233375372&perks=1840239774,2420895100,923806249,831391274
dimwishlist:item=4233375372&perks=1840239774,2420895100,923806249,95528736
dimwishlist:item=4233375372&perks=1840239774,2420895100,923806249,956288240
dimwishlist:item=4233375372&perks=1840239774,2420895100,923806249,2610012052
dimwishlist:item=4233375372&perks=1840239774,2420895100,923806249,4290541820


// Hailing Confusion ()
dimwishlist:item=4236134153&perks=839105230,1561002382,124408337,657025441
dimwishlist:item=4236134153&perks=839105230,1561002382,124408337,4196156997
dimwishlist:item=4236134153&perks=839105230,1561002382,124408337,2922950962
dimwishlist:item=4236134153&perks=839105230,1561002382,1955165503,657025441
dimwishlist:item=4236134153&perks=839105230,1561002382,1955165503,4196156997
dimwishlist:item=4236134153&perks=839105230,1561002382,1955165503,2922950962
dimwishlist:item=4236134153&perks=839105230,1431678320,124408337,657025441
dimwishlist:item=4236134153&perks=839105230,1431678320,124408337,4196156997
dimwishlist:item=4236134153&perks=839105230,1431678320,124408337,2922950962
dimwishlist:item=4236134153&perks=839105230,1431678320,1955165503,657025441
dimwishlist:item=4236134153&perks=839105230,1431678320,1955165503,4196156997
dimwishlist:item=4236134153&perks=839105230,1431678320,1955165503,2922950962
dimwishlist:item=4236134153&perks=1840239774,1561002382,124408337,657025441
dimwishlist:item=4236134153&perks=1840239774,1561002382,124408337,4196156997
dimwishlist:item=4236134153&perks=1840239774,1561002382,124408337,2922950962
dimwishlist:item=4236134153&perks=1840239774,1561002382,1955165503,657025441
dimwishlist:item=4236134153&perks=1840239774,1561002382,1955165503,4196156997
dimwishlist:item=4236134153&perks=1840239774,1561002382,1955165503,2922950962
dimwishlist:item=4236134153&perks=1840239774,1431678320,124408337,657025441
dimwishlist:item=4236134153&perks=1840239774,1431678320,124408337,4196156997
dimwishlist:item=4236134153&perks=1840239774,1431678320,124408337,2922950962
dimwishlist:item=4236134153&perks=1840239774,1431678320,1955165503,657025441
dimwishlist:item=4236134153&perks=1840239774,1431678320,1955165503,4196156997
dimwishlist:item=4236134153&perks=1840239774,1431678320,1955165503,2922950962


// Heritage ()
dimwishlist:item=4248569242&perks=1840239774,791862061,1523832109,3751912585
dimwishlist:item=4248569242&perks=1840239774,791862061,1523832109,469285294
dimwishlist:item=4248569242&perks=1840239774,791862061,1523832109,3335686050
dimwishlist:item=4248569242&perks=1840239774,791862061,1523832109,3764420437
dimwishlist:item=4248569242&perks=1840239774,791862061,3201496230,3751912585
dimwishlist:item=4248569242&perks=1840239774,791862061,3201496230,469285294
dimwishlist:item=4248569242&perks=1840239774,791862061,3201496230,3335686050
dimwishlist:item=4248569242&perks=1840239774,791862061,3201496230,3764420437
dimwishlist:item=4248569242&perks=1840239774,1488599449,1523832109,3751912585
dimwishlist:item=4248569242&perks=1840239774,1488599449,1523832109,469285294
dimwishlist:item=4248569242&perks=1840239774,1488599449,1523832109,3335686050
dimwishlist:item=4248569242&perks=1840239774,1488599449,1523832109,3764420437
dimwishlist:item=4248569242&perks=1840239774,1488599449,3201496230,3751912585
dimwishlist:item=4248569242&perks=1840239774,1488599449,3201496230,469285294
dimwishlist:item=4248569242&perks=1840239774,1488599449,3201496230,3335686050
dimwishlist:item=4248569242&perks=1840239774,1488599449,3201496230,3764420437


// Terminus Horizon (Adept) ()
dimwishlist:item=4267192886&perks=839105230,2420895100,2848615171,557221067
dimwishlist:item=4267192886&perks=839105230,2420895100,2848615171,2896748467
dimwishlist:item=4267192886&perks=839105230,2420895100,2848615171,3966416502
dimwishlist:item=4267192886&perks=839105230,2420895100,2848615171,555281244
dimwishlist:item=4267192886&perks=839105230,2420895100,2848615171,332733060
dimwishlist:item=4267192886&perks=839105230,2420895100,169755979,557221067
dimwishlist:item=4267192886&perks=839105230,2420895100,169755979,2896748467
dimwishlist:item=4267192886&perks=839105230,2420895100,169755979,3966416502
dimwishlist:item=4267192886&perks=839105230,2420895100,169755979,555281244
dimwishlist:item=4267192886&perks=839105230,2420895100,169755979,332733060
dimwishlist:item=4267192886&perks=839105230,2420895100,3523296417,557221067
dimwishlist:item=4267192886&perks=839105230,2420895100,3523296417,2896748467
dimwishlist:item=4267192886&perks=839105230,2420895100,3523296417,3966416502
dimwishlist:item=4267192886&perks=839105230,2420895100,3523296417,555281244
dimwishlist:item=4267192886&perks=839105230,2420895100,3523296417,332733060
dimwishlist:item=4267192886&perks=839105230,1431678320,2848615171,557221067
dimwishlist:item=4267192886&perks=839105230,1431678320,2848615171,2896748467
dimwishlist:item=4267192886&perks=839105230,1431678320,2848615171,3966416502
dimwishlist:item=4267192886&perks=839105230,1431678320,2848615171,555281244
dimwishlist:item=4267192886&perks=839105230,1431678320,2848615171,332733060
dimwishlist:item=4267192886&perks=839105230,1431678320,169755979,557221067
dimwishlist:item=4267192886&perks=839105230,1431678320,169755979,2896748467
dimwishlist:item=4267192886&perks=839105230,1431678320,169755979,3966416502
dimwishlist:item=4267192886&perks=839105230,1431678320,169755979,555281244
dimwishlist:item=4267192886&perks=839105230,1431678320,169755979,332733060
dimwishlist:item=4267192886&perks=839105230,1431678320,3523296417,557221067
dimwishlist:item=4267192886&perks=839105230,1431678320,3523296417,2896748467
dimwishlist:item=4267192886&perks=839105230,1431678320,3523296417,3966416502
dimwishlist:item=4267192886&perks=839105230,1431678320,3523296417,555281244
dimwishlist:item=4267192886&perks=839105230,1431678320,3523296417,332733060
dimwishlist:item=4267192886&perks=839105230,1561002382,2848615171,557221067
dimwishlist:item=4267192886&perks=839105230,1561002382,2848615171,2896748467
dimwishlist:item=4267192886&perks=839105230,1561002382,2848615171,3966416502
dimwishlist:item=4267192886&perks=839105230,1561002382,2848615171,555281244
dimwishlist:item=4267192886&perks=839105230,1561002382,2848615171,332733060
dimwishlist:item=4267192886&perks=839105230,1561002382,169755979,557221067
dimwishlist:item=4267192886&perks=839105230,1561002382,169755979,2896748467
dimwishlist:item=4267192886&perks=839105230,1561002382,169755979,3966416502
dimwishlist:item=4267192886&perks=839105230,1561002382,169755979,555281244
dimwishlist:item=4267192886&perks=839105230,1561002382,169755979,332733060
dimwishlist:item=4267192886&perks=839105230,1561002382,3523296417,557221067
dimwishlist:item=4267192886&perks=839105230,1561002382,3523296417,2896748467
dimwishlist:item=4267192886&perks=839105230,1561002382,3523296417,3966416502
dimwishlist:item=4267192886&perks=839105230,1561002382,3523296417,555281244
dimwishlist:item=4267192886&perks=839105230,1561002382,3523296417,332733060
dimwishlist:item=4267192886&perks=1840239774,2420895100,2848615171,557221067
dimwishlist:item=4267192886&perks=1840239774,2420895100,2848615171,2896748467
dimwishlist:item=4267192886&perks=1840239774,2420895100,2848615171,3966416502
dimwishlist:item=4267192886&perks=1840239774,2420895100,2848615171,555281244
dimwishlist:item=4267192886&perks=1840239774,2420895100,2848615171,332733060
dimwishlist:item=4267192886&perks=1840239774,2420895100,169755979,557221067
dimwishlist:item=4267192886&perks=1840239774,2420895100,169755979,2896748467
dimwishlist:item=4267192886&perks=1840239774,2420895100,169755979,3966416502
dimwishlist:item=4267192886&perks=1840239774,2420895100,169755979,555281244
dimwishlist:item=4267192886&perks=1840239774,2420895100,169755979,332733060
dimwishlist:item=4267192886&perks=1840239774,2420895100,3523296417,557221067
dimwishlist:item=4267192886&perks=1840239774,2420895100,3523296417,2896748467
dimwishlist:item=4267192886&perks=1840239774,2420895100,3523296417,3966416502
dimwishlist:item=4267192886&perks=1840239774,2420895100,3523296417,555281244
dimwishlist:item=4267192886&perks=1840239774,2420895100,3523296417,332733060
dimwishlist:item=4267192886&perks=1840239774,1431678320,2848615171,557221067
dimwishlist:item=4267192886&perks=1840239774,1431678320,2848615171,2896748467
dimwishlist:item=4267192886&perks=1840239774,1431678320,2848615171,3966416502
dimwishlist:item=4267192886&perks=1840239774,1431678320,2848615171,555281244
dimwishlist:item=4267192886&perks=1840239774,1431678320,2848615171,332733060
dimwishlist:item=4267192886&perks=1840239774,1431678320,169755979,557221067
dimwishlist:item=4267192886&perks=1840239774,1431678320,169755979,2896748467
dimwishlist:item=4267192886&perks=1840239774,1431678320,169755979,3966416502
dimwishlist:item=4267192886&perks=1840239774,1431678320,169755979,555281244
dimwishlist:item=4267192886&perks=1840239774,1431678320,169755979,332733060
dimwishlist:item=4267192886&perks=1840239774,1431678320,3523296417,557221067
dimwishlist:item=4267192886&perks=1840239774,1431678320,3523296417,2896748467
dimwishlist:item=4267192886&perks=1840239774,1431678320,3523296417,3966416502
dimwishlist:item=4267192886&perks=1840239774,1431678320,3523296417,555281244
dimwishlist:item=4267192886&perks=1840239774,1431678320,3523296417,332733060
dimwishlist:item=4267192886&perks=1840239774,1561002382,2848615171,557221067
dimwishlist:item=4267192886&perks=1840239774,1561002382,2848615171,2896748467
dimwishlist:item=4267192886&perks=1840239774,1561002382,2848615171,3966416502
dimwishlist:item=4267192886&perks=1840239774,1561002382,2848615171,555281244
dimwishlist:item=4267192886&perks=1840239774,1561002382,2848615171,332733060
dimwishlist:item=4267192886&perks=1840239774,1561002382,169755979,557221067
dimwishlist:item=4267192886&perks=1840239774,1561002382,169755979,2896748467
dimwishlist:item=4267192886&perks=1840239774,1561002382,169755979,3966416502
dimwishlist:item=4267192886&perks=1840239774,1561002382,169755979,555281244
dimwishlist:item=4267192886&perks=1840239774,1561002382,169755979,332733060
dimwishlist:item=4267192886&perks=1840239774,1561002382,3523296417,557221067
dimwishlist:item=4267192886&perks=1840239774,1561002382,3523296417,2896748467
dimwishlist:item=4267192886&perks=1840239774,1561002382,3523296417,3966416502
dimwishlist:item=4267192886&perks=1840239774,1561002382,3523296417,555281244
dimwishlist:item=4267192886&perks=1840239774,1561002382,3523296417,332733060


// Greasy Luck ()
dimwishlist:item=4274165888&perks=580685494,1431678320,1523832109,2396489472
dimwishlist:item=4274165888&perks=580685494,1431678320,1523832109,1782407750
dimwishlist:item=4274165888&perks=580685494,1431678320,1523832109,4293542123
dimwishlist:item=4274165888&perks=580685494,1431678320,3640170453,2396489472
dimwishlist:item=4274165888&perks=580685494,1431678320,3640170453,1782407750
dimwishlist:item=4274165888&perks=580685494,1431678320,3640170453,4293542123
dimwishlist:item=4274165888&perks=580685494,1431678320,3017780555,2396489472
dimwishlist:item=4274165888&perks=580685494,1431678320,3017780555,1782407750
dimwishlist:item=4274165888&perks=580685494,1431678320,3017780555,4293542123
dimwishlist:item=4274165888&perks=580685494,3721627275,1523832109,2396489472
dimwishlist:item=4274165888&perks=580685494,3721627275,1523832109,1782407750
dimwishlist:item=4274165888&perks=580685494,3721627275,1523832109,4293542123
dimwishlist:item=4274165888&perks=580685494,3721627275,3640170453,2396489472
dimwishlist:item=4274165888&perks=580685494,3721627275,3640170453,1782407750
dimwishlist:item=4274165888&perks=580685494,3721627275,3640170453,4293542123
dimwishlist:item=4274165888&perks=580685494,3721627275,3017780555,2396489472
dimwishlist:item=4274165888&perks=580685494,3721627275,3017780555,1782407750
dimwishlist:item=4274165888&perks=580685494,3721627275,3017780555,4293542123


// The Messenger ()
dimwishlist:item=4277548087&perks=839105230,1431678320,2289534249,3891536761
dimwishlist:item=4277548087&perks=839105230,1431678320,2289534249,1202584452
dimwishlist:item=4277548087&perks=839105230,1431678320,2289534249,2138673996
dimwishlist:item=4277548087&perks=839105230,1431678320,3824105627,3891536761
dimwishlist:item=4277548087&perks=839105230,1431678320,3824105627,1202584452
dimwishlist:item=4277548087&perks=839105230,1431678320,3824105627,2138673996
dimwishlist:item=4277548087&perks=839105230,1431678320,1517798362,3891536761
dimwishlist:item=4277548087&perks=839105230,1431678320,1517798362,1202584452
dimwishlist:item=4277548087&perks=839105230,1431678320,1517798362,2138673996
dimwishlist:item=4277548087&perks=839105230,1561002382,2289534249,3891536761
dimwishlist:item=4277548087&perks=839105230,1561002382,2289534249,1202584452
dimwishlist:item=4277548087&perks=839105230,1561002382,2289534249,2138673996
dimwishlist:item=4277548087&perks=839105230,1561002382,3824105627,3891536761
dimwishlist:item=4277548087&perks=839105230,1561002382,3824105627,1202584452
dimwishlist:item=4277548087&perks=839105230,1561002382,3824105627,2138673996
dimwishlist:item=4277548087&perks=839105230,1561002382,1517798362,3891536761
dimwishlist:item=4277548087&perks=839105230,1561002382,1517798362,1202584452
dimwishlist:item=4277548087&perks=839105230,1561002382,1517798362,2138673996
dimwishlist:item=4277548087&perks=1840239774,1431678320,2289534249,3891536761
dimwishlist:item=4277548087&perks=1840239774,1431678320,2289534249,1202584452
dimwishlist:item=4277548087&perks=1840239774,1431678320,2289534249,2138673996
dimwishlist:item=4277548087&perks=1840239774,1431678320,3824105627,3891536761
dimwishlist:item=4277548087&perks=1840239774,1431678320,3824105627,1202584452
dimwishlist:item=4277548087&perks=1840239774,1431678320,3824105627,2138673996
dimwishlist:item=4277548087&perks=1840239774,1431678320,1517798362,3891536761
dimwishlist:item=4277548087&perks=1840239774,1431678320,1517798362,1202584452
dimwishlist:item=4277548087&perks=1840239774,1431678320,1517798362,2138673996
dimwishlist:item=4277548087&perks=1840239774,1561002382,2289534249,3891536761
dimwishlist:item=4277548087&perks=1840239774,1561002382,2289534249,1202584452
dimwishlist:item=4277548087&perks=1840239774,1561002382,2289534249,2138673996
dimwishlist:item=4277548087&perks=1840239774,1561002382,3824105627,3891536761
dimwishlist:item=4277548087&perks=1840239774,1561002382,3824105627,1202584452
dimwishlist:item=4277548087&perks=1840239774,1561002382,3824105627,2138673996
dimwishlist:item=4277548087&perks=1840239774,1561002382,1517798362,3891536761
dimwishlist:item=4277548087&perks=1840239774,1561002382,1517798362,1202584452
dimwishlist:item=4277548087&perks=1840239774,1561002382,1517798362,2138673996
